{"32": [1.0, -0.15632517020307804, -0.09613055320870557, -0.14511237000604435, -0.16913287555406745, 0.2750451930735708, -0.32108522256966626, 0.4589796349998054, 0.049051908167387775, 0.07927192438031735, 0.0072409299216564735, -0.4904933383550052, -0.1523744133101556, -0.606550753961752, -0.06349736601657632, -0.06345804488076226, -0.059294062941507124, 0.07162399553365953, -0.20752406039515256, 0.07241965916885801, -0.29949340051358897, -0.017763765938818656, -0.06262198480042953, 0.3973739051195106, 0.4024931143212735, -0.31096507047120225, -0.030178042585295564, -0.20744546159030583, 0.3616883853262431, -0.18048230278588298, -0.1365902594264253, 0.26347378651668096, -0.20447068499547377, 0.42890366447862666, -0.08738781968456508, 0.1607933148849904, -0.4347097366534867, -0.09341443005570498, 0.6016747184872714, -0.24198822949389492, -0.009832264244907641, -0.5901084357928718, 0.09929090874376875, 0.1035646642449888, -0.6643905479942513, 0.5137019095538317, 0.12321192580984157, 0.26668967257321596, 0.09836872847710042, 0.03535497961748821, 1.2569832118726607], "64": [1.0, 0.1778024071879796, 0.25750605955886974, 0.07203927339933845, 0.22599414551494768, 0.3889334656655996, 0.05801648080735471, 0.14032061510877297, 0.19341073102561657, 0.07498527072582259, 0.04213387384664074, -0.1403470990214961, 0.21500820041491883, 0.18356962857564632, 0.06115203140784416, -0.6147331774748878, -0.3916632370753921, -0.15874790614663292, -0.1358068206472675, -0.46668690935500323, -0.9759260097801112, -0.8920009027091064, -1.024759596886884, -0.8830108106701264, -1.1136878936884773, -1.0507264201541509, -0.5372357232736574, -0.7694613026430057, -1.04003351690022, -0.4067332414767907, -0.04478714525140644, 0.0074856019929383415, 0.0311929555479783, -0.34507316829130597, 0.7686099779790306, 0.8608836276666911, 1.0085602125579378, 0.929510479680684, 0.9446275805394201, 1.663744311045271, 1.640962013780434, 1.8656668484798862, 1.8753300491631324, 2.1482106475912794, 1.3211003508445636, 0.6628444019697965, 0.5226921714534914, 0.6073885715247166, 1.4897236147708746, 0.8083922646833613, -0.4419019164980838], "256": [1.0, 0.08810961692775834, -1.000322142023136, 0.2853987433611198, -0.40110680104230007, -0.12477837805865889, 0.2184606695063967, -0.6652757194854042, -0.10235025785852411, 0.7717673632505326, -0.05538999124594381, 0.08527374414789993, 0.2347958320567863, -0.5134416552943257, -0.3507377809400354, -0.19784127889217687, -0.6590549103368838, -0.28597551601773363, -0.23699701734076195, 0.26404048779116207, 0.2975597031155992, -0.04307468175027468, -0.027015052716783644, -0.29166750943351005, -0.0032782144161411122, 0.21023744338093567, 0.3748172965598042, 1.4799284912035162, 1.513537011199487, 0.25090257877655925, -0.5164851192755054, 0.5251855077658982, -0.1651481164391511, -0.290490810094869, 0.5423304168146171, -0.475809309745192, -1.6450484559975636, -2.0686948551540225, -0.6378512066995232, -0.05990534271959663, -0.2646425133085793, 0.4987258556706146, 0.43019626737729, -0.5151053261072851, -0.8318871411807505, -0.23691242352130287, -0.04601171728393495, 1.3145740252924227, 1.8166286150555988, 0.32457774619514673, 2.47994571502889], "512": [1.0, -0.12009091744190208, 0.024609462667890054, -0.2952761653360272, -0.309761059988824, -0.30330825316252535, 0.7180207510446307, -0.29415071015619, -0.6358393856762178, -1.1626893464967505, -1.3874707627873928, -1.8426472850958744, -1.4152054065644304, -0.5013688916246739, -0.6908015961335805, -0.9584268402963938, -1.415106888784064, -1.1350106335005659, -2.5376204735382433, -0.8797743029850582, -0.5427718169298926, -0.5421589686464912, 0.288710355965721, 1.0277468379733485, 0.9304730792048914, 0.7383937119288179, 1.559520969509862, 0.20843126965471145, 0.36894051435063036, 0.6571430618971157, -0.3318613033440825, 1.007551814970404, 0.033328730383320244, -1.053169616583403, 0.32478580805293394, -0.7852052056090018, -0.6184421700027027, -0.6182000065615005, -2.179708443664387, -1.2552167143678474, -1.2671012284869967, -1.7617944188117438, 0.13467585505225593, 0.4452140025036183, 1.3795108856352385, 1.5150299965658784, 6.523146454946111, 3.035477091435117, 4.2639191243894246, 3.5781951647412558, 1.9725718497187268], "1024": [1.0, 0.673413107305611, 0.66910640765641, 1.1911749024117284, 1.1021119722855384, 1.4978035015123872, 2.2520809278802365, 2.7759824753201245, 2.719333674923412, 2.7133975551955767, 2.6706260063348224, 2.180486214480431, 3.2290659413724137, 3.9412477776690453, 2.7757897763805826, 2.611027214205154, 3.457149229370569, 4.314117888747082, 5.227158527734347, 4.98347121451567, 4.634733355176907, 3.5122006158450687, 3.3386407828611024, 3.914033507547875, 4.053253194828129, 4.553008091307976, 5.942571837765232, 4.906708194825036, 2.884523069731287, 1.9934698155993231, 2.986941337342116, 0.41802926334148005, 0.010767285505479634, -0.938798422122523, -3.4414908791689296, -2.3859288050071634, -3.770783647483416, -6.771172601197675, -8.864417436104555, -7.522100643640313, -6.929210690058196, -6.622548736318476, -6.426866422442534, -7.809538262315114, -10.559955311471768, -12.046341996604303, -13.316322496835305, -11.063525175874513, -10.623553340433533, -8.901188553631759, -10.450219953905247], "4": [1.0, 0.029483116546478064, -0.22370807682782626, -0.25827279463392205, -0.19566772440167535, -0.06920571270091286, 0.01818948725238456, -0.2589137733794483, -0.513203107161327, -0.15970193311650885, 0.13034597680147889, -0.05945898911087456, -0.11831175096255342, -0.19981523588311562, 0.006422861088232368, -0.00927940701528979, 0.15295894060199078, -0.3587918472044804, -0.3983870974065889, 0.03027998038315032, 0.12067454613181053, 0.16947703161556052, -0.24374211046878488, -0.1856083743902919, -0.24150755950298822, 0.5089077366985941, 0.4941792847877154, -0.19865801410475784, 0.008074916383008855, 0.11506306073514626, -0.00926613100436635, 0.2991471165572408, -0.043344783124867566, -0.4249389165035015, -0.5018948957033371, 0.19625737140726143, 0.0017981693612018352, -0.14250081212983565, -0.2957083776086573, 0.34902353461918645, 0.2455014088947562, 0.49758805454528715, 0.23549991833371348, -0.42739496457429105, 0.011778312833637249, 0.5195134729247628, 0.1547391760317775, -0.05296239452654688, -0.13778659074873195, 0.27788717607441704, 1.0061497456173236], "128": [1.0, 0.14145891012968284, 0.06026781191105223, 0.2859976871002088, -0.005618320592788091, -0.5759557997380259, 0.13137883152403687, 0.12921108848712495, -0.11882565504895816, -0.26569017180153953, -0.666382971206675, -0.6250445859570339, -0.523652442561178, -0.08864788094375073, -0.7296463029651754, -0.583993539198302, -0.6338000038957573, -0.36576466340739666, -0.4336851936657112, -0.09933585403610277, 0.2173460155438194, 0.3446020421989936, 0.018840502445985664, 0.28530311880260384, 0.327655373539016, 0.13030960380579726, 0.6317979694509666, 0.0896236185872247, -0.1694149778285984, 0.5916956944089732, 0.4014190679759425, -1.0030436182504066, 0.26509035803165015, 0.771844736078503, -0.13522809480825704, -0.7423195476364683, 0.35440047824387355, -0.47012007768116826, -0.5361930581094333, -0.4349083447235791, -0.41598408366452955, -0.11329562348781365, -0.5606060603803346, -1.0261067023339294, -0.6027797506726696, 0.4315330920441587, 0.8132998841655208, 1.4623370154214268, 1.5414564301461142, 2.1710710031265825, 1.8314981700375779],