{
    "seed": 123456789,
    "n_nodes": 3,
    "lambda": 0.03333333333333333,
    "b": 512,
    "k": 64,
    "avg_wait_ticket": [
        5.84511084320326,
        5.9769656336056185,
        6.134213637146288,
        6.15596628625652,
        6.09221882327755,
        6.03909259035706,
        6.083899097679976,
        6.046206527266919,
        6.003076320325452,
        6.007590665671396,
        5.991623153076829,
        6.010031781961158,
        6.0084252155497095,
        6.016507243525215,
        6.007406503502189,
        5.999544803178852,
        5.982534026130619,
        5.997882277445153,
        6.0062544200861625,
        6.008321295788497,
        5.998580809389708,
        5.985229485504588,
        5.972374139006657,
        5.970790349817728,
        5.983430108616929,
        5.977931640559215,
        5.96404114832636,
        5.9615012174373305,
        5.96308693559107,
        5.955306822784424,
        5.943788148177912,
        5.9420281045031915,
        5.9456672270925095,
        5.94009339705962,
        5.937309801897543,
        5.939018670596648,
        5.930502118679952,
        5.923200668280045,
        5.926182232079172,
        5.926026961279332,
        5.919850241047039,
        5.916930424678048,
        5.914630295080795,
        5.915170183240596,
        5.914918943403146,
        5.91165081167597,
        5.902478433920178,
        5.895478959263757,
        5.895075184599663,
        5.895502933905372,
        5.8925907728569005,
        5.891334338374421,
        5.888283491311022,
        5.8905375640450615,
        5.887854222071398,
        5.884635257738937,
        5.88290695428571,
        5.881058398034661,
        5.881102223326704,
        5.882442773819248,
        5.886381715517539,
        5.883921921741344,
        5.884947227158569,
        5.890899954339523
    ],
    "std_ticket": [
        0.29125129252315946,
        0.058095566226069345,
        0.05805598135660695,
        0.04892804237640445,
        0.028255663889894738,
        0.013904234673550878,
        0.02033011846043683,
        0.0158497303402165,
        0.006971863260241315,
        0.011437833343935434,
        0.008341775940366045,
        0.00976937742216166,
        0.011235070618231901,
        0.004928543145445695,
        0.0086524820838787,
        0.008553097588577028,
        0.00922989452589031,
        0.008496011043610573,
        0.005780431158749463,
        0.004424622093941585,
        0.007931838337372278,
        0.004186531007717165,
        0.004027130065909817,
        0.003292899012724143,
        0.0077867603928718195,
        0.007958794709846163,
        0.0029377157763128413,
        0.003365702849638599,
        0.0025720622891841397,
        0.0028093177759754306,
        0.004299394741314021,
        0.0016461773633895279,
        0.003558795510733032,
        0.002598277075655149,
        0.0024742770151681267,
        0.0014993305505750097,
        0.0030516396829799817,
        0.003152821273456348,
        0.0016095857143523296,
        0.0030224296560366634,
        0.002244465668295393,
        0.0010712622696346145,
        0.00332952167150961,
        0.0021230056702283605,
        0.0020510562346517905,
        0.0030639070466845727,
        0.0019082258016533545,
        0.0016600102623480764,
        0.00186903131133346,
        0.0009114747277759816,
        0.0019246658787968303,
        0.002095640436965644,
        0.001457352599198029,
        0.001995232714816312,
        0.0014211625246621585,
        0.002509842843203658,
        0.0011280998765123159,
        0.0012511128772646708,
        0.001749171264482532,
        0.0009052213541731306,
        0.001925226651634869,
        0.0010352371996480046,
        0.0010682804182948191,
        0.0015729410227426277
    ],
    "w_ticket": [
        0.02531251851094131,
        0.005049059466007567,
        0.005045619162851006,
        0.004252314101776483,
        0.0024556870084791954,
        0.001208410766200265,
        0.001766881428752859,
        0.001377492917385959,
        0.0006059214924053156,
        0.0009940569387186689,
        0.0007249799857552571,
        0.0008490521868471212,
        0.0009764349216514262,
        0.0004283374625406925,
        0.0007519833165937011,
        0.0007433458549184911,
        0.0008021659715795307,
        0.0007383844890351993,
        0.0005023746656692793,
        0.00038454191116734873,
        0.000689352493515766,
        0.00036384952221643434,
        0.00034999605823622166,
        0.0002861843684611713,
        0.0006767438347734012,
        0.0006916952596931169,
        0.00025531555353317496,
        0.0002925117171008968,
        0.00022353677383625905,
        0.00024415654121720347,
        0.0003736584584142271,
        0.00014306853240754835,
        0.00030929331321309634,
        0.0002258150891084738,
        0.00021503829976191318,
        0.0001303061421175734,
        0.00026521662889448497,
        0.0002740102753010356,
        0.00013988836868852796,
        0.0002626779986233453,
        0.00019506549922480358,
        9.31029208326791e-05,
        0.0002893672272234317,
        0.00018450946555787596,
        0.0001782563725531852,
        0.0002662827799428214,
        0.0001658430440220811,
        0.00014427074341892231,
        0.00016243666854077625,
        7.92158576163233e-05,
        0.00016727184371395697,
        0.00018213116547371867,
        0.00012665785729083147,
        0.00017340477561454126,
        0.00012351259423065561,
        0.00021812930984021093,
        9.80426516189211e-05,
        0.00010873365604899698,
        0.00015201968591263855,
        7.867237973608209e-05,
        0.00016732058022846414,
        8.99719982434806e-05,
        9.284376947722396e-05,
        0.0001367035950634476
    ],
    "avg_delay_arcades": [
        8.878829895330524,
        9.391782992724757,
        9.057044423775345,
        8.89559845819551,
        9.123284588414322,
        8.978615353243903,
        9.053950279288324,
        9.258327383249483,
        9.18469661768583,
        9.056807204715822,
        8.956955914218574,
        8.98950714779966,
        8.957142035506667,
        8.908952776184933,
        8.901146294944764,
        8.909512557103259,
        8.846153672648267,
        8.744924774974969,
        8.704108688610674,
        8.63557193396126,
        8.628706175038909,
        8.567990870389872,
        8.553664086018278,
        8.530559577181972,
        8.51753425306548,
        8.4995196712521,
        8.438846749972868,
        8.422835853999002,
        8.483736716290933,
        8.440235876283696,
        8.435102444971921,
        8.425927211132608,
        8.447735362678914,
        8.446532899628982,
        8.432441496111727,
        8.418654206469133,
        8.420687013600508,
        8.38341164796509,
        8.340405966607774,
        8.325505867662352,
        8.316045298462035,
        8.292738143046599,
        8.275672596501032,
        8.27245818417528,
        8.257879474978745,
        8.249517174979232,
        8.209979645333958,
        8.181123450198694,
        8.194261036266303,
        8.187284906366296,
        8.16913586941712,
        8.15062919741501,
        8.17425766659395,
        8.186295706925199,
        8.196679411421677,
        8.209478994798005,
        8.227011733415138,
        8.225748515550473,
        8.225567745510183,
        8.239521015475455,
        8.237740707097469,
        8.224669840381694,
        8.232094895612121,
        8.228717259796758
    ],