{
    "seed": 841744376,
    "n_nodes": 3,
    "lambda": 0.1,
    "b": 1024,
    "k": 64,
    "avg_wait_ticket": [
        7.3414693579175125,
        8.910206402815314,
        8.57293875707898,
        7.940908173154778,
        8.419353666610359,
        7.943633370629972,
        8.356842357294315,
        8.21558350807474,
        8.202522050300626,
        8.344406964883463,
        7.766367705446883,
        8.030613274181997,
        7.037846882488444,
        7.606875266063956,
        8.268217175631708,
        8.456765505695058,
        8.383197887800453,
        8.579017700580732,
        7.944894016586257,
        8.74009423574337,
        8.289899871296091,
        6.953121083047746,
        8.792686962433171,
        7.679780931231669,
        7.867845467259289,
        8.03538372410269,
        7.242810046823728,
        8.71130208085803,
        8.642504486442022,
        8.098456003532048,
        7.524573737970536,
        8.386492405231097,
        9.51709385444215,
        7.56751028230721,
        8.23229857947851,
        9.119689991024568,
        8.131011838471956,
        8.928425169250978,
        8.980710852580009,
        8.043023801061365,
        8.162047502797588,
        7.464087011635285,
        7.997599753466976,
        7.928081167534419,
        7.380468368165375,
        7.75271913915268,
        7.885423816377065,
        7.6533164655071015,
        8.426757506925874,
        9.052661158925533,
        8.388924343222799,
        7.991339180026889,
        7.640637762578014,
        7.469674174882344,
        8.476422341910546,
        9.649046024400992,
        7.884954861670429,
        8.28062346255725,
        8.613554399511072,
        7.620332313495479,
        7.506138963358846,
        8.185181779189318,
        8.045469295541604,
        8.795431442734296
    ],
    "avg_delay_arcades": [
        7.838386325101351,
        7.264084501034585,
        7.380765501241548,
        8.699811039357689,
        7.376484905705186,
        5.3777795762862155,
        8.665313719110227,
        8.094418143635723,
        8.332658204258138,
        7.783764246124886,
        7.292959249122506,
        7.034085507000583,
        7.276375915953664,
        5.959983684165884,
        6.473770099526393,
        7.042728815895619,
        8.343834440332673,
        8.11740686094417,
        7.204410691816345,
        6.565222273445779,
        6.030934763094024,
        7.5506125541988345,
        6.346656934671583,
        6.43196489194387,
        7.6013716288924185,
        9.03402912753294,
        5.3432126958251756,
        7.784959731225527,
        7.776576480319687,
        6.975053255417223,
        7.08949852435691,
        7.279725415955316,
        6.646654054614635,
        8.098454191855682,
        6.9050011767880966,
        6.876131685058962,
        8.028388889609236,
        8.327161029239415,
        7.594562612050869,
        6.719975823310739,
        7.860110218849052,
        5.623242073763996,
        8.44194986546273,
        6.903772766539485,
        6.5174928989036784,
        7.6233158287922125,
        8.315930878099383,
        5.647174627753586,
        9.308651855244772,
        8.202069464407813,
        8.788438198159719,
        7.133108057928809,
        6.8013321090409535,
        5.374817666713594,
        9.89689577061966,
        7.691579309669062,
        5.970720394235596,
        7.262627080830469,
        7.609267066606257,
        7.65994615821707,
        8.470345095223218,
        8.875441651916427,
        7.86028202934505,
        7.3751334894010965
    ],
    "final_wait_ticket": 8.154862416207083,
    "final_std_ticket": 0.5552434691458316,
    "final_w_ticket": 0.14464503759463387,
    "final_delay_arcades": 7.376596105916813,
    "final_std_arcades": 1.0044536225094518,
    "final_w_arcades": 0.26166761081126094,
    "correlation_delay_arcades": [
        -0.11624758364928228,
        0.36425292536353754
    ]
}