{
    "seed": 725267564,
    "n_nodes": 3,
    "lambda": 0.1,
    "b": 8192,
    "k": 64,
    "avg_wait_ticket": [
        7.957837114240217,
        8.082686522994683,
        8.153572822837425,
        8.135966420894412,
        8.132090141566705,
        8.13347941532767,
        8.13981167346982,
        8.137629990568945,
        8.123232321216472,
        8.09770947124022,
        8.092575235727878,
        8.097658529776234,
        8.099310469124129,
        8.117382464914822,
        8.11721106641663,
        8.139702244102454,
        8.142295502145295,
        8.142471556560176,
        8.14200941895418,
        8.136075118134071,
        8.131669395574256,
        8.127156057673092,
        8.133844372174268,
        8.137325952409885,
        8.134559078291442,
        8.136493299372676,
        8.129029048351308,
        8.130031801029475,
        8.12741155890159,
        8.127285387253245,
        8.13250828194467,
        8.128498881963322,
        8.131162885544796,
        8.131976571979308,
        8.130483554076914,
        8.131373552714035,
        8.127988605098063,
        8.133309857608639,
        8.128354735235735,
        8.137103300209384,
        8.145053359467997,
        8.144867837616836,
        8.143364428559925,
        8.146451097901123,
        8.151825573554163,
        8.146188972375523,
        8.144171556763323,
        8.14678955876961,
        8.146422036711783,
        8.146406338130792,
        8.148749930705986,
        8.150440304388649,
        8.152500723656253,
        8.153055384852824,
        8.152761219844441,
        8.153151262624826,
        8.153026160859051,
        8.155689614696993,
        8.156452471689063,
        8.155102822159309,
        8.156858312168886,
        8.159214433766953,
        8.156226690002255,
        8.15485862621423
    ],
    "std_ticket": [
        0.2913510802798903,
        0.05335820817792001,
        0.020238829839574986,
        0.01328076477614317,
        0.014816902992967255,
        0.014837060702258554,
        0.007341719161676532,
        0.005863675616887477,
        0.014241178821879988,
        0.0037378674383819026,
        0.004893052787116338,
        0.00376279749721128,
        0.007852545104197065,
        0.004336070280670672,
        0.0065252275890985735,
        0.0018473355270035696,
        0.0028442614007330724,
        0.002546605463144154,
        0.004073723358501943,
        0.0015017101875649612,
        0.0023725697801993567,
        0.0024933195629349646,
        0.0045228699034698,
        0.003762251872676395,
        0.002943572305222011,
        0.0026285260588918354,
        0.0018545926754118492,
        0.0010862513723406994,
        0.0013386972316826282,
        0.002405064510439402,
        0.0018193006356738463,
        0.001494417141103061,
        0.002855627987193933,
        0.0011021857654916697,
        0.001993770296937429,
        0.0012787762920737063,
        0.002852948559072469,
        0.0017185301480726392,
        0.0009731050915672315,
        0.0048814544682867275,
        0.0009119100107967488,
        0.0016715091351878616,
        0.000764999007825664,
        0.0011498323787299829,
        0.0012052612413266997,
        0.0027702173377749575,
        0.0012280429183401578,
        0.0007520967994069309,
        0.001497762944706506,
        0.0012430221373425459,
        0.0016945892445954425,
        0.002303568061333598,
        0.000982425396474267,
        0.0013844319005706226,
        0.0013002294376305344,
        0.0009932825350502114,
        0.000979885126408556,
        0.0009157511247410719,
        0.001029027300534987,
        0.0008002853471145219,
        0.001004712620916941,
        0.0013798736327316158,
        0.0025365810874090973,
        0.0022246454405643883
    ],
    "w_ticket": [
        0.0063104515984499145,
        0.0011556998167410585,
        0.0004383582720517445,
        0.000287651664890822,
        0.00032092329668461923,
        0.00032135989794484506,
        0.00015901627471113177,
        0.00012700293108174675,
        0.00030845353164302836,
        8.095947860797768e-05,
        0.00010597994952376819,
        8.149944547351379e-05,
        0.00017008039152309498,
        9.391611524955801e-05,
        0.00014133166360776563,
        4.0011938236350584e-05,
        6.160462451494215e-05,
        5.515761431219418e-05,
        8.823387253139935e-05,
        3.252594582599156e-05,
        5.13881285338292e-05,
        5.400348063324268e-05,
        9.796205864249202e-05,
        8.148762764460782e-05,
        6.375562617031164e-05,
        5.693195458196529e-05,
        4.016912277031292e-05,
        2.352741133590679e-05,
        2.899520426489114e-05,
        5.209194065694713e-05,
        3.940472296660088e-05,
        3.2367983766407445e-05,
        6.185081647562393e-05,
        2.387253865320821e-05,
        4.3183608398376576e-05,
        2.769736047871919e-05,
        6.179278201954509e-05,
        3.7222107807087066e-05,
        2.1076745535458492e-05,
        0.0001057287384092347,
        1.975130478234927e-05,
        3.620366701176059e-05,
        1.656931976057363e-05,
        2.490452949525896e-05,
        2.610507817432234e-05,
        6.000088419243883e-05,
        2.659851265888591e-05,
        1.6289867349889887e-05,
        3.244045142871087e-05,
        2.6922951601780316e-05,
        3.670356532400831e-05,
        4.9893601701480014e-05,
        2.127861653227148e-05,
        2.998578378878228e-05,
        2.816201994228051e-05,
        2.1513774223862473e-05,
        2.1223596138040367e-05,
        1.983450050486554e-05,
        2.2287979736582477e-05,
        1.733359609672075e-05,
        2.1761341535295922e-05,
        2.9887055036710415e-05,
        5.494049365549375e-05,
        4.8184195380046544e-05
    ],
    "avg_delay_arcades": [
        7.869654482706346,
        7.415620477211853,
        7.36048248763197,
        7.306181599232099,
        7.307206665752672,
        7.371182073585522,
        7.344358024651262,
        7.410847723698588,
        7.4456859801896185,
        7.427677085557438,
        7.412039101433779,
        7.453592485252401,
        7.431893457094265,
        7.4350661871647885,
        7.440877513825406,
        7.472416161545375,
        7.5053952947207865,
        7.509198315534051,
        7.504547319771353,
        7.528454241276028,
        7.5165238161312695,
        7.508455874203819,
        7.5141843719027595,
        7.508812959220693,
        7.503265178575568,
        7.497344651935985,
        7.478565542213481,
        7.476006879804988,
        7.485612899008797,
        7.496807656846437,
        7.50700278872589,
        7.510173738191497,
        7.490414332664175,
        7.489097044706325,
        7.494108797407863,
        7.486651638850936,
        7.479714787774197,
        7.470975705452076,
        7.465437696355806,
        7.469186038610778,
        7.471205831872403,
        7.471017284437527,
        7.463920110931222,
        7.458212272986918,
        7.459833904816727,
        7.4571674735892515,
        7.453983415741843,
        7.453316375108131,
        7.450691699591151,
        7.448855183389823,
        7.440167220206066,
        7.4406858117532515,
        7.438119830209201,
        7.436632643322186,
        7.437612482551292,
        7.440240162000492,
        7.44427431101818,
        7.451227887443661,
        7.452056173646318,
        7.457982524584172,
        7.461645886538625,
        7.46570305667754,
        7.457408843779813,
        7.458089451452475
    ],