{
    "seed": 1757116804,
    "n_nodes": 3,
    "lambda": 0.1,
    "b": 8192,
    "k": 64,
    "avg_wait_ticket": [
        8.224726637625533,
        8.212150841094017,
        8.258897681122512,
        8.296562209957338,
        8.323267685307826,
        8.264824887766622,
        8.224362284496111,
        8.195725911846777,
        8.18630846762121,
        8.205252463582575,
        8.204974103937976,
        8.20059924824417,
        8.200541817333226,
        8.206699508626233,
        8.209290818969567,
        8.197514361434092,
        8.193718442983917,
        8.18465621838465,
        8.186712756153254,
        8.188882938441639,
        8.189372473464957,
        8.189322325773562,
        8.20109160050486,
        8.212179309770034,
        8.219224771880318,
        8.209937963830393,
        8.20829407653341,
        8.203398533222728,
        8.202584036145618,
        8.20314105449135,
        8.207683830526825,
        8.213753316178474,
        8.213274888858283,
        8.206149999089396,
        8.205994326311718,
        8.200269187421265,
        8.197755701231348,
        8.196364776109515,
        8.192619987000358,
        8.190454811954325,
        8.193680817638311,
        8.192858112686585,
        8.190959986598772,
        8.186095334857278,
        8.180592095085549,
        8.175334108480909,
        8.173113357885438,
        8.17340986423661,
        8.169462479877044,
        8.16860805045591,
        8.172573762938866,
        8.174375326526535,
        8.170659539879193,
        8.166592206550986,
        8.160035287091404,
        8.155384468061072,
        8.154215779110881,
        8.153371505495342,
        8.150809900491602,
        8.149105718309812,
        8.14829584984379,
        8.14812564609761,
        8.149929003659535,
        8.149870139298084
    ],
    "std_ticket": [
        0.35651777629966924,
        0.05510224136339108,
        0.01410755756744412,
        0.0190373460806387,
        0.014020820280944557,
        0.026694338888658933,
        0.01248856096150915,
        0.01343939257937701,
        0.008930747083562349,
        0.004370260760429055,
        0.005380287470353386,
        0.0037556619176639847,
        0.003684477921264919,
        0.0067805499964821835,
        0.004295981597585207,
        0.004801080117121736,
        0.0031791343016694842,
        0.00446817027285702,
        0.002672902886301985,
        0.0017741406584919981,
        0.003368838789334039,
        0.0022377578191540267,
        0.0034453860321225836,
        0.0020345706073985085,
        0.0023707577567598902,
        0.0027098488975889116,
        0.0023751425011271387,
        0.0013315481266337487,
        0.0008675713254805799,
        0.0018362524029818356,
        0.0011044708398873226,
        0.0016581743750903944,
        0.002087321258273854,
        0.0020658763086126223,
        0.002268354517954781,
        0.001970133792245446,
        0.0011914264826743317,
        0.0012595568002362716,
        0.0013169258402208857,
        0.0012085227872190634,
        0.0012995481737626004,
        0.0008968733388361843,
        0.0013757176266330992,
        0.00314345864068428,
        0.001270780643556417,
        0.0027444215116945326,
        0.0010512683781354858,
        0.00229106325371214,
        0.0006113953585483947,
        0.0007099453213856562,
        0.00186512589121024,
        0.0013267857599018832,
        0.0007389634965276556,
        0.0017461301145418827,
        0.001642308187641549,
        0.0006188829327988581,
        0.0009963486831759787,
        0.0008466428689974832,
        0.0010398473428622154,
        0.0007416674142448805,
        0.000704246944754418,
        0.0012409733950411476,
        0.0013111626184324947,
        0.0015675579725410158
    ],
    "w_ticket": [
        0.00772191463702406,
        0.0011934743017109886,
        0.0003055593928678034,
        0.00041233501138695675,
        0.0003036807265944176,
        0.0005781798830046367,
        0.00027049310888494464,
        0.00029108742724843524,
        0.00019343345888636415,
        9.465665606868176e-05,
        0.00011653309689051123,
        8.134489403228749e-05,
        7.98031006624843e-05,
        0.00014686176046632598,
        9.304782365436848e-05,
        0.00010398788866776044,
        6.88577269608355e-05,
        9.67773045955757e-05,
        5.7893124251202456e-05,
        3.8426590845314814e-05,
        7.296658760506541e-05,
        4.8468199923125544e-05,
        7.462454497439406e-05,
        4.40673133227552e-05,
        5.134888142961725e-05,
        5.869334787061708e-05,
        5.144385179003093e-05,
        2.8840359871179445e-05,
        1.879096124300905e-05,
        3.977188586506169e-05,
        2.392203169561867e-05,
        3.591484584764762e-05,
        4.5209853892077326e-05,
        4.47453719456284e-05,
        4.9130902071574846e-05,
        4.2671658970655216e-05,
        2.5805427406705024e-05,
        2.728108032327778e-05,
        2.8523651827473552e-05,
        2.6175720876144872e-05,
        2.8147264264490536e-05,
        1.942562145034392e-05,
        2.979703898012893e-05,
        6.808501820110285e-05,
        2.752418057179006e-05,
        5.9442165440594246e-05,
        2.2769705232710674e-05,
        4.962275670180701e-05,
        1.3242376908059386e-05,
        1.5376897123039007e-05,
        4.03972645311326e-05,
        2.87372104861604e-05,
        1.6005409601980277e-05,
        3.781990292202429e-05,
        3.557119581603735e-05,
        1.3404552297462295e-05,
        2.158018475277743e-05,
        1.8337666161556206e-05,
        2.2522333950521074e-05,
        1.606397448481629e-05,
        1.5253474447253418e-05,
        2.6878577339916413e-05,
        2.8398824652946395e-05,
        3.395216075389692e-05
    ],
    "avg_delay_arcades": [
        7.3314183225067575,
        7.198000111158177,
        7.25670037239945,
        7.36607518913036,
        7.396957704555534,
        7.404177921611359,
        7.399247432102617,
        7.446583198026703,
        7.409887393742346,
        7.39747328723084,
        7.378165826977919,
        7.379762424964746,
        7.362325412406911,
        7.362296567380721,
        7.386791120821892,
        7.4013631665826844,
        7.390702187275014,
        7.369407901954342,
        7.339341716757359,
        7.333227600539207,
        7.3260593031734516,
        7.322665827078114,
        7.333945652801442,
        7.337494187573718,
        7.34621091215482,
        7.343447403644586,
        7.345526104711662,
        7.335211526141059,
        7.339457685470929,
        7.339967251650767,
        7.346104381643836,
        7.345269862917631,
        7.334745115038939,
        7.329375712381014,
        7.338306612806761,
        7.336399075311257,
        7.339474243456393,
        7.3370246361765465,
        7.336929479048297,
        7.33934138504079,
        7.342359871150645,
        7.331433090161356,
        7.334229272177485,
        7.336850734208088,
        7.334836747288022,
        7.334264570705606,
        7.330712430041428,
        7.327622305457055,
        7.3361903410948495,
        7.335921118869413,
        7.334394499620446,
        7.331738262680547,
        7.325686086262751,
        7.321147009879318,
        7.322654598440647,
        7.323926515135609,
        7.3231473966276,
        7.328326671125527,
        7.332763422035722,
        7.331367478398354,
        7.3346513512931075,
        7.338212531293128,
        7.343318396806612,
        7.3563157601849785
    ],