{
    "seed": 238927874,
    "n_nodes": 5,
    "lambda": 0.07142857142857142,
    "b": 256,
    "k": 64,
    "income": [
        3292.0160159063385,
        3335.278323721276,
        3442.5101551726902,
        3322.2340275667802,
        3445.451220146702,
        3378.2807524923087,
        3559.8725947780404,
        3234.1322850090332,
        3337.272446285748,
        3445.0056733931233,
        3331.215962769608,
        3245.8337613672693,
        3483.910903150258,
        3311.3912478828584,
        3459.7715649354946,
        3414.6131937990313,
        3342.9235433870017,
        3249.4874491066894,
        3435.928398344502,
        3185.885643518315,
        3253.5289131114323,
        3357.1426325805623,
        3298.7664371790197,
        3546.986695829609,
        3272.204549961112,
        3300.894558089377,
        3276.6812211439046,
        3142.390286085958,
        3490.4175041211524,
        3307.3303269965,
        3281.225690030639,
        3517.185261713139,
        3246.0204499812116,
        3404.9236777799497,
        3248.671049672398,
        3387.0672773582623,
        3309.6101388481848,
        3323.8496310981322,
        3441.3089598739193,
        3409.4476309032643,
        3386.828356635866,
        3291.2443584868233,
        3289.619896759332,
        3426.2952918153806,
        3315.597421944817,
        3531.701896967502,
        3152.539813057132,
        3251.3480325784267,
        3408.940290913928,
        3182.4154225992047,
        3379.6896863169372,
        3190.0948644458767,
        3406.633854722724,
        3359.622501175494,
        3307.1677296336643,
        3352.199172184418,
        3309.145264795068,
        3389.7668567301466,
        3281.622439375092,
        3464.938434156988,
        3275.737887012031,
        3432.3557129393994,
        3434.155285828639,
        3439.297120450061
    ],
    "avg_wait_system": [
        22.99263079824057,
        21.53888908722658,
        22.89162508434535,
        22.29001106131693,
        20.908152551654183,
        22.582580812860584,
        21.463734487453763,
        22.055673328628075,
        21.500025366397608,
        22.118518229941543,
        21.83256873924367,
        22.287238097329777,
        21.295493117830517,
        20.918780100171404,
        20.83414479130255,
        21.62199636976129,
        22.412957451758587,
        22.728023401746782,
        20.40289382409111,
        22.773595694239532,
        21.90511048881973,
        22.258384150545453,
        21.63906410767919,
        21.307291331544263,
        22.1501010388929,
        21.86102846578217,
        21.301835719474468,
        22.30206569772355,
        21.448883876250818,
        21.93242687018369,
        22.172801662179666,
        22.358095673385208,
        23.013570875244625,
        21.73727976285727,
        21.723458373950052,
        21.315060985599757,
        21.543030489543412,
        20.749297191186315,
        21.58618554963732,
        21.334847629128376,
        22.44293087986955,
        22.177204100113116,
        21.678192676865706,
        21.463531021704398,
        21.009534085990733,
        21.7648637712623,
        24.512465686555743,
        23.083468320695033,
        22.1947887720022,
        22.27415527882897,
        21.27735416348912,
        20.422959238095586,
        21.12459178950985,
        21.66491347185094,
        21.545353079273013,
        21.520468463187854,
        21.996554856195075,
        21.95331245766704,
        21.515587180521038,
        19.632154558128946,
        21.84910504536458,
        21.40469298763901,
        20.672747370823345,
        22.00888250460332
    ],
    "avg_wait_ticket": [
        7.510079091773584,
        6.598037157771605,
        8.545680993692102,
        6.307829834129087,
        6.601352153246639,
        7.589313440126107,
        7.015421809107835,
        6.86217322785059,
        6.848066030222192,
        6.659291087947501,
        6.934531752298749,
        7.065490475370906,
        6.2482004315738155,
        7.086316568133814,
        6.793465004668646,
        6.881707475558591,
        7.608787939615514,
        7.3578368258726785,
        6.625831643338977,
        7.374847490570052,
        6.8908552553044835,
        7.054708721275013,
        6.641955992764042,
        6.762303722308738,
        7.127549706062102,
        6.405308743076894,
        8.05016949470207,
        7.460465360845488,
        6.802146287790799,
        7.046753982105223,
        7.929610553447578,
        7.424855152703525,
        7.531114487821469,
        6.906839077342808,
        6.091037707681229,
        7.082956865766547,
        6.113494341195488,
        5.90128829541765,
        6.900965702057357,
        6.668841154575766,
        8.24651966033593,
        7.568251572757408,
        7.011145103636731,
        6.723568907847696,
        6.601636408346967,
        7.5042042449714685,
        8.133675041851838,
        7.813683668198998,
        7.428945159097618,
        7.005930195351682,
        6.141727146349231,
        5.616913076925026,
        6.797389882252201,
        6.9544956198202454,
        7.142723178173291,
        7.413028604123739,
        7.232697390369871,
        7.03294487215763,
        6.326364090193691,
        5.566413293270626,
        6.146642069150587,
        7.379907753264155,
        6.0931781248915495,
        6.902536069342764
    ],
    "avg_delay_arcades": [
        2.184537574544103,
        1.9743563220018985,
        1.602360697962941,
        2.2532766676794536,
        1.2875858605059496,
        1.9118999879888743,
        1.2625114534379016,
        2.3944766584925206,
        1.8913539205573273,
        1.7370246690368603,
        1.9208977425872789,
        2.1926208457347403,
        1.4772276648787614,
        1.5680437605857076,
        1.0628564694543485,
        1.6631619654885579,
        1.937213554395134,
        2.3911540934087965,
        1.180600502002457,
        2.6298261291789506,
        2.2998589604320374,
        2.0857153636133012,
        1.9322962105949848,
        1.0988592972067055,
        2.1361409797823088,
        2.1414029566508,
        1.4321293840140439,
        2.4860234717711647,
        1.371481907849867,
        1.8156527061901215,
        1.8699552560464188,
        1.3919429718893759,
        2.3364856098477476,
        1.6359983265751428,
        2.3951204064498883,
        1.4980297834839562,
        2.1712412636378167,
        1.8089362405009883,
        1.383858732322344,
        1.688156624661622,
        1.5747182532120854,
        1.7448413685303419,
        2.267968241487106,
        1.5321686227592857,
        1.6235813015195841,
        1.0200717556234715,
        3.13526782602168,
        2.2382953506362777,
        1.6164844166124959,
        2.3599235243014647,
        1.7585926170837065,
        2.099942103200619,
        1.4018007144784073,
        1.8560850145320136,
        1.890978378850831,
        1.5940781620522575,
        2.028559683926496,
        1.7096347041450362,
        2.162817368901988,
        1.1150568811951405,
        2.3351392563933993,
        1.4275331076126876,
        1.493982417026854,
        1.691373821839706
    ],
    "final_wait_ticket": 6.95217291820713,
    "final_std_ticket": 0.5793179957963132,
    "final_w_ticket": 0.15091663015886325,
    "final_delay_arcades": 1.819443943719963,
    "final_std_arcades": 0.4347887195429065,
    "final_w_arcades": 0.11326568285576488,
    "final_income": 3348.9264520708107,
    "final_std_income": 99.0001863101019,
    "final_w_income": 25.790282041011107,
    "final_wait_system": 21.742766801070932,
    "final_std_system": 0.7434122717449919,
    "final_w_system": 0.19366440484259734,