{
    "seed": 539458255,
    "n_nodes": 19,
    "lambda": 0.07142857142857142,
    "b": 256,
    "k": 64,
    "income": [
        1331.3661858419132,
        1204.480454047701,
        1290.5597015865542,
        1105.2300886163698,
        1511.888342050098,
        1537.7426729819076,
        1001.3012369462886,
        1568.3928928856617,
        1338.4181246357202,
        1296.3347971440187,
        1209.0274558096241,
        1436.8339494352529,
        1175.8368067451095,
        1310.472765097906,
        1521.985337241755,
        1145.2940593258397,
        1030.757255374055,
        1449.320921292194,
        1449.898879489377,
        1071.0870103739521,
        1344.3765168103123,
        1039.47475337337,
        1387.186752933387,
        1211.5723876945722,
        1274.652406368086,
        1358.6966612001331,
        1130.3130395202165,
        1236.7103182509707,
        1619.5050630608469,
        1459.845878027291,
        1219.6288541347094,
        1362.0834338142763,
        1218.8217717709238,
        1313.311468358218,
        1271.7326126249666,
        1461.7548632381126,
        1361.0396803667004,
        1044.0316807354673,
        1152.6673434171303,
        1306.6844049971373,
        1313.1811126933396,
        1092.7464514619282,
        1289.5900045301412,
        1340.9411509016732,
        1621.4374394542187,
        1126.3323914295834,
        1314.49697404374,
        1499.6576851741806,
        1376.0512201109893,
        1321.6186886388364,
        1365.8348894084659,
        1387.2385093430862,
        1608.7354375463428,
        1045.3457884252432,
        1326.334789552663,
        1354.224564023477,
        1180.157894151073,
        1136.4825302407312,
        1540.3076962489836,
        1067.0446164159239,
        1445.312502074497,
        1292.1211751921312,
        1551.8547320581285,
        1300.823562106486
    ],
    "avg_wait_system": [
        19.036516513906424,
        19.716048118378566,
        20.982271795692547,
        20.014793672909278,
        20.560177218220964,
        19.77790071804948,
        20.461007214720112,
        19.155175617984142,
        21.317570310761212,
        20.557320942049515,
        20.601146870172244,
        21.37036852638289,
        20.629674116596846,
        19.2114326786934,
        20.886842929707342,
        20.04124147699278,
        20.16328669639779,
        20.246532508241813,
        20.545826294880413,
        21.29245685042764,
        20.538883369244616,
        20.991885373054686,
        20.408454938674595,
        20.881503208384686,
        21.028847855115544,
        20.309621419058317,
        20.202683749274513,
        20.86746163611963,
        21.012928743197165,
        20.481075352858397,
        20.676081777624468,
        20.928816705986833,
        20.750509935966818,
        20.295764491201794,
        20.525540959324758,
        19.91622060786159,
        19.078048625753127,
        20.2182880023945,
        19.20155555839085,
        20.797712089461914,
        18.912541370885492,
        20.307016567034907,
        20.4606047525657,
        20.85364422437283,
        22.24190477947775,
        20.23988714815846,
        19.753071579692687,
        19.857824308348427,
        20.473991072252716,
        20.379244441574656,
        20.459562667172122,
        19.305407448638107,
        19.711362937326044,
        19.150499198334956,
        20.755526438986486,
        21.291297938009848,
        21.762505860657598,
        19.836167569067353,
        20.819129142783027,
        20.358923867380668,
        20.82139555679862,
        19.77888423652155,
        20.684423050623018,
        20.156831942819736
    ],
    "avg_wait_ticket": [
        5.402847482171696,
        6.621383309466756,
        7.947524779168089,
        6.4633583197299735,
        7.401523380990367,
        6.781864866135831,
        6.85399636934072,
        5.763542048246284,
        7.546563577378159,
        7.43457912703163,
        6.968443059661308,
        7.481139715652784,
        7.473190546580016,
        6.674993359403556,
        8.068221233381003,
        6.481046018466082,
        6.4833803314622545,
        6.731870406270935,
        6.525077116876289,
        7.903562419048925,
        7.021012726308232,
        7.536476901917259,
        7.208104440375755,
        7.68537798084624,
        7.625708671476219,
        6.548151969555976,
        6.472321227497773,
        7.586144800494232,
        7.455959848957865,
        6.9027559904827935,
        7.458742913806256,
        6.672050019836766,
        7.223155008469259,
        6.957328987859968,
        7.676856288429844,
        6.55536261025543,
        6.409086695012612,
        7.549496652236726,
        6.3719846622065734,
        6.259925886658883,
        5.911404357308748,
        6.974762261534437,
        6.993136081975951,
        7.65215794633351,
        9.109788628264436,
        6.679468852067827,
        6.54275139817964,
        6.231184213473964,
        7.108950934283094,
        7.000122317245285,
        7.200651384620523,
        5.814143198195098,
        6.4646002164156045,
        5.855233942487822,
        7.408299814497486,
        7.440603541872955,
        8.83818374421008,
        7.376861525531324,
        7.7805818489069924,
        6.608198274961064,
        7.106590697493182,
        6.972926814006359,
        6.984980806534415,
        6.351622936563494
    ],
    "avg_delay_arcades": [
        0.40688644104715677,
        0.32910473724886236,
        0.5039183920948382,
        0.2555498860759304,
        0.3822463483136012,
        0.39081163723399137,
        0.3066017159813952,
        0.3416735172320999,
        0.4760497320472771,
        0.20739603607678633,
        0.437484562126056,
        0.6078674478122383,
        0.2893981121180098,
        0.24650959607352455,
        0.32646515669312565,
        0.43825555173844716,
        0.2108153536301167,
        0.35708018301286854,
        0.3417513925333481,
        0.40281573322521536,
        0.40142457669233644,
        0.49679099189967946,
        0.2116011786748302,
        0.44278701766436973,
        0.34190892867442474,
        0.4136659445147628,
        0.47788357110402546,
        0.2668827799568349,
        0.42904878541995106,
        0.539160607469689,
        0.3037423539907802,
        0.7097295826735809,
        0.3449162883270812,
        0.5465685044694373,
        0.24103796165257532,
        0.3923375161768831,
        0.3385154319719558,
        0.3687335315808983,
        0.20812450471444724,
        0.7132762029271861,
        0.13362834353385022,
        0.3813340275048164,
        0.37073457653655884,
        0.19910618665594262,
        0.5063406668150763,
        0.5300163953556242,
        0.16158105083549776,
        0.08942526001207186,
        0.2177457800339676,
        0.3073788977143528,
        0.23469563262899096,
        0.35572104654505227,
        0.2044669758495366,
        0.3871649524526698,
        0.2521954689692741,
        0.6664901425288,
        0.2255065938160005,
        0.20883472401600672,
        0.6304142701215629,
        0.36278005602089464,
        0.43007591193780254,
        0.36966033509143637,
        0.28596549314986036,
        0.48269320309862696
    ],
    "final_wait_ticket": 7.0359367265929,
    "final_std_ticket": 0.6571029574587552,
    "final_w_ticket": 0.17118018899237747,
    "final_delay_arcades": 0.36575523879380173,
    "final_std_arcades": 0.13911776261473977,
    "final_w_arcades": 0.036241207905509415,
    "final_income": 1312.1092367125236,
    "final_std_income": 162.80268032529256,
    "final_w_income": 42.41130445421627,
    "final_wait_system": 20.405024891145167,
    "final_std_system": 0.6648728149913933,
    "final_w_system": 0.17320429444766952,