{
    "seed": 482548808,
    "n_nodes": 3,
    "lambda": 0.1,
    "b": 1024,
    "k": 64,
    "avg_wait_ticket": [
        8.061475388721794,
        8.38353887730869,
        7.715232883088333,
        8.596400131040024,
        8.924554529816724,
        8.14130426419481,
        7.642837039075218,
        8.274636087236642,
        8.322784711853437,
        7.514463992897445,
        7.536056137378155,
        9.003667297292763,
        7.574666975038503,
        7.936768567858056,
        8.92063081283903,
        8.016169560011775,
        8.311996861654785,
        8.087500373063719,
        7.607958213692275,
        8.058683037395642,
        8.086887418563856,
        7.919795603576791,
        7.903699796210888,
        8.182048844553634,
        8.556683867529953,
        8.044534422481656,
        8.118182451331592,
        8.575526047640185,
        8.758144890856059,
        7.359494546599023,
        7.620636585153019,
        8.524206966160646,
        8.239684251041128,
        7.5930074230166085,
        6.529073161710425,
        8.154617934207058,
        7.907260144997237,
        8.62879749721857,
        8.596229836529997,
        8.289074731964776,
        7.699438907146912,
        8.012346230350374,
        8.057899149121477,
        8.04239885644077,
        8.002838405673959,
        7.435912225019659,
        8.407000662080069,
        8.326155248402157,
        7.951325823877217,
        8.47485343554007,
        8.12143185493736,
        8.144296440153989,
        7.7875577022960725,
        7.919269351735744,
        7.561395553745475,
        7.544955638188863,
        8.22581719291458,
        8.49708225989492,
        8.27672517784711,
        7.816927150404304,
        7.928373442110901,
        7.9380951695640345,
        8.795995389672198,
        8.65570903493769
    ],
    "avg_delay_arcades": [
        8.917464014748617,
        8.34917826683691,
        6.880502388132791,
        6.389794015644095,
        8.735033881085977,
        6.7472026851676405,
        5.948507306347687,
        7.8644568143195555,
        7.3120658799897855,
        7.010753105659458,
        7.823163431998374,
        7.833204249216524,
        6.089685469713395,
        8.984996096592127,
        7.679930165239905,
        6.943050767100471,
        6.283685970350121,
        6.1282859003942916,
        8.069674284962149,
        7.545960290863884,
        6.854809206818595,
        6.606865167546136,
        6.848802556924252,
        8.252442245756598,
        7.492245550697748,
        7.176201592766308,
        7.875723737860626,
        8.40585223547667,
        8.422393750255369,
        7.1188152270550376,
        7.130384002153515,
        7.8069058229340635,
        7.401227830893501,
        8.156947028198033,
        6.207360817067048,
        7.390454698759455,
        6.89752269257126,
        8.347524706596397,
        6.610957296578448,
        7.051005133557463,
        8.00325594526546,
        6.879553310483144,
        7.438285149665894,
        7.5929850962664025,
        7.889109627332516,
        7.936080719333229,
        5.534866936489128,
        9.838531757612332,
        6.097031933555193,
        5.912012434539235,
        8.502710049271256,
        7.354609642996958,
        5.579686347674961,
        8.346129164992059,
        5.775692996248028,
        7.724763810857662,
        6.244323519210286,
        9.43347045462127,
        8.523907553041848,
        6.791051187014343,
        6.837478612426558,
        7.19495345421348,
        8.137939364114033,
        8.180477956076857
    ],
    "final_wait_ticket": 8.084767753078296,
    "final_std_ticket": 0.44637868258687596,
    "final_w_ticket": 0.11628495410049351,
    "final_delay_arcades": 7.380050077046167,
    "final_std_arcades": 0.9452214688646694,
    "final_w_arcades": 0.24623719592688448,
    "correlation_delay_arcades": [
        -0.2624027657311544,
        0.03774538339852851
    ]
}