{
    "seed": 539458255,
    "n_nodes": 19,
    "lambda": 0.022222222222222223,
    "b": 32,
    "k": 64,
    "income": [
        135.17792718682088,
        141.875,
        123.61819079641064,
        141.875,
        131.99391319996496,
        141.875,
        141.875,
        136.8387813325522,
        139.2944755502413,
        141.875,
        138.12533342084038,
        141.875,
        133.99986854327022,
        114.29916129792477,
        140.93554909042032,
        141.875,
        141.875,
        141.875,
        140.56780488008732,
        125.55023925034574,
        141.875,
        141.875,
        141.875,
        132.63210704638377,
        141.875,
        140.85405898778944,
        121.76814568554165,
        141.875,
        141.875,
        141.875,
        132.4177231524679,
        141.875,
        141.875,
        141.875,
        141.875,
        128.05600705809007,
        131.77952259239788,
        134.71013565439927,
        141.875,
        110.37277219158581,
        141.875,
        128.7081547816725,
        141.875,
        135.06116860002084,
        131.30549521118468,
        130.63929837183585,
        141.875,
        135.4481737737691,
        129.9376548102959,
        118.00473202682477,
        131.53767242908413,
        141.875,
        141.875,
        141.875,
        136.23570555322314,
        124.88493596774673,
        141.875,
        141.875,
        141.875,
        141.875,
        141.875,
        141.875,
        135.37171487209974,
        131.42788516129613
    ],
    "avg_wait_system": [
        18.723402109625795,
        18.32781017741138,
        20.65146376598551,
        18.416184438530763,
        21.75727829451273,
        20.103562763109153,
        19.12150489858152,
        18.288982113156294,
        20.155591242466244,
        16.985222480899324,
        20.614462216059337,
        19.831092671073066,
        20.775205231584096,
        20.05126312833727,
        18.813610385323955,
        20.102972137951156,
        19.748374457665022,
        19.292493854708027,
        19.033867403364184,
        18.224577197843246,
        19.924820225937538,
        21.04188838090181,
        17.83523366802683,
        18.909937363891004,
        17.86572478327139,
        19.26014762594673,
        19.905456495349654,
        20.88937576177932,
        18.998219376026555,
        19.801361566742344,
        20.396857349574248,
        20.199098092253962,
        20.064501032411044,
        19.343355389684803,
        17.86902804124543,
        21.32633212915357,
        18.03238097042413,
        20.9128352323321,
        19.774646794879573,
        19.42222602207903,
        19.28889502664515,
        19.59310323197724,
        21.328455748413035,
        19.147930948633075,
        20.033038540734196,
        18.085896663185395,
        18.596535098638014,
        20.702864420046808,
        19.229504679899037,
        20.64541844558744,
        18.60585746217157,
        21.565415976007444,
        18.134762669091742,
        19.899833902427417,
        19.345019861393666,
        19.07573113899616,
        19.336541597851465,
        21.000841356759338,
        19.902562369557472,
        18.692048094311758,
        19.742064324732382,
        18.540268252552778,
        20.265995428949736,
        19.551122632067745
    ],
    "avg_wait_ticket": [
        3.8396014838144765,
        4.65792958174382,
        6.2652163778933145,
        5.102414156325524,
        7.225659767972784,
        6.592338902974136,
        6.371842072792788,
        5.115949310178786,
        5.995370088329655,
        4.726951605390544,
        5.915767375032131,
        5.0896675823211766,
        5.63618167143419,
        6.126203954628484,
        5.8262093026548785,
        6.319577917623166,
        5.5716360613633125,
        5.095004735342567,
        6.933417497631086,
        4.014100083016383,
        6.30194736461417,
        7.137918407006072,
        5.406388054709602,
        4.81516925474884,
        4.756700679335489,
        6.847574360940295,
        6.571016881406,
        6.568070962950879,
        5.21092260193282,
        5.813979871043703,
        5.096170512610923,
        5.4352809144596295,
        6.710274674199172,
        6.178552848433285,
        4.639486033584399,
        6.1001498839450505,
        4.979097790130089,
        6.166402779201423,
        5.610755437926855,
        5.695603528251013,
        6.06892690456943,
        5.869835921180614,
        7.610304546807634,
        5.772835506838769,
        5.55123141078162,
        5.7023664123201,
        4.643788185280838,
        6.711526957685107,
        4.9474054559317056,
        5.210229145624275,
        4.783125579407206,
        7.103170362422976,
        5.0148093378350795,
        6.113171509612025,
        5.1257555632316025,
        5.299653550412283,
        5.116861165814278,
        6.105934692455776,
        5.513696072086459,
        3.773483001735359,
        5.573128214868183,
        4.40532762734651,
        6.021190147154913,
        5.947961760002027
    ],
    "avg_delay_arcades": [
        0.10464176270592393,
        0.0,
        0.2852626438060836,
        0.0,
        0.15439198125054723,
        0.0,
        0.0,
        0.0786909166788718,
        0.04032069452748003,
        0.0,
        0.05858854029936897,
        0.0,
        0.12304892901140288,
        0.4308724797199255,
        0.014678920462182233,
        0.0,
        0.0,
        0.0,
        0.020424923748635738,
        0.25507438671334776,
        0.0,
        0.0,
        0.0,
        0.1444202024002535,
        0.0,
        0.015952203315789934,
        0.31416959866341165,
        0.0,
        0.0,
        0.0,
        0.14776995074268934,
        0.0,
        0.0,
        0.0,
        0.0,
        0.21592176471734237,
        0.15774183449378287,
        0.11195100540001142,
        0.0,
        0.4922223095064718,
        0.0,
        0.20573195653636694,
        0.0,
        0.10646611562467449,
        0.1651485123252394,
        0.17555783794006474,
        0.0,
        0.10041915978485792,
        0.18652101858912684,
        0.3729729370808631,
        0.16152074329556057,
        0.0,
        0.0,
        0.0,
        0.08811397573088853,
        0.2654697505039573,
        0.0,
        0.0,
        0.0,
        0.0,
        0.0,
        0.0,
        0.10161383012344136,
        0.1632361693547481
    ],
    "final_wait_ticket": 5.709717663358674,
    "final_std_ticket": 0.80795280634821,
    "final_w_ticket": 0.21047769229723703,
    "final_delay_arcades": 0.08115021080902171,
    "final_std_arcades": 0.1172756656820126,
    "final_w_arcades": 0.030551179823161682,
    "final_income": 136.68138650822266,
    "final_std_income": 7.505642603648806,
    "final_w_income": 1.9552755086823477,
    "final_wait_system": 19.58305324415293,
    "final_std_system": 1.0381701481475103,
    "final_w_system": 0.27045101555077083,
    "correlation_delay_arcades": [
        1.0,
        -0.3236580870300867,
        0.15108552370518882,
        -0.25193717600300064,
        -0.0800319594308124,
        -0.007652656195750188,
        0.08237548888620404,
        -0.02795450581773215,
        -0.09316544480172907,
        0.1387585651035211
    ]
}