{
    "seed": 539458255,
    "n_nodes": 19,
    "lambda": 0.2,
    "b": 256,
    "k": 64,
    "income": [
        3589.5981092790926,
        3556.7083725484777,
        3401.4987373906024,
        3614.4688282913853,
        3514.541829110944,
        3497.7359982472426,
        3523.6028540312695,
        3482.932228188814,
        3477.559082013171,
        3514.795789455486,
        3446.7662065957775,
        3437.7544059650654,
        3342.1165915120146,
        3234.427552066536,
        3333.2608405199953,
        3320.182436596109,
        3255.6240310134244,
        3158.3781557287903,
        3193.45149350679,
        3160.0837559315837,
        3189.1003655234263,
        3145.995362442476,
        3130.7550596668616,
        3005.288224323064,
        3041.488566002497,
        2934.8644716424615,
        2933.7154780345063,
        2957.012492561543,
        2997.500468297244,
        2916.9100282266745,
        2897.6321776708246,
        2840.7759780304364,
        2852.9002984879044,
        2716.9938353490406,
        2756.6804286063025,
        2789.667780025343,
        2715.0373900071045,
        2783.486267733423,
        2531.3448899712685,
        2686.6421575237555,
        2816.4713426701683,
        2614.497802048722,
        2577.4367341620627,
        2583.780154812035,
        2315.4639241882433,
        2391.5756686120235,
        2451.3625703202442,
        2506.666104858752,
        2580.2258004314126,
        2493.5143490998844,
        2396.6099173833586,
        2202.5852111581908,
        2494.4807143112876,
        2315.5882810699186,
        2371.552440252629,
        2096.662705341505,
        2281.0335787659933,
        2332.7859801864197,
        2223.932923503291,
        2180.1459840213056,
        2133.6276590375096,
        2185.674581807886,
        2209.9030320159386,
        2168.0619230944185
    ],
    "avg_wait_system": [
        27.63920202303413,
        31.429429714751272,
        40.00763062417071,
        29.184418943885106,
        35.20348180491587,
        33.1158828496734,
        25.96583294804232,
        40.64534968603617,
        36.39538210320315,
        35.87792531926917,
        34.241948626405645,
        31.530806179258207,
        29.776036126480335,
        35.33629389610694,
        32.097093520732116,
        31.78820949632899,
        24.367240065032775,
        45.68095232288405,
        32.86998602356448,
        37.60009802960698,
        41.11320479485545,
        26.621191176475463,
        33.78747922760982,
        46.02110404532843,
        46.84614020962735,
        39.00534521877921,
        30.523595571604176,
        29.765084356665312,
        40.77567205827438,
        45.790519842587685,
        40.80123426127463,
        51.504939925632755,
        26.9859547281998,
        32.67627499493983,
        32.19085099362243,
        32.36512970751815,
        66.72246403630243,
        34.185526297764966,
        32.31653869825817,
        31.795741317105865,
        27.137891387178996,
        26.16599172363209,
        48.376641652472074,
        52.00698607521508,
        60.68126937673526,
        40.01007318836338,
        26.784597673443386,
        28.993064130842072,
        31.28668257078766,
        30.196243555647357,
        29.940054561308955,
        39.52576176670743,
        28.5287569233451,
        23.94130110998111,
        37.03950937643157,
        43.4996053858668,
        36.66819508233732,
        33.086311450277854,
        51.76810311860618,
        43.631032749873555,
        54.47392867533881,
        39.53279856135231,
        30.60655718362682,
        36.11349158811129
    ],
    "avg_wait_ticket": [
        14.90439475674263,
        21.745614359789375,
        31.04852996521703,
        17.80014066609606,
        25.528606234317092,
        22.499994972737902,
        13.584759689369573,
        30.77034985430317,
        26.940570122314135,
        26.298314606061634,
        23.303691634280995,
        20.279385193767574,
        18.132450710085738,
        26.114331020761234,
        21.475609958698566,
        19.87443787678106,
        12.138567412748555,
        36.67055656458212,
        21.10028710393492,
        26.764766437689744,
        33.538554292088484,
        13.47194391561108,
        23.124684250812386,
        37.346952682434356,
        39.08514879623938,
        28.08515081430124,
        17.904596020881698,
        18.260412146082743,
        30.77687104204957,
        37.00630888337309,
        31.99265826606602,
        42.826522275731485,
        13.95540154481426,
        20.872924148425373,
        21.954931656078916,
        20.634655774991966,
        66.28632117036734,
        24.976902775377063,
        21.455352439501016,
        19.37501507469339,
        15.123319710429266,
        14.142786653816824,
        41.50819083898923,
        45.34531420343502,
        56.755097106351506,
        28.748195715346487,
        14.24223635679771,
        16.449984778108732,
        19.787581022629126,
        19.05682168624227,
        17.20287389088163,
        29.506768966478656,
        17.561253546557865,
        11.708681486823629,
        25.620855119254113,
        33.46171225563732,
        28.027627858497894,
        23.41136115291693,
        47.97203729523843,
        35.77621141920852,
        50.43316478745806,
        29.830450194864493,
        19.010580700555366,
        23.356224914375694
    ],
    "avg_delay_arcades": [
        1.151063779617986,
        0.9551322372380482,
        1.6919771837050666,
        1.0506208099669987,
        0.9650030073990109,
        1.4717061877997561,
        0.9119739733933127,
        1.0798025536759213,
        0.7554782042530201,
        0.9195714896226591,
        0.8955372905359815,
        1.2028246474184545,
        1.1673250110002793,
        1.037705671725668,
        0.984103019939486,
        0.9987130311038435,
        0.9479943949680492,
        1.4632924208708011,
        1.328619029450132,
        1.0629173059002213,
        1.0364250642697772,
        1.2665695669906138,
        0.8374493960851299,
        1.1821658627447937,
        0.9607366572532171,
        1.5201946976085186,
        1.3274930942120964,
        1.0140793060430227,
        0.9360660569502649,
        1.3734502129501962,
        0.9636482804800525,
        1.2829354139472857,
        1.1771173627002007,
        1.6468106827729467,
        1.0277565569885068,
        1.3595991076410374,
        1.1544342628053317,
        0.6120083826824317,
        1.2717033414556171,
        1.3108488765155375,
        0.6416682654819437,
        1.1845336197908312,
        1.165143540930737,
        1.0973997202694055,
        2.008814508493418,
        1.5101815015256437,
        1.2500895521093234,
        1.2469795370801986,
        0.8548817747303238,
        0.7635818076432773,
        1.3534885067479479,
        1.585318796377176,
        0.8153968733477818,
        0.861543663929679,
        0.9341595800797095,
        1.9349818048520324,
        0.8246065468685947,
        0.7618482481331774,
        0.9456994805806809,
        1.118569557563939,
        1.3858844596604996,
        0.8614460292780831,
        0.7860892370976597,
        1.0177351452299817
    ],
    "final_wait_ticket": 26.6407886503875,
    "final_std_ticket": 11.272453325754876,
    "final_w_ticket": 2.936557610656609,
    "final_delay_arcades": 1.1227350196659205,
    "final_std_arcades": 0.2872473506168869,
    "final_w_arcades": 0.07483006309440444,
    "final_income": 2810.6774058960386,
    "final_std_income": 438.10816872207675,
    "final_w_income": 114.13042396123559,
    "final_wait_system": 36.73802265545749,
    "final_std_system": 8.960385090666238,
    "final_w_system": 2.334246704955674,