{
    "seed": 60146203,
    "n_nodes": 3,
    "lambda": 0.1,
    "b": 1024,
    "k": 64,
    "avg_wait_ticket": [
        7.883394639071838,
        8.358145804570167,
        8.025089773442254,
        8.694280993557275,
        7.581600851972467,
        7.966373550606112,
        8.572884754342171,
        7.281373449176689,
        7.963483939564949,
        8.123672650348569,
        8.00509187402336,
        8.671991648587822,
        8.186080475799859,
        7.209931136246952,
        8.66526254475399,
        8.348320523696078,
        8.83266915571415,
        7.832768847130154,
        8.065684939258642,
        8.036049015316367,
        8.219866892430415,
        9.101031905665458,
        8.470255953140839,
        7.968221860275501,
        8.072543876657612,
        8.239972096843045,
        8.046967906024886,
        7.522953064670628,
        8.377404126775145,
        7.780327338562476,
        8.707169381247201,
        7.814717348952237,
        8.709894725104101,
        7.945727814570361,
        7.6729936847323525,
        7.6462220158789655,
        8.521275362469998,
        8.222229408254979,
        7.959196708922162,
        7.865348512973068,
        7.747377329524919,
        8.069374910780255,
        8.494495744910662,
        7.480718251137606,
        8.228292998117627,
        9.09513353765978,
        8.278217738772325,
        8.656557652690157,
        7.789255178325116,
        7.871411400104954,
        9.201164983091882,
        7.321601647335531,
        7.662741976101218,
        7.962218235482249,
        9.002237502117108,
        7.649557851261089,
        8.681731249487571,
        8.627960147123689,
        7.951765507416217,
        7.535791537963734,
        7.89360545094822,
        8.971762810637713,
        8.493958512119002,
        8.24282213117028
    ],
    "avg_delay_arcades": [
        7.409891299136052,
        7.268279732036202,
        7.729625086824714,
        6.618685711610027,
        6.1974229189967565,
        6.375715502925652,
        6.645057061302737,
        6.432467771530415,
        6.140667452396863,
        7.370972106240643,
        6.980659177888488,
        6.7265177983306,
        7.846610654432364,
        6.0923266988946105,
        6.363083120281078,
        6.01168654140267,
        7.261296907908928,
        8.819405250161013,
        8.240168238951602,
        7.614209529917672,
        7.7566286642034585,
        7.952204352097097,
        9.672057640270515,
        8.06939789430036,
        6.249643622619531,
        7.777094594935463,
        6.864839137195115,
        7.976238843301057,
        8.747820389137662,
        7.807695540077744,
        6.695935451877262,
        6.848865967416766,
        6.584695795507478,
        7.111101289767784,
        5.970911477634399,
        7.237630256036503,
        7.259428628631345,
        7.569230498802373,
        6.9462163261590675,
        6.491995980941805,
        6.193100421568936,
        7.44646290914005,
        8.150390508897535,
        7.333396575818117,
        7.770256204495904,
        7.414042420127072,
        7.28801965930609,
        7.059063144575215,
        6.4116331161574065,
        6.578322394507715,
        6.523272523762878,
        6.494197560460626,
        5.683249808366772,
        6.86962005692924,
        8.500554495893546,
        6.043517771941409,
        7.449225700803924,
        7.805143881846089,
        6.303062188841895,
        7.611810915068598,
        7.645427344765236,
        8.392968891982644,
        7.2043943301147655,
        7.075101826079785
    ],
    "final_wait_ticket": 8.15195522708281,
    "final_std_ticket": 0.4786691079578339,
    "final_w_ticket": 0.12469684915423293,
    "final_delay_arcades": 7.165902228898773,
    "final_std_arcades": 0.8218383430167069,
    "final_w_arcades": 0.2140949774794044,
    "correlation_delay_arcades": [
        0.31712298748540657,
        0.011327991765978403
    ]
}