{
    "seed": 1865511657,
    "n_nodes": 5,
    "lambda": 0.07142857142857142,
    "b": 256,
    "k": 64,
    "income": [
        3433.792239283995,
        3346.3432308567862,
        3340.7467118915233,
        3293.0803479724727,
        3349.4421122752706,
        3395.871855057281,
        3414.2472681978397,
        3402.6474371245786,
        3202.6487234001497,
        3269.6688495251856,
        3355.3750732449666,
        3251.6658773406716,
        3306.123896905241,
        3215.6298089073966,
        3345.8336229560105,
        3410.950744008347,
        3408.647250858561,
        3424.3014597957063,
        3422.823091251328,
        3349.3137093515215,
        3403.8429945572275,
        3425.5103902410196,
        3308.5802463997693,
        3407.95757598586,
        3257.668347215511,
        3246.1044215956704,
        3420.525517658983,
        3120.700410784152,
        3287.6163718654625,
        3418.262065902242,
        3157.186377015507,
        3405.017601261766,
        3415.0864069556656,
        3445.5224248562154,
        3355.2141651050733,
        3419.1712867418196,
        3365.756888406937,
        3201.1943834620406,
        3413.3226084446455,
        3447.2976180100522,
        3169.453888646399,
        3288.4934180450364,
        3338.5431679163753,
        3401.262363885812,
        3317.7596597781467,
        3288.6841459757748,
        3513.2982951712643,
        3259.8857110850763,
        3271.583143922072,
        3520.5858742002333,
        3428.62377014095,
        3491.324552569567,
        3326.2359144860384,
        3301.1059893103347,
        3384.318166665413,
        3359.989534384088,
        3122.5712895040515,
        3396.836159326883,
        3560.2157416156338,
        3278.819048830919,
        3343.334835725519,
        3354.109902601881,
        3231.9467671610655,
        3115.3186961929314
    ],
    "avg_wait_system": [
        21.55961714023492,
        22.55279033196031,
        21.189502258633354,
        23.260176234095297,
        21.358614695134776,
        21.491225512925496,
        20.838878696125306,
        21.28610605679961,
        22.444689457676418,
        22.53712488602355,
        23.42790455701669,
        21.728826657852267,
        21.491984961175262,
        22.34270487406451,
        20.75378144835463,
        22.781455459661572,
        21.145976473741314,
        22.245236184989153,
        20.791226776260316,
        21.01661059087445,
        21.078593052648728,
        21.760285217103615,
        21.590060088797657,
        22.836809771533865,
        21.11172766225974,
        22.73406311048575,
        21.576991220007756,
        23.29556020923968,
        22.361717824492132,
        21.798810114707294,
        22.688890081285876,
        22.037876646234338,
        22.27935970821335,
        20.927195710820115,
        21.35466436631566,
        21.69973261718144,
        21.56210377538366,
        22.807159219579944,
        20.653493431305378,
        21.73071470792877,
        22.884769224051297,
        22.624764693013276,
        20.310519502487296,
        20.842848346404026,
        20.384074630161763,
        21.975972311201645,
        20.904288410943423,
        22.058634853353624,
        22.6536255040927,
        21.805600479105806,
        22.555833747681618,
        21.215336775127525,
        20.85296210246304,
        22.08689999071271,
        22.101650199385972,
        21.531418079686205,
        23.636785893915317,
        21.17352230280892,
        20.03808859839205,
        22.67871172123637,
        21.400767046235615,
        21.0526085835495,
        20.934964316778178,
        22.028654566633463
    ],
    "avg_wait_ticket": [
        6.285553595093253,
        7.3265785642899575,
        6.092213082682921,
        9.00493574917977,
        7.414004421269304,
        5.626540090258666,
        6.294610432248968,
        7.242398048077783,
        8.259917534209146,
        7.268119635794627,
        7.903776246230249,
        6.53166480275364,
        6.4575769635058995,
        7.119086750708543,
        6.597914787220883,
        8.043931161073479,
        7.060735305839262,
        7.223174057454716,
        6.8314792368510995,
        6.2122499845219545,
        6.2574568499048056,
        6.600850140400948,
        6.3254561606426245,
        7.873327861231009,
        6.632268545718652,
        7.795973213665503,
        7.493142418574907,
        7.447251473300178,
        7.004915034090512,
        6.637846463453528,
        7.233284070627409,
        7.151405898923847,
        7.766782310073138,
        6.787355394686242,
        6.360404563873335,
        6.454077490125273,
        6.5094672085467895,
        8.124721070439888,
        6.838708073817051,
        7.337577836561489,
        6.933500165980409,
        8.051722357194226,
        6.125028936587769,
        6.2567471804830435,
        6.828437776870673,
        6.92977010208921,
        6.738383468074963,
        7.026734342144032,
        7.981801812948546,
        6.778636244451489,
        8.045505833001185,
        6.953943291963595,
        5.402494849574806,
        7.496864405513339,
        7.079140563574079,
        5.780436909752123,
        7.72473937888598,
        6.789969231214388,
        5.8027164032798035,
        7.17997838252565,
        6.224003464224723,
        6.380179573856511,
        6.609149505286346,
        6.639619545790771
    ],
    "avg_delay_arcades": [
        1.7177972514368236,
        1.9935004958542595,
        1.947789253968308,
        1.6595982601376362,
        1.6830715789740798,
        2.0434673568700887,
        1.5158669844007826,
        1.2678639481425853,
        2.036910175396738,
        2.2931068039262237,
        2.0941996484241603,
        2.1639383081606307,
        1.9700054029131047,
        2.1952240880624965,
        1.5495853407139975,
        1.6067170331578275,
        1.4678501998764353,
        1.690113446767682,
        1.2453180678946763,
        1.6083273612270563,
        1.5666195387452313,
        1.6842872759468943,
        2.1762246141946644,
        1.7688791518753735,
        1.760661018164798,
        2.191289729857359,
        1.3334810606935257,
        2.8782020696286414,
        2.1335786738270106,
        1.6455061327310876,
        2.6285915884483275,
        1.6355420181614597,
        1.5866247435352294,
        1.2872371027450682,
        1.7295632729547432,
        1.9325176821818109,
        1.6779254445374523,
        2.3397808224096748,
        1.1369828625162883,
        1.5050115257578107,
        2.6394095249972294,
        2.129300399780309,
        1.5857363574394614,
        1.504021074844999,
        1.2232559672297623,
        2.128370019630366,
        1.185653410461625,
        1.9757733334624312,
        1.9921820053230994,
        1.3756850635845412,
        1.7426059033234391,
        1.367110590026184,
        1.945190661043716,
        1.8463901762452586,
        1.66186260163213,
        2.0720502349563765,
        2.7988297237505675,
        1.6752899142013793,
        1.0351048596836931,
        2.3202304088826504,
        1.9352153729934305,
        1.6601152331055036,
        1.8137137790198383,
        2.475387299449718
    ],
    "final_wait_ticket": 6.941315921032383,
    "final_std_ticket": 0.663030964031736,
    "final_w_ticket": 0.1727244786261288,
    "final_delay_arcades": 1.818642599814812,
    "final_std_arcades": 0.41428891942243595,
    "final_w_arcades": 0.10792533303828843,
    "final_income": 3341.850481996787,
    "final_std_income": 100.06879099593974,
    "final_w_income": 26.068661479124266,
    "final_wait_system": 21.755024295060352,
    "final_std_system": 0.8186747356682376,
    "final_w_system": 0.21327083432548677,