{
    "seed": 539458255,
    "n_nodes": 4,
    "lambda": 0.022222222222222223,
    "b": 512,
    "k": 64,
    "income": [
        3808.7272484679374,
        3837.9058231418253,
        3688.7002991945487,
        3799.6117716468484,
        3782.5471296109504,
        3766.134183901322,
        3549.045780602168,
        3956.0768579832006,
        3798.401309211377,
        3845.5387003090445,
        3814.228911313462,
        3558.370787356373,
        3725.2106998008403,
        3895.5058856725695,
        3530.2480204052126,
        3903.648788704866,
        3707.2478510666333,
        3711.6487965627957,
        3563.1599138399447,
        3707.889608742386,
        3861.480665605228,
        3849.180248613472,
        3752.6633346925355,
        3801.64017580996,
        3695.355475321225,
        3650.057536403043,
        3834.5777465817982,
        3744.702214607586,
        3849.6477083052473,
        3474.762022311768,
        3790.0657873792197,
        3810.269151634198,
        3593.0245379931566,
        3425.549633367432,
        3795.343566574875,
        3681.0903530805435,
        3824.924691323389,
        3664.1585270043815,
        3650.2490030665867,
        3709.632627157046,
        3898.457139793143,
        3741.3468615831425,
        3654.5279731898727,
        3813.365039894232,
        3789.978633755024,
        3482.742796440605,
        3615.1847426612776,
        3682.5295425692375,
        3737.0155558682923,
        3837.432322711795,
        3638.032847875332,
        3579.8793498689265,
        3525.0793311284583,
        3911.0123403717803,
        3779.607371259868,
        3785.6960443047064,
        3593.428977777561,
        3718.2355873390557,
        3887.973484985247,
        3828.788139978039,
        3601.3709976111477,
        3763.662265269191,
        3738.5789638941856,
        3573.792135171546
    ],
    "avg_wait_system": [
        18.6820315815261,
        19.433963523666037,
        19.419062339919563,
        19.14259587086346,
        20.083728154232205,
        19.60974569523688,
        19.443164832530556,
        19.16906315595378,
        19.16306019359763,
        19.65111200619009,
        19.592984696361214,
        19.94189262699956,
        19.391105704257143,
        19.42090028178859,
        20.076768070364892,
        19.18377892682622,
        19.740680133403202,
        19.56746311309587,
        19.54712617962548,
        19.00202342229545,
        19.211982336240908,
        19.83183379564548,
        19.30471501786178,
        18.802166043810075,
        19.53695197798993,
        19.320815293123133,
        18.619249659355773,
        19.624983735935302,
        19.397546265566916,
        19.789516244296465,
        19.290323659484784,
        19.433996631774335,
        19.28014906394037,
        19.768027046405223,
        19.442680742693938,
        19.795629836135504,
        19.783193323691876,
        19.431160385648354,
        19.644426249082926,
        19.11992991957686,
        19.503490233164484,
        19.393925938054736,
        19.290092960939774,
        19.339083681799593,
        19.688243357614056,
        20.101298166915285,
        19.989103692084882,
        19.67455959540621,
        19.603528593573174,
        19.26732125793069,
        19.73418940810552,
        19.384603465991404,
        19.03894624442637,
        18.981151997633788,
        19.505839007432314,
        18.66406391160035,
        19.582631652681304,
        19.229069247625375,
        19.292844414156207,
        19.72653261407504,
        19.557189549865598,
        19.558017053289404,
        19.862041595198207,
        19.556798031812377
    ],
    "avg_wait_ticket": [
        5.240260054171836,
        6.089678163995437,
        5.546988313120444,
        5.139655764292487,
        6.109992751042271,
        5.458000067564486,
        5.950044638654403,
        5.724707925116138,
        5.541633695241425,
        5.682291455324531,
        5.697773579261146,
        5.962430816542869,
        5.741052614965345,
        5.698050887426062,
        5.99770096544015,
        5.673862099788469,
        5.741069583795295,
        5.642318334123281,
        5.794539554259525,
        5.1873394935425265,
        5.357409249309971,
        6.070508129998507,
        5.578052017590906,
        5.109370411014114,
        5.57241543909706,
        5.694833742193423,
        5.065165050906637,
        5.803724837470631,
        6.042512592915597,
        6.142153008825063,
        5.377325268145815,
        5.440077020628366,
        5.512505441372852,
        5.3482603681492105,
        5.6011410814213365,
        5.366350825496951,
        5.45632222859854,
        5.482349100390917,
        5.489732376743543,
        5.441144439618092,
        5.680093734563295,
        5.43219786582988,
        5.689846210498923,
        5.448356608057041,
        5.980373337669321,
        5.836313061155792,
        6.042127452064461,
        5.736442969296477,
        5.566988993382238,
        5.6337629942838054,
        5.413109540565119,
        5.476441143109625,
        5.0738096233267616,
        5.575462946287007,
        5.359863824052669,
        4.903729263059341,
        5.630408353357475,
        5.37745857247136,
        5.456721018761746,
        5.988957638865586,
        5.3196587226962,
        5.553730814412679,
        5.627824084690378,
        5.819041604913559
    ],
    "avg_delay_arcades": [
        0.4549203624041883,
        0.48074763427512684,
        0.6504053760704375,
        0.5106002330134201,
        0.5821097483760582,
        0.6163311406613229,
        0.731434382096535,
        0.4164216720490941,
        0.5118353987639013,
        0.5095568683747025,
        0.5501724684340098,
        0.7567645026975783,
        0.577494171982781,
        0.4033682150587224,
        0.8280323026209975,
        0.4324048796096691,
        0.622715598509519,
        0.6359829994303688,
        0.6992149650413795,
        0.5771153914349221,
        0.48433131011616637,
        0.4692665492734499,
        0.5219513017566509,
        0.5358618906592695,
        0.6700045611681198,
        0.6454328520460626,
        0.47492066675326705,
        0.5756596592590776,
        0.45954315479056385,
        0.8164660961891498,
        0.5655901137583639,
        0.5541641616590747,
        0.6683630805855818,
        0.9582835006351083,
        0.5057836742588194,
        0.7359657837843191,
        0.6014665096188974,
        0.6665055619874172,
        0.7154747952957797,
        0.5934226716185622,
        0.4376702436175018,
        0.5790765156994475,
        0.6229136078293489,
        0.5148729269367565,
        0.5476890124188396,
        0.8926128808444616,
        0.6811631735027893,
        0.6566637499297795,
        0.6103081418337123,
        0.4995615388318508,
        0.710493068952093,
        0.7348169899296669,
        0.782127473283785,
        0.378061126668258,
        0.5939563669417828,
        0.5156482164573551,
        0.7122403090208984,
        0.5482107347020043,
        0.512026515014753,
        0.5264766262848091,
        0.7647469782145686,
        0.583337788189078,
        0.6527264890839822,
        0.7323188801926936
    ],
    "final_wait_ticket": 5.602948024489106,
    "final_std_ticket": 0.270510680717845,
    "final_w_ticket": 0.07047003658120639,
    "final_delay_arcades": 0.6076521992455912,
    "final_std_arcades": 0.12167326182721,
    "final_w_arcades": 0.03169678620143505,
    "final_income": 3724.1832779536244,
    "final_std_income": 122.86373590584655,
    "final_w_income": 32.00691351932088,
    "final_wait_system": 19.475640668206573,
    "final_std_system": 0.32041589651981545,
    "final_w_system": 0.08347071505284892,