{
    "seed": 258621233,
    "n_nodes": 3,
    "lambda": 0.1,
    "b": 1024,
    "k": 64,
    "avg_wait_ticket": [
        8.24812187327033,
        7.882812014463487,
        7.234184506624265,
        7.931978923736013,
        8.475938770451508,
        8.521124928594512,
        8.151934639667017,
        8.882594962942937,
        7.973972066923483,
        8.152810252921485,
        8.665068007269822,
        8.826415352317014,
        9.415923786292268,
        8.773874695502467,
        8.16594086263988,
        8.67460008627349,
        8.624327747951346,
        7.777489164074116,
        8.242894106621192,
        7.91875542064403,
        8.170117215360799,
        7.819136840294366,
        7.371751299100792,
        8.235339505131499,
        8.98127395294078,
        7.842650338509371,
        8.47933267974157,
        7.901208165187078,
        7.537839927951667,
        8.509983736006648,
        8.238002433878316,
        7.302107521303127,
        8.018775696451861,
        8.151051793246607,
        7.806566346365677,
        8.199378020274727,
        8.000907092492477,
        7.563597484183765,
        8.144263701635948,
        8.342531303907053,
        8.761187997500553,
        8.450556883688844,
        9.235440396042845,
        8.556971272682574,
        7.761104541173855,
        8.597249174726215,
        8.233465712052261,
        8.419866637820576,
        7.659974053868827,
        7.591445107883106,
        8.266623283483858,
        7.568775235142991,
        7.258297542563134,
        7.925130186040221,
        7.915306912074707,
        7.715910562387972,
        9.607970310857075,
        8.075572875401754,
        7.945447118395961,
        8.595306574336455,
        8.386857310556602,
        8.727445214463428,
        8.49602313524066,
        7.457899001248357
    ],
    "avg_delay_arcades": [
        7.181963155103534,
        8.97572545999141,
        6.282719883399811,
        6.129368063233545,
        6.589601891864234,
        6.865550634030403,
        7.894183011618526,
        8.980128855342029,
        8.09325000508307,
        7.203068570020147,
        6.056246860579591,
        8.458763686957726,
        8.024374257627366,
        8.410062528576091,
        7.7841410784094505,
        8.106179103507086,
        7.933273827180552,
        7.190127819955123,
        7.211105617922293,
        6.217577818539627,
        6.23669228122468,
        6.4546766674801335,
        7.322118156519239,
        5.880900193292145,
        6.693367574894308,
        6.683131985778103,
        7.951996568859381,
        6.71167361471795,
        7.305445248733659,
        7.236362880803962,
        5.935353981597877,
        7.228167202584607,
        9.353987426201032,
        6.703502515646801,
        6.7646450725721925,
        7.744021231591734,
        6.2572575968267055,
        6.8406638723805235,
        7.768925854819362,
        6.407160994080447,
        6.832073869363054,
        7.680832901132412,
        8.49393606744718,
        6.713095258806894,
        6.70275843025734,
        6.65314133390716,
        6.036247316517435,
        7.199309864640448,
        8.804468464037676,
        6.8505756131992195,
        8.470997278827975,
        7.229238951387174,
        6.247363470630243,
        9.462385168093503,
        7.504263219708535,
        7.685258640186569,
        8.391555251241593,
        7.016781972081457,
        8.917905549900963,
        9.07073907217052,
        7.533107382047277,
        8.249828218133189,
        9.406387659632438,
        6.465606926232347
    ],
    "final_wait_ticket": 8.21782178241139,
    "final_std_ticket": 0.5041053455500455,
    "final_w_ticket": 0.1313231775079036,
    "final_delay_arcades": 7.401925739456677,
    "final_std_arcades": 0.948497491597814,
    "final_w_arcades": 0.24709062412141244,
    "correlation_delay_arcades": [
        0.10918634807358615,
        0.3943050144967306
    ]
}