{
    "seed": 640977820,
    "n_nodes": 3,
    "lambda": 0.1,
    "b": 8192,
    "k": 64,
    "avg_wait_ticket": [
        8.082368160323245,
        8.07009464832112,
        8.057667465689951,
        8.054517915451402,
        8.089556694661152,
        8.149995656781785,
        8.155791942116892,
        8.146655914708369,
        8.115455645751886,
        8.120625879428122,
        8.103924097567884,
        8.104425103937185,
        8.105020172215255,
        8.111012084859357,
        8.126107360291284,
        8.115520890987304,
        8.099449330472327,
        8.091656535661132,
        8.088854185260436,
        8.095531151860927,
        8.091991010887332,
        8.085078424519759,
        8.090374799500225,
        8.090241419012488,
        8.098508990537853,
        8.111611040274303,
        8.109231260822876,
        8.111320292712962,
        8.117835638872194,
        8.11761770470354,
        8.119340191217207,
        8.119865888349231,
        8.116100867429957,
        8.109754549639742,
        8.106396001509715,
        8.111256209649595,
        8.11317521859072,
        8.11248790902717,
        8.11516954031121,
        8.113989656756964,
        8.1119681776107,
        8.10567308067679,
        8.10767737708154,
        8.11426718430661,
        8.114943413799313,
        8.116648855079191,
        8.116293945109975,
        8.116448937780229,
        8.118750535974188,
        8.125543610859868,
        8.126489233686199,
        8.128818915803345,
        8.130141751085786,
        8.131506055148094,
        8.129244861446667,
        8.126117688224806,
        8.123421543699006,
        8.123630660605428,
        8.125944568253411,
        8.128092067065033,
        8.1247197531735,
        8.125831399745014,
        8.125596351393126,
        8.126885004907445
    ],
    "std_ticket": [
        0.2317219639471183,
        0.02977912039823063,
        0.017157120293866047,
        0.012496027686455517,
        0.038702893545554236,
        0.02031991666741924,
        0.008575275101704935,
        0.012249227228207774,
        0.008045674215663531,
        0.006977534986216387,
        0.005406775380708599,
        0.002845454092145467,
        0.003863138743125856,
        0.00657037315004676,
        0.0023660727275392974,
        0.008180688094205163,
        0.002978498179556701,
        0.004429306553963194,
        0.004118327870831194,
        0.00209862860951368,
        0.0024481693007776363,
        0.0020404426897176254,
        0.003312615397739533,
        0.0017781860794085092,
        0.00522763717757781,
        0.00444669897034833,
        0.0015019496753765679,
        0.0013663763809606245,
        0.002054058022680365,
        0.0011242583702349334,
        0.0012415876800235294,
        0.001613582837572531,
        0.0014883954795420068,
        0.0029643602177839043,
        0.0010780842271050787,
        0.003683865223960354,
        0.0009513850889884863,
        0.0019278479577344882,
        0.0013040931683629593,
        0.0019237603618809183,
        0.0014561220595730269,
        0.001306808007932915,
        0.001554190318287351,
        0.00197455109182041,
        0.0011901911216869886,
        0.0029206150122655507,
        0.0022257488170698103,
        0.0009135347196648055,
        0.0016972354005339377,
        0.0022816968138102346,
        0.0008368831030350376,
        0.0009756910063813446,
        0.000776653999400779,
        0.0006752023511809818,
        0.0014112031438070153,
        0.0010475280955289986,
        0.0005543039996203998,
        0.0008528056537337762,
        0.0005602260301659712,
        0.0009441570880999514,
        0.0008258293642995662,
        0.0006126623195001709,
        0.0011284877297891866,
        0.0010414462352883404
    ],
    "w_ticket": [
        0.005018928491294067,
        0.0006449939974031309,
        0.0003716106941467807,
        0.000270654832693649,
        0.000838276405924269,
        0.0004401145535177045,
        0.00018573419539311974,
        0.00026530931502901056,
        0.00017426342701755749,
        0.00015112831146776615,
        0.00011710680568225512,
        6.16304573398027e-05,
        8.367276357160974e-05,
        0.00014230948348396008,
        5.124740711860569e-05,
        0.00017718772901375218,
        6.451209509883208e-05,
        9.593554483007337e-05,
        8.91999736896851e-05,
        4.5454762861136385e-05,
        5.302555893229195e-05,
        4.4194498336867056e-05,
        7.17488300082273e-05,
        3.851421170762456e-05,
        0.0001132268030435,
        9.631225186569874e-05,
        3.253113295707106e-05,
        2.9594714421631488e-05,
        4.448939650431373e-05,
        2.4350615150299872e-05,
        2.689188230396615e-05,
        3.494902571429986e-05,
        3.223755897516668e-05,
        6.420587717308333e-05,
        2.335051693531838e-05,
        7.978983008637644e-05,
        2.0606306143712603e-05,
        4.175577868037067e-05,
        2.8245705527907948e-05,
        4.166724433972845e-05,
        3.153854027087683e-05,
        2.8304506970096883e-05,
        3.366262712638633e-05,
        4.276733445308996e-05,
        2.5778670390016587e-05,
        6.325838797269107e-05,
        4.820809370925693e-05,
        1.9786494789757495e-05,
        3.676087912890577e-05,
        4.9419886454701746e-05,
        1.8126276759261744e-05,
        2.1132754561601448e-05,
        1.6821758365381445e-05,
        1.4624389764383035e-05,
        3.056562936378853e-05,
        2.2688693443325555e-05,
        1.2005819772734053e-05,
        1.8471147577697455e-05,
        1.2134086628949136e-05,
        2.044975292373884e-05,
        1.7886860851810522e-05,
        1.326981835689709e-05,
        2.444221998915586e-05,
        2.255696479265317e-05
    ],
    "avg_delay_arcades": [
        7.289287703024612,
        7.201340896924502,
        7.15336760517458,
        7.187169973445077,
        7.251153989736632,
        7.291941606551307,
        7.299631077724181,
        7.265096503316379,
        7.237069554266945,
        7.19774706922289,
        7.197887289313606,
        7.228402553757232,
        7.200718661731932,
        7.226100578385184,
        7.266206831343515,
        7.285795203535904,
        7.28906278709425,
        7.300483888132446,
        7.310737228736079,
        7.292352455944267,
        7.28337939734058,
        7.2769016203258445,
        7.28216037545999,
        7.289426026255622,
        7.300046697142203,
        7.3188812228463584,
        7.313994514900112,
        7.325504055782561,
        7.327489537971427,
        7.324803093499059,
        7.325659094389217,
        7.338870061421929,
        7.332026762723108,
        7.325176887752488,
        7.31500514550791,
        7.312765251765574,
        7.3086306553792735,
        7.31292743028811,
        7.315868700278263,
        7.324062749919105,
        7.318328807677895,
        7.317210196174887,
        7.328498240536132,
        7.3340302609225745,
        7.335874607692298,
        7.34130147320836,
        7.340742195948037,
        7.344701863055839,
        7.342360490179554,
        7.341142261525754,
        7.3348455243077275,
        7.3353383708378095,
        7.340170798160002,
        7.3395836953743885,
        7.341358502813761,
        7.348803891640588,
        7.348402452849266,
        7.348825317178374,
        7.3502586392055465,
        7.354576646157237,
        7.359260522646302,
        7.3554894264933015,
        7.353342755144949,
        7.361235740273473
    ],