{
    "seed": 1757116804,
    "n_nodes": 5,
    "lambda": 0.07142857142857142,
    "b": 256,
    "k": 64,
    "income": [
        3015.529289226628,
        3035.9735150284587,
        2957.2173281069936,
        3006.0215063693695,
        3018.1130020854894,
        3058.328972087866,
        3011.110355163152,
        3117.349208611877,
        2928.201478808162,
        3098.681272729503,
        3081.381511837324,
        3066.997567273197,
        3120.3166187645916,
        2927.429795429192,
        2927.1897348016905,
        2996.3452287369805,
        3038.5077635838597,
        3064.4172496676338,
        3001.588930170741,
        3054.3050272244195,
        3048.052497465809,
        3072.337058985375,
        2995.3778878619196,
        3040.2922435514292,
        2911.8221500240024,
        3000.824022157567,
        2988.533105891476,
        3101.425073189629,
        3011.8730783204182,
        3090.107645266703,
        2966.6159268239344,
        2909.255123877617,
        3006.469494122112,
        2961.5309064794906,
        2998.3458558230905,
        3078.5231833245825,
        2672.031921222901,
        2911.144410587429,
        3084.7213242724306,
        3138.7088496994993,
        3117.3277512590266,
        2903.018066201046,
        3046.7076751782533,
        3095.9406933378477,
        2977.5869589697295,
        2982.113912254388,
        3139.523069327108,
        2772.8517867131404,
        2974.4137190205665,
        2848.7530361503304,
        3027.5925724381646,
        3031.792199970585,
        2855.6731318825055,
        3107.0644317479205,
        2950.574215258112,
        3032.547460035549,
        3065.779236536124,
        3145.1774237867858,
        3053.6825885502803,
        2871.8892395136595,
        3096.967016254799,
        3058.5383591153914,
        3109.206039619431,
        3065.8344992992415
    ],
    "avg_wait_system": [
        21.724245994633986,
        21.641676276469546,
        22.050431122796127,
        22.3376567398714,
        21.91169361237121,
        21.61436964005982,
        20.724126025797048,
        21.149188441286086,
        22.66861000179763,
        21.704037444972954,
        22.216827784955996,
        21.415964171736306,
        21.553602452746816,
        22.151184125084143,
        22.609256975289696,
        21.99516378832311,
        21.910347511286403,
        20.31070355123461,
        21.37214535477861,
        21.619856509986903,
        22.450764051808733,
        22.267486212802567,
        22.616918931803696,
        21.2653745226159,
        21.80069473623638,
        21.233211261110284,
        21.737600393256287,
        20.959385248496346,
        21.356533485212083,
        23.128533048880172,
        21.73136736887909,
        21.75362546412549,
        23.268125849226237,
        21.743639769684876,
        22.611757044368687,
        20.922236876704403,
        21.379661060676483,
        21.516887742201675,
        20.42800266701977,
        21.735606868124137,
        22.561514471410533,
        22.236720301629816,
        20.527142246621565,
        20.99186905567904,
        21.834258691652735,
        20.886747246338132,
        20.69173014620435,
        21.89228112693945,
        21.58026716667007,
        22.41617909700669,
        21.96314158925702,
        21.581155604081687,
        22.84140009206999,
        22.376640345193323,
        21.246365846090725,
        22.149446432101286,
        20.957378000117615,
        20.95486449590112,
        21.745526370962352,
        22.659364033051247,
        21.790564832208815,
        22.28762177416877,
        21.539910336983667,
        21.44467610933077
    ],
    "avg_delay_ticket": [
        1.7083096915853564,
        1.6494151700614592,
        1.448514163131672,
        2.1581387139968693,
        1.8125343775359777,
        1.7673453660349574,
        0.8480164178517025,
        1.5307398498032043,
        2.020319027445869,
        1.8752896337962774,
        1.6945401777879623,
        1.1704954086629733,
        1.6383562314279834,
        1.3552716971666154,
        1.8500830117326823,
        1.7003954648642872,
        2.098529302680343,
        1.073347654651629,
        1.250481967204785,
        1.3169279523801176,
        1.7342548587280038,
        2.333389448956543,
        2.0165353166067037,
        1.9441028794954036,
        1.5566636624442052,
        1.6791448435509044,
        1.4193493789466585,
        1.5938544751429895,
        1.7587503433417087,
        2.978680655593704,
        1.704029629099629,
        1.6160020909483137,
        2.9746039999324774,
        1.331926724645732,
        2.6651225793630413,
        1.6734199417691948,
        1.0972702102797618,
        1.146608765276388,
        1.1980882443832732,
        2.1508504482920245,
        2.2160362273812355,
        1.694385666084445,
        1.1731701800074943,
        1.8673362784341172,
        1.5014209591308967,
        1.2854935996191652,
        1.2190352227608847,
        1.7720658092663548,
        2.197906153949965,
        1.7756185392002592,
        1.9715494295153686,
        1.6132896329829658,
        1.957431713035527,
        2.201224032039976,
        1.4751033891778351,
        2.05121322197978,
        1.0088617755626985,
        1.2572293129948957,
        2.058344873948954,
        1.5036192943552347,
        1.7525447194225114,
        1.5191331569482351,
        2.1164860400103773,
        1.9254522837139099
    ],
    "avg_delay_arcades": [
        1.99907660850088,
        2.0194863140047628,
        1.8171851674412198,
        1.9247327507998502,
        1.8209988967019552,
        1.861949636137193,
        1.5730118643726154,
        1.515783634665145,
        2.450033720435311,
        1.5643258523955217,
        2.2030896212434166,
        1.7778513760927805,
        1.5615277116394253,
        2.3279379051085565,
        2.347645577263675,
        2.19256831459075,
        1.7763467286782428,
        1.4533252339714593,
        2.058688741106994,
        1.6835763001193527,
        2.094042060600514,
        2.0900492227879393,
        2.2070378610533923,
        1.3138662996994297,
        2.1504807765046077,
        1.3748230843739602,
        2.056169927917673,
        1.3474754784912704,
        1.7564484657904065,
        1.7870982333798042,
        1.8431665556678087,
        2.3436320094547365,
        2.348464232010572,
        2.199683251664728,
        1.8096935045721239,
        1.3928469801325363,
        2.2866282533900035,
        2.00710787380297,
        1.090146062010899,
        1.222205727464067,
        1.88540082268574,
        2.3619674998701745,
        1.3001747750969848,
        1.4023703860945491,
        2.1476182076893275,
        1.6279668317931084,
        1.4583210896661691,
        2.41718132954473,
        1.6948748548481323,
        2.468601756362398,
        1.6390867611579747,
        1.597763680874311,
        2.2442974517217458,
        1.7683194030783718,
        1.9525226276176801,
        1.7943124998132265,
        1.8063677100783182,
        1.4922934100449896,
        1.5319238116310006,
        2.812661563272653,
        1.4028526794940974,
        1.572159039727905,
        1.411441917499446,
        1.6849704964501968
    ],
    "final_delay_ticket": 1.711487892489119,
    "final_std_ticket": 0.43773518366248093,
    "final_w_ticket": 0.11403325858970863,
    "final_delay_arcades": 1.8394196263567508,
    "final_std_arcades": 0.3808284852038835,
    "final_w_arcades": 0.0992086420109796,
    "final_income": 3013.8135093057167,
    "final_std_income": 92.21440955545854,
    "final_w_income": 24.022536919588735,
    "final_wait_system": 21.73318759011019,
    "final_std_system": 0.6658261867805009,
    "final_w_system": 0.17345265486240666,