{
    "seed": 430131813,
    "n_nodes": 4,
    "lambda": 0.07142857142857142,
    "b": 256,
    "k": 64,
    "income": [
        -4254.610804292531,
        -4384.480841196929,
        -4631.036076440781,
        -4613.732480583103,
        -4534.711962151854,
        -4535.02630347284,
        -4656.97454065412,
        -4457.421115146131,
        -4379.382594095549,
        -4461.792844940554,
        -4349.669976967702,
        -4360.310289750077,
        -4454.860167227402,
        -4355.078130723712,
        -4570.661678828026,
        -4744.4376001705805,
        -4487.806259987613,
        -4344.641501051108,
        -4311.292836603443,
        -4599.2234002307905,
        -4568.449589146863,
        -4435.036100123472,
        -4547.131556624956,
        -4536.939017933902,
        -4725.7348105415695,
        -4325.854873045085,
        -4349.931842345056,
        -4503.996319341952,
        -4405.993861071324,
        -4442.789133698689,
        -4511.944128616398,
        -4524.947254597856,
        -4462.888021559157,
        -4546.769823913199,
        -4452.226987462884,
        -4401.171068727614,
        -4432.474365287699,
        -4541.858298494277,
        -4561.905222998383,
        -4376.349787202131,
        -4495.477763759166,
        -4333.7902017341885,
        -4689.568830717273,
        -4402.618710552876,
        -4671.708361985723,
        -4395.437839811293,
        -4393.433928756738,
        -4500.341694780582,
        -4736.554764838316,
        -4401.896228280392,
        -4577.9370513888825,
        -4452.876033751107,
        -4658.827697486424,
        -4451.3295329424045,
        -4590.35358718761,
        -4491.437857524139,
        -4489.357257209801,
        -4676.037156347776,
        -4600.403442333918,
        -4316.8119477439195,
        -4420.664270942317,
        -4454.962026431138,
        -4399.308468891895,
        -4549.309133927376
    ],
    "avg_wait_system": [
        19.98772608020022,
        22.423817029418522,
        24.074060281727725,
        21.353355643389392,
        22.114875160896105,
        22.56425778555453,
        23.36296836333007,
        20.842300544275986,
        23.081474113168213,
        22.402673585872975,
        22.14448853558133,
        22.75232066904482,
        22.283499601274997,
        23.375231880235674,
        22.69045306647834,
        22.539655951688445,
        21.707260360111775,
        21.69019548486318,
        21.898781204009993,
        23.28386028867004,
        20.89985906964779,
        21.933366548658398,
        22.67691497378172,
        22.65778073849748,
        24.622607880566136,
        22.70562012208262,
        21.71116937184263,
        22.078060472435936,
        22.645190435759957,
        20.97616572000203,
        23.59359582550519,
        22.468456017759536,
        22.63316139651465,
        21.89872580601292,
        22.371968932762172,
        21.691732494516373,
        21.604479576413155,
        23.005272558606976,
        23.62754648699638,
        22.035666230564857,
        21.958003844498194,
        21.8561133945135,
        24.634491500855233,
        23.25745577102896,
        23.005175053825383,
        22.21215583775279,
        22.66749149086047,
        23.069911706696644,
        23.4867786717341,
        22.3759571766376,
        23.98209792084026,
        21.90701326815372,
        23.20903846223075,
        21.312259028671406,
        23.61967553660054,
        22.592062016839122,
        23.30893612190357,
        23.16994389208878,
        23.50280764473939,
        21.95301233476755,
        20.908434174450463,
        21.939229273715114,
        21.766612528017845,
        22.557895268328707
    ],
    "avg_wait_ticket": [
        5.616853457583138,
        7.240366059540488,
        7.657063141153213,
        6.08809202009822,
        7.496687668280071,
        7.844468934080387,
        6.7471981706852535,
        6.269235912101255,
        8.029968887374473,
        6.72167653207009,
        7.111572769188844,
        7.6817349747771235,
        6.446518694232851,
        7.980638838026413,
        6.567474206111001,
        6.487447510433358,
        6.288508879906551,
        6.530307768982492,
        6.667390338432118,
        7.094324274679751,
        5.8797842975032175,
        6.789330299913272,
        6.414550320828919,
        6.569280998615107,
        8.510389524705005,
        7.510806247243776,
        6.427473057188677,
        6.689197654694323,
        7.745464935628803,
        6.448928857327701,
        7.835176644268221,
        6.461004376909114,
        6.996774478826105,
        6.509712897540469,
        7.522978595079033,
        6.333972640877253,
        6.465488291814578,
        7.28028781031259,
        7.899170134019086,
        7.035746265583304,
        6.5854577860323396,
        6.649250941493229,
        7.104742535286889,
        7.842227323158122,
        6.205746199369281,
        7.478226530335678,
        7.882730352745145,
        7.546603982411594,
        7.762181796042049,
        6.532800420697369,
        7.3399568174038095,
        6.6825839746593685,
        7.421138398467247,
        6.713720389607279,
        8.153771953654205,
        7.213632667111597,
        7.135125420966053,
        7.678747228073189,
        7.19659249393347,
        7.355634835551695,
        6.073507222812925,
        6.5992026456265656,
        6.196377491658792,
        6.796635883291165
    ],
    "avg_delay_arcades": [
        1.3417672046981108,
        2.051126054619164,
        3.3888842408424846,
        2.7486624029155164,
        2.2052703974043055,
        2.3551315173641982,
        3.4476495902224444,
        2.116137761055199,
        2.2428076823881913,
        2.639965517785798,
        1.9546719528795227,
        2.0789207568552115,
        2.4657174116310987,
        2.2681026170057947,
        2.9593252625757365,
        3.6070992601016316,
        2.5551524877444534,
        2.075380727957149,
        2.0587705335622797,
        3.029665633783466,
        2.522247945734316,
        2.297737073773037,
        2.9139994653844,
        2.7948244777263485,
        3.5823023469257533,
        2.056903390616406,
        1.9559441733363023,
        2.491785177091563,
        2.2999702955064087,
        1.8939456684934448,
        2.6728981883726726,
        2.875551231925109,
        2.575264620447533,
        2.702146674982947,
        2.3096832038998394,
        2.2048796861260556,
        2.2129356667152598,
        2.677991631939067,
        2.8468827248900355,
        2.084290464139904,
        2.521523740861222,
        1.9505977503267187,
        3.8672613420746114,
        2.4253698106538057,
        3.585685622511563,
        1.9578910154653753,
        2.0947996524718917,
        2.6866802985291423,
        3.3627738241915823,
        2.4919341591094444,
        3.063661788124127,
        2.1672890555610183,
        3.1148480867095394,
        2.232768194798711,
        2.846190554012889,
        2.7134089880200296,
        2.7728060588424133,
        3.1304754672918285,
        3.1728102461566845,
        1.721033891433756,
        2.1550903066562457,
        2.3230793131321033,
        2.409480650681098,
        2.7851875947463327
    ],
    "final_wait_ticket": 7.023954466310495,
    "final_std_ticket": 0.6165887507865819,
    "final_w_ticket": 0.1606259379784423,
    "final_delay_arcades": 2.5597433438450836,
    "final_std_arcades": 0.49017965114112905,
    "final_w_arcades": 0.12769543093682223,
    "final_income": -4490.135450900987,
    "final_std_income": 111.9251522391225,
    "final_w_income": 29.15733142853218,
    "final_wait_system": 22.513736486228897,
    "final_std_system": 0.8411064807570742,
    "final_w_system": 0.21911447012129265,