{
    "seed": 987654321,
    "n_nodes": 5,
    "lambda": 0.07142857142857142,
    "b": 256,
    "k": 64,
    "income": [
        3449.7969290415786,
        3342.0384111847616,
        3485.5116748669498,
        3280.553724567455,
        3442.3997353915724,
        3327.181542960054,
        3339.87944669186,
        3417.856453846231,
        3490.818119449188,
        3280.4676645527384,
        3228.6295384322484,
        3437.0277556973183,
        3265.1381244903946,
        3249.9124612064943,
        3431.043275575784,
        3360.4413915817718,
        3373.218640891415,
        3419.3591098861193,
        3259.2644957954385,
        3260.328250425266,
        3413.9957913919256,
        3369.736925137584,
        3392.3885944650674,
        3403.94886536005,
        3298.7711392964347,
        3427.121796252478,
        3336.7636215865,
        3413.103775258632,
        3372.829042585227,
        3255.5478434221786,
        3277.3026347668047,
        3387.754397739131,
        3419.8703721948436,
        3387.5138484227264,
        3316.5926274992676,
        3346.2711627869394,
        3391.225623968327,
        3380.4005176239734,
        3315.4977906737595,
        3201.354192320349,
        3003.84490368866,
        3261.8218535388646,
        3342.735844742692,
        3210.1425692661423,
        3420.545094855452,
        3366.4144834932818,
        3281.044959922323,
        3482.9002517177555,
        3102.1836058323574,
        3348.9131054451955,
        3336.720514021393,
        3283.183689009613,
        3221.8700183676506,
        3355.857294666601,
        3329.6239276851857,
        3306.151996176026,
        3282.960051484003,
        3222.159186572374,
        3407.292132887416,
        3428.633767755573,
        3330.218058886986,
        3312.9033214890605,
        3375.1411892142078,
        3407.0793550654944
    ],
    "avg_wait_system": [
        21.120153455089387,
        22.387166335644558,
        20.860037873236337,
        22.138211854043476,
        21.435716585486475,
        22.41045402343751,
        21.81730571883358,
        21.22941265108301,
        21.27411055580393,
        21.77502888657409,
        22.293583134800258,
        21.313268508551545,
        21.359925320342853,
        22.75168616497541,
        20.55595066592906,
        21.58240556200758,
        21.313316681117897,
        20.44025757089264,
        23.213656220634277,
        22.14084979304556,
        20.858712205882682,
        22.026581466993207,
        21.448112774631934,
        20.701663602387555,
        22.421555183456974,
        20.25472639116964,
        21.846061573672216,
        21.733336450443797,
        22.699714997179626,
        22.78198810189747,
        21.926865772664883,
        20.95692193568692,
        20.69055510117778,
        21.467105988738354,
        20.707660239088455,
        22.43198422017599,
        21.221124369013637,
        21.411481958858303,
        22.764407537529564,
        22.487199442049018,
        22.941623618806943,
        22.97856141187117,
        21.44340116034232,
        22.828495734414446,
        21.82230722845668,
        21.627425910772217,
        21.22047338542086,
        20.749006250395496,
        22.75682107747332,
        21.98400631166146,
        21.795626065257807,
        22.543305189867283,
        22.656430509708457,
        21.97389443914892,
        21.87724442392357,
        21.062549066176416,
        21.298103097300327,
        22.430831018298477,
        21.720553515299684,
        21.422645454794633,
        21.33457576302635,
        21.601202463103505,
        21.42123151872454,
        20.648493954047012
    ],
    "avg_wait_ticket": [
        6.72978885833486,
        7.13639364985428,
        6.2404611125298874,
        7.542852426955721,
        6.817688647053676,
        7.746259320732042,
        6.548178661495267,
        5.973670679148343,
        6.8221619430784255,
        6.899683403685912,
        7.101117164278266,
        6.6748476047305845,
        6.151505350946897,
        7.435984765917014,
        6.697108207792339,
        6.379574285058481,
        6.731705378807326,
        6.449323807898398,
        7.719342402347214,
        6.388727196171014,
        6.14634081578517,
        7.343543836395562,
        6.340180973850259,
        6.5242957574654,
        6.895671189164431,
        6.82149651643945,
        6.921429168184219,
        7.291187665908006,
        7.9859222422385185,
        7.487127108452953,
        7.188025590422077,
        6.6433565210341685,
        6.5665101257434815,
        6.167351962730892,
        6.58389959813783,
        6.974645561455561,
        6.27539097222579,
        6.337555038965166,
        8.049539398469404,
        7.349331134123747,
        7.607619022427364,
        7.167118851136015,
        6.724691252078336,
        6.91315300958728,
        6.6164985743004285,
        6.6736457712723425,
        6.490421950185599,
        5.886785277772368,
        6.593351183753733,
        7.195422769220313,
        6.739681311160263,
        7.079181554451911,
        6.392503248452632,
        7.5120094413006,
        6.93477657649921,
        6.326774644899761,
        7.045211845018609,
        7.771424654985736,
        6.790678028027656,
        6.58885527596255,
        6.620692607826978,
        6.669778055795614,
        6.509464587879653,
        6.492888082605945
    ],
    "avg_delay_arcades": [
        1.5672437154622716,
        1.9415137918149223,
        1.395124458472532,
        2.0218669283567774,
        1.528710957782715,
        1.9405778392192494,
        2.239620175178361,
        1.7211737164037064,
        1.2186973953885603,
        2.0222901743307946,
        2.277231778202057,
        1.4800270978267938,
        2.1707520433123526,
        2.4601009941621235,
        1.2047245650578584,
        1.778334675210869,
        1.7160066297979764,
        1.2624241487105219,
        2.271880508314934,
        2.3384862327517437,
        1.6661493964906824,
        1.6584313870812217,
        1.6968975167689027,
        1.5661030958046342,
        2.29507884676417,
        0.9098487217448803,
        1.8938359922609753,
        1.369981433154269,
        1.8653433423295465,
        2.432833015699136,
        1.9639376060898521,
        1.6451004988335078,
        1.336703087566344,
        1.794287830212614,
        1.3869279285751213,
        2.066163070906315,
        1.8495150652128824,
        1.3781792514513704,
        2.070456077698334,
        2.483163139655434,
        3.0350883496803673,
        2.4731476937886034,
        1.7906815767704891,
        2.6525359551638257,
        1.7813835446938284,
        1.599600900852713,
        1.8708514384017048,
        1.5558553702736788,
        2.968896624494575,
        1.9810656188135716,
        1.9673497294507232,
        2.2991111822115498,
        2.525327845987122,
        1.7264132506125662,
        1.9286637673893403,
        1.821471623822093,
        1.9359997457580096,
        1.9389496908500052,
        1.7720861065666695,
        1.595320478602067,
        2.0715255215145842,
        2.010227700053364,
        1.8541555360602853,
        1.3996097291860918
    ],
    "final_wait_ticket": 6.829538459548904,
    "final_std_ticket": 0.49285210763217097,
    "final_w_ticket": 0.12839162565336965,
    "final_delay_arcades": 1.8919215702824779,
    "final_std_arcades": 0.42393471593643056,
    "final_w_arcades": 0.11043813449733718,
    "final_income": 3335.1882957568396,
    "final_std_income": 88.31516064962038,
    "final_w_income": 23.006753689497895,
    "final_wait_system": 21.73139159874175,
    "final_std_system": 0.7278992755036976,
    "final_w_system": 0.18962315438362418,