{
    "seed": 482548808,
    "n_nodes": 5,
    "lambda": 0.07142857142857142,
    "b": 256,
    "k": 64,
    "income": [
        2961.940048815536,
        3231.3363023996326,
        3014.5789169765694,
        2957.6839474673907,
        3058.407014010825,
        2955.298106210721,
        3121.954535342935,
        2975.0892946883855,
        3088.2924859585187,
        3055.477477163085,
        2878.922131613058,
        3059.6518951226894,
        2947.996355690937,
        3025.2105437469077,
        3031.51096625884,
        2941.2564780840703,
        3097.022776535048,
        3147.8363853073906,
        3009.951319069871,
        3040.7501713644933,
        3111.250170642319,
        3043.953926291556,
        2814.4781860076487,
        3053.3114827326226,
        2821.4288174845315,
        3032.7971646201227,
        3050.58367217824,
        3003.382609687923,
        3011.991723985871,
        2951.719810786035,
        3101.473464994161,
        2969.572849665825,
        3024.0813112721216,
        2900.2874758437474,
        3045.2707636662853,
        3003.9188773899064,
        2945.5125279178865,
        2907.554217806116,
        2952.3475298545736,
        2985.4988419657257,
        3039.1434598480123,
        2935.510628257758,
        2900.6774130187714,
        2947.336916002326,
        2814.8163788247,
        3028.3188937544573,
        2897.0499628337066,
        3137.9012631648748,
        2874.498089125331,
        3012.6200678770615,
        3069.257502732295,
        2924.5867083320745,
        3078.573984201486,
        2995.416454529881,
        3064.007599091932,
        2887.294501662843,
        2980.2366230798434,
        2966.9202169584823,
        2883.7877175557314,
        2922.776891531025,
        2879.763951095777,
        3051.810309890966,
        2923.4513154271763,
        3055.9737340894544
    ],
    "avg_wait_system": [
        21.869241017350202,
        21.76899248082039,
        22.59334009050885,
        21.465045723955328,
        21.535223185162245,
        21.783405145269455,
        21.638126130094832,
        21.92710188848727,
        21.92739576790579,
        20.62710211561682,
        21.801397974350948,
        22.387234213527137,
        21.271822704196353,
        22.500667439291988,
        20.39036144395456,
        22.178406554052387,
        20.798604734394132,
        21.15673695911653,
        21.77583380607018,
        22.766578712138653,
        21.03577799609684,
        21.196905447388815,
        21.9097495749495,
        20.236846567862926,
        21.94714764810675,
        22.18042449798611,
        20.784057623599608,
        20.671379125108615,
        20.48339392804263,
        20.798432514021158,
        20.951740839051695,
        20.42774127567094,
        21.704885252898237,
        21.565700349734527,
        22.226277184827495,
        21.052512503926266,
        21.196794035433754,
        20.743106395146697,
        21.84033739083634,
        21.61854017631947,
        22.07138152671382,
        22.268169653993763,
        22.593075518597743,
        20.93393632922823,
        22.80476250672905,
        21.361419482801352,
        22.526559966459217,
        21.880205136557493,
        21.05520050298867,
        21.708509408173768,
        22.16280228424955,
        22.21820229904779,
        22.025537156703535,
        22.66275574822589,
        21.617362847608547,
        23.213306891365164,
        22.51447614023175,
        21.904919714179755,
        22.677145081883964,
        22.537326075276724,
        23.022838764957783,
        21.12773249444183,
        21.009159578244066,
        21.06658739179875
    ],
    "avg_delay_ticket": [
        1.7722555124710482,
        1.9855859247590761,
        1.828640103827007,
        1.914554864343075,
        1.5800411215170909,
        1.3152004518836713,
        1.2032314986303287,
        1.817218345499095,
        2.244726243644716,
        1.2975466358877827,
        1.6087874592914597,
        1.8974898090366674,
        1.6728825787251185,
        2.465216084169556,
        1.2232336951227956,
        1.8898910858046978,
        1.7691135032568572,
        1.6201281313154752,
        1.9396180011886845,
        2.1633828274672995,
        1.2161212318414762,
        1.2667087070723864,
        1.652139347142097,
        1.3154998783891452,
        2.051223357986995,
        2.3010908627792763,
        1.5138827757969522,
        1.3831259022024147,
        1.1267099765939816,
        1.1109629610236968,
        1.8909045232016335,
        1.1627680037309251,
        1.488729654026954,
        1.6902839407797075,
        2.199886814202637,
        1.082341217069024,
        1.0787073555534334,
        1.128960269235851,
        1.7529539685271067,
        1.8351064482315753,
        1.7292245911249968,
        2.170032911877778,
        1.9177560451602136,
        1.2778881567171585,
        1.662345827296941,
        1.400661275614899,
        1.56758342644207,
        1.9720165218665366,
        1.640474858996181,
        1.6925219488130367,
        1.7077773871094772,
        1.9247337727522924,
        2.15259906413138,
        2.253972183940938,
        1.6467705650102107,
        2.113145884398015,
        2.405383235494626,
        1.7232866244751155,
        1.8693433425322832,
        2.3156636123429624,
        2.4214992411925693,
        1.0926421531848498,
        1.4600837727198022,
        1.1015851213930599
    ],
    "avg_delay_arcades": [
        2.1784909560690346,
        1.3287176258928592,
        2.1263938412678387,
        1.8080745361472914,
        1.8192458021990319,
        2.430755167620926,
        1.6681536850711496,
        2.017142511275357,
        1.4156140448668961,
        1.2503332586011324,
        2.0315660494278034,
        1.8322037783054896,
        1.5591092587163145,
        1.916410732132638,
        1.1530944323466068,
        1.9357031604389696,
        1.4981005706949913,
        1.4529076408358055,
        1.7292288662707442,
        2.265973190203545,
        1.1934827544093767,
        1.8352151729593733,
        2.5279085584092575,
        1.4139859788058264,
        2.108714129410461,
        1.2561763633082061,
        1.3207901544024545,
        1.525396765524883,
        1.4842434593107492,
        2.0353763805782226,
        1.1982839252046786,
        1.5966135092231646,
        1.8877788661562644,
        2.3278909017243388,
        1.710664146277035,
        1.6545219120544723,
        2.0953952214402802,
        1.72629384026719,
        2.2243440437689985,
        1.8213029185196856,
        1.7838279021809487,
        2.237016504840539,
        2.5539725365874553,
        1.884046301189035,
        2.717807215639683,
        1.9176284827399368,
        2.4202095347085404,
        1.528059855365852,
        2.0322870903573076,
        1.6382502559553067,
        1.7311215630109793,
        2.139610296775751,
        1.5689539502376773,
        2.0231213878192777,
        1.7783976418028438,
        2.398599513317796,
        2.3097257635956834,
        1.9241530302357226,
        2.5405414393753154,
        2.062734102225557,
        2.562529146619961,
        1.572274848597469,
        1.891721063729276,
        1.5311990578982393
    ],
    "final_delay_ticket": 1.686246769873599,
    "final_std_ticket": 0.3955807785380034,
    "final_w_ticket": 0.10305172372647185,
    "final_delay_arcades": 1.8611284939261408,
    "final_std_arcades": 0.3889807884392921,
    "final_w_arcades": 0.10133237740544099,
    "final_income": 2990.612899064116,
    "final_std_income": 81.55465954114803,
    "final_w_income": 21.245593061174112,
    "final_wait_system": 21.66668536001827,
    "final_std_system": 0.7320529654790662,
    "final_w_system": 0.19070522139751975,