{
    "seed": 539458255,
    "n_nodes": 19,
    "lambda": 0.07142857142857142,
    "b": 256,
    "k": 64,
    "income": [
        816.4394167689869,
        826.3715166460519,
        742.1113350102908,
        947.2250569620156,
        809.9927674162211,
        888.8125581085363,
        884.1519557371826,
        857.5799765562637,
        800.7835318327731,
        961.7167740337695,
        819.7575954339804,
        806.203336511383,
        864.3525175106472,
        866.1823746925612,
        893.0732822802097,
        846.7487352342328,
        921.7004767213149,
        850.0307103237325,
        913.4408009482531,
        800.0371851189957,
        865.0905608072164,
        808.591668017759,
        950.0458153772843,
        780.691083450445,
        838.8322606642296,
        822.3036871877662,
        790.8370501590275,
        884.7612033810645,
        860.4756072900244,
        778.6546599099736,
        857.3812159604809,
        694.3935861592511,
        883.9215209897677,
        757.181432810009,
        878.3376265601793,
        906.477216814412,
        840.4815000615849,
        788.7453719043306,
        884.6839887276365,
        701.2150033481157,
        978.987598294278,
        865.8583223576111,
        843.3400574970861,
        917.8361809119,
        776.8930732606127,
        729.5320974385891,
        945.8252850906061,
        1020.4662205139882,
        908.7400593434238,
        930.6957933473949,
        900.4685312770524,
        832.1195713791046,
        943.9933139303289,
        807.6121630129078,
        920.4154383291786,
        698.419830160888,
        914.5017690301597,
        893.9239935762528,
        742.3145220197048,
        819.4144528858869,
        850.8221958549743,
        816.0843978157448,
        950.8733914524704,
        815.5841712630811
    ],
    "avg_wait_system": [
        19.03651651390644,
        19.71604811837851,
        20.98227179569261,
        20.01479367290962,
        20.560177218220872,
        19.77790071804948,
        20.46100721472051,
        19.1551756179841,
        21.317570310761283,
        20.557320942049387,
        20.601146870172244,
        21.37036852638289,
        20.629674116596846,
        19.2114326786934,
        20.886842929707342,
        20.04124147699133,
        20.16328669639853,
        20.24653250824207,
        20.545826294880555,
        21.29245685042764,
        20.538883369244616,
        20.991885373054686,
        20.408454938674595,
        20.88150320838463,
        21.028847855115544,
        20.309621419058317,
        20.202683749274513,
        20.86746163611963,
        21.012928743197165,
        20.481075352858397,
        20.676081777624468,
        20.928816705986833,
        20.750509935966818,
        20.295764491202192,
        20.52554095932328,
        19.916220607861874,
        19.078048625754263,
        20.2182880023945,
        19.20155555839085,
        20.797712089461914,
        18.912541370885492,
        20.307016567034907,
        20.4606047525657,
        20.85364422437283,
        22.24190477947775,
        20.23988714815846,
        19.753071579692687,
        19.857824308348427,
        20.473991072252716,
        20.379244441574656,
        20.459562667172122,
        19.305407448638107,
        19.711362937326044,
        19.150499198334956,
        20.755526438986486,
        21.291297938009848,
        21.762505860657598,
        19.836167569067353,
        20.819129142783027,
        20.358923867380668,
        20.82139555679862,
        19.77888423652155,
        20.684423050623018,
        20.156831942819736
    ],
    "avg_wait_ticket": [
        5.402847482171691,
        6.621383309466761,
        7.947524779168329,
        6.463358319730255,
        7.401523380990202,
        6.781864866135831,
        6.853996369341015,
        5.763542048246249,
        7.546563577378229,
        7.434579127031537,
        6.968443059661308,
        7.481139715652784,
        7.473190546580016,
        6.674993359403556,
        8.068221233381003,
        6.481046018464598,
        6.4833803314623255,
        6.7318704062714225,
        6.525077116876424,
        7.903562419048925,
        7.021012726308232,
        7.536476901917259,
        7.208104440375755,
        7.6853779808461695,
        7.625708671476219,
        6.548151969555976,
        6.472321227497773,
        7.586144800494232,
        7.455959848957865,
        6.9027559904827935,
        7.458742913806256,
        6.672050019836766,
        7.223155008469259,
        6.957328987860039,
        7.676856288429117,
        6.555362610255128,
        6.40908669501445,
        7.549496652236726,
        6.3719846622065734,
        6.259925886658883,
        5.911404357308748,
        6.974762261534437,
        6.993136081975951,
        7.65215794633351,
        9.109788628264436,
        6.679468852067827,
        6.54275139817964,
        6.231184213473964,
        7.108950934283094,
        7.000122317245285,
        7.200651384620523,
        5.814143198195098,
        6.4646002164156045,
        5.855233942487822,
        7.408299814497486,
        7.440603541872955,
        8.83818374421008,
        7.376861525531324,
        7.7805818489069924,
        6.608198274961064,
        7.106590697493182,
        6.972926814006359,
        6.984980806534415,
        6.351622936563494
    ],
    "avg_delay_arcades": [
        0.406886441047158,
        0.32910473724885503,
        0.5039183920948324,
        0.2555498860759688,
        0.3822463483135929,
        0.39081163723399137,
        0.30660171598133634,
        0.34167351723211487,
        0.4760497320472093,
        0.2073960360767681,
        0.437484562126056,
        0.6078674478122383,
        0.2893981121180098,
        0.24650959607352455,
        0.32646515669312565,
        0.43825555173848846,
        0.2108153536299696,
        0.3570801830127909,
        0.3417513925333602,
        0.40281573322521536,
        0.40142457669233644,
        0.49679099189967946,
        0.2116011786748302,
        0.44278701766436973,
        0.34190892867442474,
        0.4136659445147628,
        0.47788357110402546,
        0.2668827799568349,
        0.42904878541995106,
        0.539160607469689,
        0.3037423539907802,
        0.7097295826735809,
        0.3449162883270812,
        0.5465685044693694,
        0.24103796165252211,
        0.39233751617705126,
        0.3385154319720474,
        0.3687335315808983,
        0.20812450471444724,
        0.7132762029271861,
        0.13362834353385022,
        0.3813340275048164,
        0.37073457653655884,
        0.19910618665594262,
        0.5063406668150763,
        0.5300163953556242,
        0.16158105083549776,
        0.08942526001207186,
        0.2177457800339676,
        0.3073788977143528,
        0.23469563262899096,
        0.35572104654505227,
        0.2044669758495366,
        0.3871649524526698,
        0.2521954689692741,
        0.6664901425288,
        0.2255065938160005,
        0.20883472401600672,
        0.6304142701215629,
        0.36278005602089464,
        0.43007591193780254,
        0.36966033509143637,
        0.28596549314986036,
        0.48269320309862696
    ],
    "final_wait_ticket": 7.035936726592902,
    "final_std_ticket": 0.6571029574587287,
    "final_w_ticket": 0.17118018899237053,
    "final_delay_arcades": 0.3657552387937989,
    "final_std_arcades": 0.1391177626147423,
    "final_w_arcades": 0.03624120790551007,
    "final_income": 853.039817801397,
    "final_std_income": 70.16129580687671,
    "final_w_income": 18.27753739325562,
    "final_wait_system": 20.405024891145167,
    "final_std_system": 0.6648728149913561,
    "final_w_system": 0.17320429444765986,