{
    "seed": 539458255,
    "n_nodes": 19,
    "lambda": 0.02857142857142857,
    "b": 256,
    "k": 64,
    "income": [
        3662.100736064045,
        3424.0489514378664,
        3259.2225094951464,
        3242.1350347155417,
        2934.255564226468,
        2936.3052873740326,
        2668.141657072165,
        2501.8346543796447,
        2362.3200805896527,
        2210.053513577783,
        1975.266923878732,
        1960.273644281997,
        1636.2322412665594,
        1415.0310031810304,
        1367.7467576534277,
        1191.416471824431,
        932.0207317799625,
        749.0206260742448,
        700.3197757513719,
        437.8697993361204,
        298.1470872408245,
        99.77676002265298,
        -35.94254940347537,
        -303.56249002689674,
        -510.6860973508806,
        -573.0633288701804,
        -734.550644184676,
        -995.1501693874047,
        -1023.1058136524898,
        -1284.3730076821096,
        -1419.7143120345888,
        -1595.5513734147394,
        -1750.4850514660068,
        -1953.3696378620841,
        -2154.279753693338,
        -2154.950605805402,
        -2483.3072506697786,
        -2674.1059776332495,
        -2905.375258483019,
        -2890.4771244088283,
        -3119.401267892643,
        -3282.7609776629515,
        -3462.807604087266,
        -3654.2041078936527,
        -3832.986534214909,
        -4022.715652314264,
        -4184.037405446863,
        -4286.879823611925,
        -4421.465233179261,
        -4634.592335507082,
        -4820.2081404816745,
        -5047.2650997552355,
        -5145.942187880732,
        -5346.300761576469,
        -5469.982984981398,
        -5669.550901669265,
        -5888.649793678895,
        -5957.507988763743,
        -6191.00475076902,
        -6364.3569606302335,
        -6445.56239054176,
        -6673.2732143861285,
        -6789.708330983303,
        -6963.187772976191
    ],
    "avg_wait_system": [
        18.381179675497094,
        18.985874125199288,
        19.335745208061965,
        19.28492340157348,
        19.091193473933373,
        18.60034059824295,
        19.30110308287516,
        18.29823419689103,
        19.88146121764231,
        19.752598278012385,
        19.26236458058554,
        19.461047749690692,
        19.25857110124332,
        18.267092766135193,
        19.294893057829313,
        19.08916098756913,
        19.238351569939596,
        19.139063772052396,
        19.49660713128776,
        19.736032784435338,
        19.390276251183423,
        19.22041958588602,
        19.39288201893487,
        19.704192494516064,
        19.26834852396837,
        19.066348407674468,
        19.07948731724949,
        19.406327404477793,
        19.71674347119756,
        19.305597244717774,
        19.009306276202096,
        19.290636158537154,
        19.095829188844164,
        19.898495403107745,
        18.876930789568632,
        19.233002083064775,
        18.750705688775042,
        19.086233539403565,
        18.196700030754073,
        18.965689442417897,
        18.533318064513878,
        18.929732082279088,
        19.224662414299246,
        19.654889882241605,
        19.335344235836146,
        18.88802628930057,
        19.145842686904643,
        18.915980329411923,
        18.860515909087326,
        19.24981464175812,
        19.175096508482966,
        19.045738851380975,
        18.9056254090151,
        18.325400352948236,
        19.56895444134443,
        19.160782034133717,
        18.984516049820286,
        19.58820482004967,
        19.2424408042516,
        18.768743655396065,
        19.185953970596984,
        18.64570548517895,
        19.077227196659805,
        19.124144018534025
    ],
    "avg_wait_ticket": [
        4.922943357713527,
        5.796695273393391,
        6.473735987979232,
        5.743400305147157,
        6.121463924410205,
        5.291513168198571,
        5.690546918316175,
        4.794236588142614,
        6.508011337547854,
        6.001862020828758,
        5.495184018299845,
        5.785809748369932,
        6.313192158715133,
        5.913360036813856,
        6.099295159440058,
        5.647808211897291,
        5.781837756868106,
        5.990920480633143,
        5.430051120323045,
        6.337006442517533,
        6.124189207617657,
        5.606370687495902,
        5.974463848418479,
        6.209342722890176,
        6.209150940197547,
        5.653992807558277,
        5.700979847474188,
        6.112409825102148,
        6.1704481277726035,
        6.009536442361636,
        5.6173610236478275,
        5.762310928417649,
        5.500655922047133,
        6.352562523766311,
        5.9399825604291765,
        5.5639780669374925,
        5.947615228167269,
        6.02402972932039,
        5.3950757597394485,
        5.300753375739155,
        5.18216230941302,
        5.871767091678153,
        5.798067728859,
        6.365641516828354,
        6.151347089310601,
        5.608739312310036,
        5.496904463150228,
        5.1758065551391566,
        5.359679155006015,
        5.961707049756411,
        5.959391264635818,
        5.890163101909654,
        5.4756801379158215,
        4.817484294524004,
        5.974211714214807,
        5.729942395349859,
        5.78579517849496,
        6.496992474182495,
        6.447277482327791,
        5.8404627765064365,
        5.48774403547689,
        5.586749133408675,
        5.597950893156685,
        5.4356373985986295
    ],
    "avg_delay_arcades": [
        0.10021775336505825,
        0.1830896602938168,
        0.18931025519765807,
        0.08247510346433014,
        0.19348736933876995,
        0.12468991261446105,
        0.1043758568025767,
        0.005693451688621675,
        0.11845154771775587,
        0.16624666986872846,
        0.1355504239259037,
        0.044470730936216375,
        0.11813279625991861,
        0.061411322711993246,
        0.0841346670313917,
        0.1345335292218189,
        0.16262730042160983,
        0.2733075962904667,
        0.18144843400947133,
        0.016576868782243678,
        0.19371578046647828,
        0.2504985247896542,
        0.08731870875822655,
        0.07592659038968314,
        0.2639748576962124,
        0.08254606723526457,
        0.08414116482472887,
        0.18208707356725876,
        0.1367158810014551,
        0.23038255157938728,
        0.2046747317423712,
        0.10803192996099882,
        0.2423788815243699,
        0.17870774523254082,
        0.08826965088217578,
        0.08546984740695131,
        0.0794287752675014,
        0.13455155178282793,
        0.07779780781378368,
        0.08191232742407975,
        0.1066717866439374,
        0.16182756811036245,
        0.13211530753796127,
        0.004445491864508337,
        0.07603260977836697,
        0.15622426035261372,
        0.2685503154407794,
        0.2091566023210784,
        0.14051639778772818,
        0.16470143380026653,
        0.10449247344706528,
        0.25851585875566246,
        0.22661794462156168,
        0.15636075930059573,
        0.1651845323923772,
        0.10721756255019942,
        0.1463715792927138,
        0.09507982208027876,
        0.1596733141626162,
        0.04356346136923711,
        0.20392298592209565,
        0.10148333554888159,
        0.037415881395147454,
        0.2142248814474356
    ],
    "final_wait_ticket": 5.797910220309602,
    "final_std_ticket": 0.3820152177767599,
    "final_w_ticket": 0.09951779463889353,
    "final_delay_arcades": 0.13723391821485612,
    "final_std_arcades": 0.06754879007674017,
    "final_w_arcades": 0.017596960294108243,
    "final_income": -2012.3395014567152,
    "final_std_income": 2971.384633858993,
    "final_w_income": 774.0677125547026,
    "final_wait_system": 19.144315463371207,
    "final_std_system": 0.37969483737290827,
    "final_w_system": 0.09891331835164373,