{
    "seed": 238927874,
    "n_nodes": 3,
    "lambda": 0.1,
    "b": 1024,
    "k": 64,
    "avg_wait_ticket": [
        7.892731173877683,
        7.121179727423202,
        9.098673243301125,
        8.179181263085626,
        7.978102582879144,
        8.828421106931927,
        8.27751234669368,
        8.08711020459697,
        8.187279554258355,
        7.702449097287612,
        8.08317649980869,
        8.400184281590148,
        8.007157699763223,
        8.087408438821607,
        8.1673300800172,
        7.825167395920058,
        7.722344191516271,
        8.493190197985333,
        7.297466775486359,
        8.23015581931374,
        7.787737862485804,
        9.485450869409625,
        7.85186464222546,
        7.4706447935144995,
        8.76973673038772,
        8.80020719593062,
        8.215969121225376,
        8.366447846355086,
        8.22200828908174,
        7.909965056226355,
        8.351606877971017,
        8.058285698847964,
        7.793735129088014,
        7.932006774411786,
        7.359223908312138,
        8.041441136486265,
        8.447745686188368,
        7.855354258355645,
        7.577654138320951,
        8.023288291995911,
        7.933204512572174,
        8.44208592911516,
        7.560557355183496,
        8.104856998142871,
        8.167897470323584,
        8.097486814208366,
        7.62154768406531,
        7.954072351507438,
        7.66864426592136,
        8.332355753130825,
        9.072360084285808,
        7.611887252152706,
        7.731146751338754,
        8.621398732139108,
        9.34118518892637,
        7.568730702151515,
        8.278356043886731,
        7.935979246759333,
        6.992705107047322,
        7.262957932780044,
        8.162302923465996,
        8.797392867144035,
        9.039246803600445,
        7.1492465166625605
    ],
    "avg_delay_arcades": [
        6.960824535609208,
        6.342373423684916,
        6.877638100568156,
        7.589893285761601,
        7.61493073018471,
        6.6970377703896,
        7.033520873240543,
        6.493938244171314,
        7.212679821555601,
        6.249899971401885,
        6.722089796081051,
        8.514458483213014,
        6.8347947970565,
        6.677992639303895,
        6.940302917857639,
        7.112312403246452,
        6.3499326710490465,
        6.769027933257417,
        6.806767945045594,
        7.457044263891003,
        7.119668612900661,
        8.746017176843763,
        7.528477336123338,
        6.017584674739453,
        8.618345490618132,
        8.337903701063711,
        7.211158961913775,
        9.122421227449006,
        6.440332043501907,
        8.2187263565359,
        8.374054245714895,
        6.579228253804527,
        7.077269000996009,
        7.448850218539174,
        6.454676503977182,
        6.678198630532184,
        6.194394663506853,
        6.474022023583195,
        8.052333317825433,
        8.341126671601886,
        8.056341695382578,
        8.09250976056312,
        8.992462183754819,
        6.998861215953066,
        6.5761897569523216,
        6.415177354976589,
        7.384502973870632,
        6.853874889220639,
        6.508072828857917,
        7.373222225529126,
        7.0904848406880205,
        6.2073884652596085,
        5.724727886463051,
        6.824417432920111,
        8.758139552440902,
        7.595247452488195,
        8.11227813360337,
        6.156386084255655,
        8.205725133484519,
        8.44589300770408,
        8.025419452936758,
        8.34210288937957,
        7.064245073465988,
        5.786988009774341
    ],
    "final_wait_ticket": 8.085707264436703,
    "final_std_ticket": 0.5079481979048371,
    "final_w_ticket": 0.1323242690185963,
    "final_delay_arcades": 7.268536311210687,
    "final_std_arcades": 0.8707059674799719,
    "final_w_arcades": 0.2268253557196443,
    "correlation_delay_arcades": [
        0.1732725129473774,
        0.17444300921650185
    ]
}