{
    "seed": 443460125,
    "n_nodes": 3,
    "lambda": 0.1,
    "b": 1024,
    "k": 64,
    "avg_wait_ticket": [
        8.958444151497469,
        8.554227665747613,
        8.325455206615135,
        8.30471573555668,
        7.724235051111815,
        8.538133211142737,
        8.590462250122508,
        9.015855465180712,
        7.674663969044858,
        8.37941579963802,
        7.54251619282612,
        7.952139099360568,
        7.586677837251668,
        7.774664241905856,
        7.833840227438681,
        7.439198468073051,
        8.071977357300186,
        8.376190387012876,
        7.880335915914463,
        8.53439131329138,
        7.912950886552456,
        8.265894875306032,
        8.142598377051534,
        7.795004488206298,
        7.9425124100124505,
        7.959559840516936,
        7.461141376935593,
        7.565685940431475,
        7.94309719484988,
        8.052055488011346,
        8.26487567640279,
        8.892376637762014,
        8.30662523431769,
        7.641092607359105,
        8.015268733003646,
        8.68333581171294,
        7.461447560637176,
        8.523999964978248,
        8.37359302391365,
        8.577202860409095,
        7.244860083690086,
        7.738525464153923,
        7.583573593546632,
        8.319729480772555,
        7.861826063599158,
        8.132319882707293,
        8.442380372829012,
        7.974414264794248,
        8.45738048761684,
        7.735659265205313,
        8.249712055027409,
        7.633488575363278,
        7.753314674624571,
        8.084681193738028,
        8.578064714192546,
        7.999904936203713,
        8.531101583007887,
        8.247682719579933,
        8.521203861452513,
        7.872056175905776,
        8.403615985861203,
        8.415857929489478,
        8.285311051236931,
        8.346158802274767
    ],
    "avg_delay_arcades": [
        7.763765467173866,
        7.136358408107717,
        8.240558680260122,
        7.006909517641664,
        8.185216828947775,
        7.057884246250673,
        6.5021944468696455,
        6.877986958677003,
        6.266942632775783,
        7.23364036886496,
        7.089141527264019,
        7.801197567533815,
        6.98071813616131,
        7.883793157861279,
        8.946894470303517,
        8.21859598840166,
        8.69808584616516,
        8.0032805526251,
        8.625879338409415,
        8.134789560071754,
        7.030411098961317,
        6.584000819971082,
        7.441206363776648,
        7.195499290881034,
        7.072265107948181,
        8.656620193596703,
        7.981884468899287,
        7.212346228355052,
        7.732299407858434,
        8.532533640361464,
        6.958691266354684,
        7.432826790438983,
        7.375137151298699,
        6.763617068416895,
        8.626760552169522,
        7.9636685412237265,
        6.434732850281649,
        7.357968537577077,
        7.351502042747961,
        7.171655733802722,
        6.471472756575687,
        6.9652393249690165,
        7.024400890521949,
        8.206696374063073,
        6.570264847031211,
        6.742965904764362,
        7.1642027641574915,
        7.5322843368030945,
        8.018839568368852,
        7.192439355587976,
        6.315549138010127,
        5.528937522920078,
        7.462248655118998,
        6.816333277005685,
        7.448198654287303,
        6.677587607980558,
        6.888591377279309,
        7.055741065038657,
        7.890627267548266,
        6.765740506179743,
        7.67268319038208,
        7.82091004138577,
        7.62317103519914,
        7.8728196338305025
    ],
    "final_wait_ticket": 8.085130649864317,
    "final_std_ticket": 0.39490686414255843,
    "final_w_ticket": 0.10287616403332561,
    "final_delay_arcades": 7.385163564618547,
    "final_std_arcades": 0.7035006563383651,
    "final_w_arcades": 0.1832671333180261,
    "correlation_delay_arcades": [
        0.2510037951968417,
        0.047224996385022845
    ]
}