{
    "seed": 430131813,
    "n_nodes": 3,
    "lambda": 0.1,
    "b": 8192,
    "k": 64,
    "avg_wait_ticket": [
        8.650309031444731,
        8.369158795581564,
        8.299686365794713,
        8.2531991579378,
        8.216366470288959,
        8.196127437114685,
        8.211190279991195,
        8.21601539320445,
        8.19919609920202,
        8.188566534450874,
        8.183286495464007,
        8.180892685071019,
        8.187275836919266,
        8.178676134388363,
        8.185564051715444,
        8.19369903618403,
        8.200201831726023,
        8.196128534513068,
        8.184926695361943,
        8.190070535106765,
        8.190739705942363,
        8.18941905734256,
        8.184822373461197,
        8.186623645265076,
        8.186400443515877,
        8.189884861236717,
        8.198188001474222,
        8.204762519449083,
        8.200226646351608,
        8.193092723110297,
        8.19065299553053,
        8.186678486281462,
        8.180878160283847,
        8.175676902410753,
        8.181124523123724,
        8.17920382650795,
        8.181378657050908,
        8.182345383577024,
        8.180119888610383,
        8.179834332453813,
        8.180472334832915,
        8.181249014545408,
        8.176074905819847,
        8.17332894136784,
        8.174471809812355,
        8.172407784894032,
        8.175942483913204,
        8.177391037745933,
        8.175022182839148,
        8.177007071964164,
        8.171478659137946,
        8.167893515552521,
        8.165410271704097,
        8.16760624488911,
        8.168796623627523,
        8.170044971933702,
        8.168516914154102,
        8.165912412249579,
        8.165139667499934,
        8.164904489333297,
        8.167171852743031,
        8.166834545976226,
        8.167473738336207,
        8.16831544691616
    ],
    "std_ticket": [
        0.33538154837744,
        0.04783298540588495,
        0.018824715964844488,
        0.025137536824110126,
        0.020869319788629458,
        0.01131892462865679,
        0.009683044081674775,
        0.007783810055580253,
        0.005060290043857672,
        0.005966983334495694,
        0.003824739437965149,
        0.0074484299122865374,
        0.0059191369784945495,
        0.002077860619095683,
        0.004088480925677248,
        0.004141900201215722,
        0.004829648035413681,
        0.003446536447133288,
        0.0030353023327231604,
        0.005160935809220456,
        0.002155273446409765,
        0.0022651242029687966,
        0.003032963775356046,
        0.001474219523544624,
        0.001667587623185242,
        0.0020272163022630714,
        0.003101898148308343,
        0.00118466243298122,
        0.002605059572844435,
        0.00248868047341017,
        0.0013682558549715617,
        0.001179979611103566,
        0.0033658612300596653,
        0.0018530496855218655,
        0.0022504365132047775,
        0.0013856416119355905,
        0.0020642208931012985,
        0.00147201067127168,
        0.0010179809939971996,
        0.0009838717712281587,
        0.0007679160230996483,
        0.0012398369402085846,
        0.0018696131776334388,
        0.001245688433392277,
        0.0008602597158890032,
        0.001259241404204319,
        0.0026836306308706567,
        0.001496776694460164,
        0.0009907929280391246,
        0.0007390098624748399,
        0.0026043204403722693,
        0.0009405220379400857,
        0.0012635365808303985,
        0.0017445874036174055,
        0.00129282451645783,
        0.0011462754851784306,
        0.0011089738283716441,
        0.0008956225365391957,
        0.001122409538633892,
        0.0011065614245531115,
        0.0008827727437571649,
        0.000873369040794161,
        0.0009156767140218029,
        0.0007496837535734773
    ],
    "w_ticket": [
        0.0072641193779541405,
        0.0010360275270756645,
        0.00040772959838212706,
        0.000544460687361825,
        0.00045201422384363497,
        0.0002451596402080389,
        0.00020972766239399157,
        0.00016859164057356424,
        0.00010960218635608026,
        0.00012924050079004062,
        8.284106266836284e-05,
        0.00016132755162869732,
        0.00012820418366563742,
        4.500494335745052e-05,
        8.85535106576118e-05,
        8.971053314877936e-05,
        0.00010460664891219338,
        7.464946212327233e-05,
        6.574243156713527e-05,
        0.00011178210012300591,
        4.668164865538655e-05,
        4.9060935808373705e-05,
        6.569178012262648e-05,
        3.193051812226405e-05,
        3.611872992602369e-05,
        4.3908024445045116e-05,
        6.718484829167899e-05,
        2.5658923030758015e-05,
        5.642368763390537e-05,
        5.390300134248815e-05,
        2.963542245595616e-05,
        2.5557496529182292e-05,
        7.290209584596708e-05,
        4.013570273628288e-05,
        4.8742811175851826e-05,
        3.0011985253384335e-05,
        4.4709516854754886e-05,
        3.188267599535946e-05,
        2.2048724805104674e-05,
        2.130994395302065e-05,
        1.6632500180844367e-05,
        2.6853962558300283e-05,
        4.049445587758231e-05,
        2.698070162677697e-05,
        1.86325971195945e-05,
        2.7274249075588334e-05,
        5.812547936310423e-05,
        3.24190899687241e-05,
        2.1459851154390644e-05,
        1.6006413854530987e-05,
        5.6407678564414494e-05,
        2.0371020392286633e-05,
        2.736727946414783e-05,
        3.7786488930183375e-05,
        2.8001634758172736e-05,
        2.4827489778857883e-05,
        2.4019563137243632e-05,
        1.9398529986166772e-05,
        2.4310570808192585e-05,
        2.3967312232533956e-05,
        1.9120212859890053e-05,
        1.891653552209804e-05,
        1.9832888823035147e-05,
        1.623760253960594e-05
    ],
    "avg_delay_arcades": [
        7.318607956814945,
        7.417463870922668,
        7.417064623540306,
        7.406807083796518,
        7.38889272377234,
        7.3267843627941565,
        7.392238214243392,
        7.407546643728661,
        7.368529519485499,
        7.38510304094648,
        7.392623530984652,
        7.424161705872501,
        7.4326372748132945,
        7.423594907102024,
        7.428584772179336,
        7.451853917107062,
        7.457767010451235,
        7.443217776642943,
        7.458194294984438,
        7.480226338446905,
        7.455362676135686,
        7.457345976370786,
        7.466743728449271,
        7.490351015894947,
        7.482202032702308,
        7.472308780088603,
        7.470045853665301,
        7.461350085123758,
        7.454364640745718,
        7.455043216234732,
        7.451864951816904,
        7.441380919496322,
        7.42623010427258,
        7.416444054697619,
        7.411565649648752,
        7.412845640016191,
        7.415037580353989,
        7.406077510577289,
        7.408559895702857,
        7.404095865709316,
        7.398043928986363,
        7.397591399377372,
        7.391959725566059,
        7.387001047051394,
        7.388125709107559,
        7.397363262960541,
        7.402208452105662,
        7.400964556088937,
        7.400300328499226,
        7.401301549834444,
        7.397326524760352,
        7.393964601253155,
        7.390905855269406,
        7.390517926395124,
        7.377737303239101,
        7.36441971830371,
        7.36283005572983,
        7.370016939747649,
        7.366831037608829,
        7.366785516181735,
        7.36950232766564,
        7.371510805614772,
        7.373440695311268,
        7.376992179567986
    ],