{
    "seed": 482548808,
    "n_nodes": 5,
    "lambda": 0.07142857142857142,
    "b": 256,
    "k": 64,
    "income": [
        3322.9631266156775,
        3545.9692985624947,
        3393.351965132694,
        3293.7049685436505,
        3336.903982051027,
        3285.2593400789738,
        3489.9642647308115,
        3326.471499762547,
        3450.2861090983324,
        3468.681681986768,
        3263.6078749908697,
        3425.0973763711017,
        3297.810739305667,
        3332.135799912809,
        3472.909886729259,
        3313.127271410483,
        3402.4711334831773,
        3458.065754227201,
        3324.8311545801744,
        3304.8105630327645,
        3480.3360353460776,
        3394.19285161093,
        3163.0985169221253,
        3419.644529327144,
        3203.2571741179077,
        3436.244139460665,
        3469.8040265521727,
        3350.711652285815,
        3405.3002937240553,
        3307.7478419814643,
        3432.3475051460528,
        3305.677298155367,
        3353.0988500495687,
        3203.6020924010036,
        3374.3138500134314,
        3446.9746016555255,
        3310.3644835868754,
        3294.9693204130062,
        3254.196424397163,
        3336.483987468898,
        3374.4954234677543,
        3281.214102753656,
        3230.5123424385924,
        3278.383995926878,
        3211.055002754766,
        3331.886161038313,
        3228.857045384749,
        3411.7477296500006,
        3203.5694878371696,
        3419.7616137692366,
        3461.4644717676947,
        3286.3798891609713,
        3403.364440201276,
        3265.317918966596,
        3375.6131520622475,
        3233.287099769852,
        3236.764323265881,
        3315.48542299354,
        3247.837651329622,
        3242.348622717846,
        3170.6190735206083,
        3433.3965312898563,
        3261.746019701037,
        3395.71352567911
    ],
    "avg_wait_system": [
        21.869241017350205,
        21.76899248082043,
        22.593340090508505,
        21.465045723955114,
        21.535223185162437,
        21.78340514526947,
        21.638126130094776,
        21.927101888487556,
        21.927395767905132,
        20.62710211561682,
        21.801397974350948,
        22.387234213527137,
        21.271822704196353,
        22.500667439291988,
        20.390361443953907,
        22.178406554051758,
        20.798604734393223,
        21.156736959116415,
        21.77583380607018,
        22.766578712138653,
        21.03577799609684,
        21.196905447388815,
        21.9097495749495,
        20.236846567862926,
        21.94714764810675,
        22.18042449798611,
        20.78405762359955,
        20.671379125108615,
        20.48339392804263,
        20.798432514021158,
        20.951740839051695,
        20.42774127567094,
        21.704885252897327,
        21.56570034973504,
        22.226277184822266,
        21.052512503925755,
        21.196794035433754,
        20.743106395146697,
        21.84033739083634,
        21.61854017631947,
        22.07138152671382,
        22.268169653993763,
        22.593075518597743,
        20.93393632922823,
        22.80476250672905,
        21.361419482801352,
        22.526559966459217,
        21.880205136557493,
        21.05520050298867,
        21.708509408173768,
        22.16280228424955,
        22.21820229904779,
        22.025537156703535,
        22.66275574822589,
        21.617362847608547,
        23.213306891365164,
        22.51447614023175,
        21.904919714179755,
        22.677145081883964,
        22.537326075276724,
        23.022838764957783,
        21.12773249444183,
        21.009159578244066,
        21.06658739179875
    ],
    "avg_wait_ticket": [
        6.867428479818093,
        7.404113911797812,
        7.43536602725158,
        7.305845845443841,
        6.583303864975709,
        5.849402203817852,
        6.117116663198004,
        6.919603952524026,
        7.353223673390998,
        6.318822207883033,
        6.640036056316207,
        7.108726646966311,
        6.854246214183479,
        7.633960948142326,
        6.36478879661047,
        7.258370999206566,
        6.559976010185984,
        6.543284209469583,
        7.469379406561185,
        7.4220685950242435,
        6.464220345242229,
        6.042990376219971,
        6.830911238390991,
        6.540042847663082,
        7.202817583171547,
        7.844881497273013,
        6.296238314276405,
        6.163633010858629,
        6.238664684284744,
        5.85258901955487,
        7.3636861927038595,
        6.244559365000428,
        6.626143725057671,
        6.736578051873332,
        7.448931587871851,
        5.803025782436784,
        6.06846564572849,
        6.020247849841908,
        7.007771544110488,
        6.706893610447462,
        7.024542180445583,
        7.36385897946873,
        7.300775519741503,
        6.317700931117858,
        6.880194990058017,
        6.422711111204102,
        6.858127550852889,
        7.042868449690259,
        6.4854402819185495,
        6.96149116469879,
        6.881541962023801,
        7.207193899479267,
        7.459669443784023,
        7.743781193892329,
        6.678847974723196,
        7.578668354665692,
        7.77477844553277,
        7.071442340664539,
        7.176892910905278,
        7.765724497545521,
        7.288956553585854,
        6.298686470051287,
        6.2763582702281395,
        6.313013806952964
    ],
    "avg_delay_arcades": [
        2.178490956069022,
        1.3287176258928826,
        2.1263938412678542,
        1.8080745361471895,
        1.8192458021990512,
        2.430755167620926,
        1.6681536850712493,
        2.0171425112750745,
        1.4156140448664023,
        1.2503332586011324,
        2.0315660494278034,
        1.8322037783054896,
        1.5591092587163145,
        1.916410732132638,
        1.1530944323464856,
        1.9357031604384498,
        1.4981005706946404,
        1.4529076408361217,
        1.7292288662707442,
        2.265973190203545,
        1.1934827544093767,
        1.8352151729593733,
        2.5279085584092575,
        1.4139859788058264,
        2.108714129410461,
        1.2561763633082061,
        1.3207901544024008,
        1.525396765524883,
        1.4842434593107492,
        2.0353763805782226,
        1.1982839252046786,
        1.5966135092231646,
        1.8877788661559436,
        2.32789090172344,
        1.7106641462759449,
        1.6545219120534767,
        2.0953952214402802,
        1.72629384026719,
        2.2243440437689985,
        1.8213029185196856,
        1.7838279021809487,
        2.237016504840539,
        2.5539725365874553,
        1.884046301189035,
        2.717807215639683,
        1.9176284827399368,
        2.4202095347085404,
        1.528059855365852,
        2.0322870903573076,
        1.6382502559553067,
        1.7311215630109793,
        2.139610296775751,
        1.5689539502376773,
        2.0231213878192777,
        1.7783976418028438,
        2.398599513317796,
        2.3097257635956834,
        1.9241530302357226,
        2.5405414393753154,
        2.062734102225557,
        2.562529146619961,
        1.572274848597469,
        1.891721063729276,
        1.5311990578982393
    ],
    "final_wait_ticket": 6.811214500061578,
    "final_std_ticket": 0.5476699673749674,
    "final_w_ticket": 0.1426720842701132,
    "final_delay_arcades": 1.8611284939260626,
    "final_std_arcades": 0.3889807884392996,
    "final_w_arcades": 0.10133237740544294,
    "final_income": 3336.593682563576,
    "final_std_income": 88.6439248515647,
    "final_w_income": 23.092399199967673,
    "final_wait_system": 21.666685360018118,
    "final_std_system": 0.7320529654790335,
    "final_w_system": 0.19070522139751125,