{
    "seed": 482548808,
    "n_nodes": 19,
    "lambda": 0.02857142857142857,
    "b": 256,
    "k": 64,
    "income": [
        3729.0367868556696,
        3635.5178103777325,
        3366.581036635489,
        3140.4067252892446,
        2954.0547376476693,
        2929.422101131441,
        2793.2901750517403,
        2532.328286762072,
        2299.7365689237868,
        2179.2944603308206,
        1891.1943957157828,
        1821.4245207449837,
        1457.1731788322468,
        1503.7100705536614,
        1254.205917113925,
        1072.161326975041,
        891.1595716484655,
        750.171363361052,
        588.8458219076347,
        427.16713385247476,
        308.8596337937381,
        119.81111076466959,
        -167.28907183799083,
        -280.81580741936614,
        -565.1230529700683,
        -680.574743299921,
        -792.6473306311198,
        -1117.0660327373766,
        -1124.1824681235062,
        -1375.392043825457,
        -1579.1166564545097,
        -1730.0196339729898,
        -1891.6641596287136,
        -2033.775952860813,
        -2166.859147533298,
        -2314.6840773128506,
        -2649.089761785341,
        -2716.7008816297584,
        -2870.155441513965,
        -3148.231936141681,
        -3209.0211073556566,
        -3357.2767759314597,
        -3595.5453032698615,
        -3811.3365650327446,
        -3978.299752814034,
        -4107.220487447623,
        -4216.789929925582,
        -4530.665943387902,
        -4548.975741023466,
        -4664.355489895436,
        -4888.953251178501,
        -5094.767423035857,
        -5342.832411619958,
        -5478.060408402089,
        -5591.729133767857,
        -5803.812570441243,
        -5915.229126329297,
        -6063.095465311788,
        -6289.3971063869385,
        -6471.294604569558,
        -6536.054699827398,
        -6755.945444063144,
        -7031.166059716726,
        -7005.405409399404
    ],
    "avg_wait_system": [
        19.07038047172979,
        19.546798476737024,
        19.653658332719303,
        18.84490969575009,
        18.785114590228233,
        18.696217226944498,
        19.512139650042116,
        18.909669444416352,
        19.466915109037085,
        19.219720878714497,
        18.91245875359806,
        19.603473286448036,
        19.098792891017126,
        19.39146634108539,
        19.054402358648417,
        18.863785409341176,
        19.188690618934515,
        18.61268079445597,
        19.19712650375925,
        19.900184403426465,
        18.926951529426447,
        19.223940106877876,
        18.542259521513074,
        18.54518756937489,
        19.14705296387808,
        19.35014353986344,
        19.209202788466996,
        18.177652493241226,
        18.667581574077985,
        18.80636412511035,
        18.872917255254606,
        19.021130456526407,
        18.569822426345127,
        19.401194639275445,
        19.748792877002415,
        18.847348511481414,
        18.493412042560294,
        18.487101414337758,
        19.313017444785146,
        19.086170927553212,
        19.514796289292462,
        19.8935393648012,
        19.00349403682867,
        19.649657584087436,
        19.039414410960262,
        19.046589056590165,
        19.50834490864986,
        19.162534349441103,
        18.997308603106934,
        19.162905334054813,
        19.55653170062692,
        19.243705623538972,
        19.525546201435873,
        19.20362006655182,
        19.010470741897734,
        19.410354446557903,
        19.354114280367867,
        19.263755065948683,
        19.173329682590975,
        19.12951917845794,
        19.29683345404237,
        18.89337689122476,
        18.919601925786083,
        19.31682265111658
    ],
    "avg_wait_ticket": [
        5.654658572336502,
        6.118320271909002,
        6.129397925715494,
        5.950388861806879,
        5.497285251964453,
        5.057329007927685,
        5.365327761653668,
        5.520194293056395,
        5.926071072968749,
        5.349734189478062,
        5.766184707769352,
        5.582315309689719,
        5.966548907233613,
        5.961622788669285,
        5.84679492412299,
        5.515097290451528,
        5.744388696189369,
        5.24463813427845,
        5.759944475766047,
        6.449283977613023,
        5.53577410111088,
        5.562039259603042,
        5.637761610789069,
        5.63554888964197,
        6.039056441755887,
        5.94248167760393,
        5.18071989316195,
        5.112300874654808,
        5.4099327589480835,
        5.2127843900571875,
        5.988393689598457,
        5.481195460776775,
        5.2516381023155,
        6.240631714217626,
        6.021924743992764,
        5.2514337864402405,
        5.3459084521465465,
        5.4511083673221865,
        5.695061832565653,
        5.665885239535551,
        5.561962142058995,
        6.429480036139119,
        5.766804378401227,
        6.068110072892688,
        5.763145024543359,
        5.329563140145946,
        6.000986235850582,
        5.531367631398377,
        5.542922239305208,
        5.7154272230344265,
        5.914849057419979,
        5.7572839471214685,
        6.475139895420868,
        5.561266439786637,
        5.798508142486419,
        6.261356583527451,
        6.085269748146951,
        6.014948078945163,
        5.930432563872815,
        6.102335936970269,
        5.491781918454408,
        5.277607385986177,
        5.463839452775556,
        5.858197255885081
    ],
    "avg_delay_arcades": [
        0.1407008697931371,
        0.035356011341316745,
        0.30842359157415283,
        0.18914641271769878,
        0.25934093290651744,
        0.12780648922784144,
        0.09182721512817307,
        0.03776691339264385,
        0.15648211421855432,
        0.07297352726797982,
        0.11342248997675437,
        0.2422925753154498,
        0.2132335288302846,
        0.003088910687610654,
        0.11149384295179254,
        0.0553251213937661,
        0.14522409734336517,
        0.041757849894765754,
        0.11195844102259428,
        0.1613007932233203,
        0.11858231689649601,
        0.1971095211449147,
        0.1126279819226402,
        0.05293909937522801,
        0.24281058132896002,
        0.22216539767229385,
        0.2535052536922507,
        0.1090765768492421,
        0.06246160609813184,
        0.11728348117628815,
        0.2162050501377173,
        0.20682110197325027,
        0.10029572843081484,
        0.08838275469970966,
        0.16398621734812438,
        0.17873691229640803,
        0.14554664650833002,
        0.07778774472935553,
        0.1195276961535084,
        0.15089891793222757,
        0.27204878886103223,
        0.24067268812625545,
        0.1006951832512038,
        0.41677038526694304,
        0.34009507562473107,
        0.2619786840429824,
        0.06200606730423266,
        0.19365329512595067,
        0.11092744407435781,
        0.012128330518189295,
        0.13521454700996727,
        0.2052406860592215,
        0.12264507181998571,
        0.2748485801826198,
        0.1158009739906115,
        0.15293316943536536,
        0.12632002634576067,
        0.09068022071263301,
        0.17723107683249104,
        0.0972821397633805,
        0.044416742073516174,
        0.08048744116206179,
        0.10994980510608422,
        0.12635851447433918
    ],
    "final_wait_ticket": 5.698615443427327,
    "final_std_ticket": 0.338937704824798,
    "final_w_ticket": 0.08829578334715273,
    "final_delay_arcades": 0.14587383943852042,
    "final_std_arcades": 0.08074978356795263,
    "final_w_arcades": 0.021035916906709903,
    "final_income": -2095.276800578351,
    "final_std_income": 3002.1833987678265,
    "final_w_income": 782.0910190061226,
    "final_wait_system": 19.118770805250115,
    "final_std_system": 0.35842796751336503,
    "final_w_system": 0.09337314118380408,