{
    "seed": 482548808,
    "n_nodes": 4,
    "lambda": 0.022222222222222223,
    "b": 512,
    "k": 64,
    "income": [
        3845.724782443014,
        3918.700456383683,
        3706.528350916243,
        3893.803247102064,
        3960.533790350786,
        3820.2650093525144,
        3598.762122054609,
        3627.979820848423,
        3849.796616772831,
        3706.281685163714,
        3797.1938899051997,
        3647.459907272723,
        3724.4161669200803,
        3426.9452819065136,
        3593.2229050669794,
        3627.601558665091,
        3544.2499896530835,
        3808.264856730757,
        3769.9811488709774,
        3648.558463430375,
        3550.8796641830463,
        3537.2892725202923,
        3777.6878318869763,
        3600.944409054135,
        3613.350209500154,
        3627.180711277103,
        3504.2001906861065,
        3517.817167238267,
        3539.9646312836126,
        3609.3623329063075,
        3732.408388402725,
        3755.4463138158835,
        3862.9992109954783,
        3847.6281554033044,
        3749.364034126605,
        3924.045224810214,
        3620.259879034621,
        3574.264738249581,
        3752.094255254443,
        3710.5249077194153,
        3672.5974832438606,
        3758.204984800568,
        3626.4945575102456,
        3723.976833643695,
        3679.063382652823,
        3811.274228983361,
        3800.5201884511594,
        3738.7132807515864,
        3695.746044746289,
        3834.111515638459,
        3726.813160723491,
        3668.6110130090847,
        3673.701753783182,
        3745.3719878851657,
        3568.638737457089,
        3680.928076834604,
        3707.3040460298234,
        3703.4986881040113,
        3572.1255856249695,
        3640.4777337368764,
        3645.9088655608616,
        3523.297958204438,
        3675.6505782502823,
        3806.2420931694896
    ],
    "avg_wait_system": [
        19.67428409415435,
        19.463511964953383,
        19.32327116612467,
        19.482406925681488,
        19.280471383267695,
        19.273546279118335,
        19.692726795810927,
        19.217022931271345,
        19.09105510082395,
        19.558891575149403,
        19.318970381844906,
        19.491873163244918,
        19.388320691494677,
        19.459242333220345,
        19.151877803749585,
        19.174932955329783,
        19.529743206281978,
        19.505435016359797,
        18.822426045986617,
        19.403875906516873,
        19.999246670552566,
        19.614488846395147,
        19.465511299330274,
        19.758330175431183,
        19.689464754996607,
        19.693392531386962,
        19.96827477888928,
        19.625842695354095,
        19.985833505297478,
        19.66549369228528,
        19.168174329226076,
        19.29200522966812,
        19.346834283220687,
        19.663594947875254,
        19.124546792830188,
        19.42296378785136,
        19.485505168747522,
        19.630466174856565,
        19.10327212913444,
        19.915297496841276,
        19.28915634373061,
        19.445913039784273,
        19.611306128779233,
        19.74105426239953,
        19.936952008302114,
        19.341846168321354,
        19.954120546957256,
        19.650282725525813,
        19.33932396251339,
        19.961668644965812,
        19.950854470149807,
        19.53901921375882,
        19.688796716518027,
        19.21429477770107,
        19.962767221839385,
        19.726841901069747,
        19.0684785748781,
        19.781732792188905,
        19.658483910809537,
        19.685883891896083,
        19.45729594321574,
        19.301125636785855,
        19.479549809757373,
        19.526770916453188
    ],
    "avg_wait_ticket": [
        5.722110596853109,
        5.907761716192042,
        5.138865021461945,
        5.339674929065269,
        5.441028809699178,
        5.485473939598282,
        5.8316580632492165,
        5.501881160728311,
        5.239325150402241,
        5.90451582268513,
        5.316962895277006,
        5.837383198876899,
        5.820056240955241,
        5.2374434015515865,
        5.188732774257095,
        5.779363938635999,
        5.609444046825681,
        5.277964402552357,
        5.314454699122403,
        5.454551670228915,
        5.874621031830799,
        5.621876514593797,
        5.4684475452773444,
        5.558289630268701,
        5.4158179180369865,
        5.579696277520767,
        5.936356169335934,
        5.668573074535432,
        5.972990733725446,
        6.013976201558584,
        5.300879259513211,
        5.484086958238784,
        5.759857573399734,
        5.779560737566018,
        5.550424392258496,
        5.567772443016608,
        5.689420703166979,
        5.476725790999462,
        5.533156346288094,
        5.290667039598502,
        5.0863251162705625,
        5.619155683420831,
        5.7595323902702455,
        5.6702323030416775,
        5.562670601030842,
        5.700666834846258,
        6.229930980280064,
        5.755914847544755,
        5.531416235983968,
        5.806729308138192,
        5.884951766385848,
        5.644527839731295,
        5.466503193828535,
        5.5177644890068,
        6.075609113523841,
        5.75823547629904,
        5.368223141608057,
        5.6905972776713805,
        5.5423314154219225,
        5.880792647680227,
        5.556816625072641,
        5.2366106794378435,
        5.203253645531859,
        5.768017905580839
    ],
    "avg_delay_arcades": [
        0.5631489197175509,
        0.43565610466294635,
        0.6499713627108654,
        0.5061967528979363,
        0.37471218017161667,
        0.5260475613840947,
        0.6713792556138054,
        0.6945215673641312,
        0.47784896669427745,
        0.62369747442712,
        0.5673448690471776,
        0.6391582060855001,
        0.5510121739505346,
        0.8824690369054051,
        0.7124510173139269,
        0.6416478776648548,
        0.7538422237161031,
        0.556184620231092,
        0.5225602982879327,
        0.6647362618057399,
        0.7987047933369978,
        0.778276252530314,
        0.5780930991040643,
        0.704555818963052,
        0.7006630515304547,
        0.7387291216964691,
        0.8034762876420181,
        0.8321688590705799,
        0.7755462946085587,
        0.6871287572681277,
        0.5881788305471232,
        0.5647186213687538,
        0.4459191724535933,
        0.480052687598268,
        0.5253456439026696,
        0.43947053950583237,
        0.6848058496578515,
        0.7492212441450293,
        0.5500058739729624,
        0.6547127946376862,
        0.6490860659431154,
        0.5709298934953574,
        0.67843092279116,
        0.6411523854398236,
        0.6951072609126532,
        0.4802518145662288,
        0.5369977804754975,
        0.5907385358215587,
        0.5986208557927365,
        0.4846114912031986,
        0.6558100795948889,
        0.6619806778362962,
        0.69183290949276,
        0.5749776090782428,
        0.7807300228167113,
        0.6670768453091055,
        0.5777165851849859,
        0.6878770660280449,
        0.7686353086967855,
        0.6552482236302495,
        0.6674399331011617,
        0.7839489179913722,
        0.672418443066516,
        0.5760621554523195
    ],
    "final_wait_ticket": 5.601670767883047,
    "final_std_ticket": 0.24324731449829362,
    "final_w_ticket": 0.06336772768264366,
    "final_delay_arcades": 0.6381178161320746,
    "final_std_arcades": 0.10688373026022914,
    "final_w_arcades": 0.02784400365037885,
    "final_income": 3687.308292001807,
    "final_std_income": 109.81993795973005,
    "final_w_income": 28.60890751090209,
    "final_wait_system": 19.52154117446571,
    "final_std_system": 0.2749228396801195,
    "final_w_system": 0.07161943668122643,