{
    "seed": 539458255,
    "n_nodes": 19,
    "lambda": 0.022222222222222223,
    "b": 512,
    "k": 64,
    "income": [
        2142.670988830037,
        2205.4499051064704,
        2068.8725983925465,
        2059.076584029959,
        2203.030730116546,
        1988.302406810113,
        2128.151967012828,
        2157.026269723679,
        2072.7191042207733,
        2228.4868166813712,
        2116.0437597066043,
        2200.6290525682894,
        2120.4711194410916,
        2116.8840672096185,
        2158.3428482046706,
        2121.591682553366,
        2204.9503010245517,
        2202.70483048184,
        2192.9110108544005,
        2195.139045577123,
        2137.374397961099,
        2095.5538199925977,
        2139.4657394091996,
        2137.806888462952,
        2180.7983882493213,
        2169.6086208041197,
        2165.6852644530754,
        2128.366679013728,
        2097.7463511775522,
        2075.1914571219772,
        2214.0817814262496,
        2059.2845513388675,
        2129.816053347616,
        2140.3517436341663,
        2174.1959313997554,
        2165.429910463124,
        2152.5659127251884,
        2147.008861755195,
        2139.3701842277937,
        2201.3367057470423,
        2126.3259531723584,
        2204.3809028422106,
        2172.190708646298,
        2180.51903339548,
        2037.398683103355,
        2149.899163502902,
        2131.3423144884455,
        2146.6403430319833,
        2152.951043016866,
        2157.709911556237,
        2104.643283620236,
        2128.00161806236,
        2217.1843049808563,
        2140.9269645055942,
        2151.626830756522,
        2150.360380819326,
        2186.8370717790617,
        2098.2862427754935,
        2187.0180712241963,
        2142.189946310997,
        2165.82538200105,
        2152.8924868355616,
        2131.873960953333,
        2145.7815749538754
    ],
    "avg_wait_system": [
        19.370716367683514,
        19.788178930779097,
        19.62393477275286,
        19.2968835542425,
        20.012508294194475,
        19.65205760758016,
        19.410515744974077,
        19.64881767114582,
        19.65853680423686,
        19.763067765431003,
        19.76928979951265,
        19.95604360687878,
        19.850380070775714,
        19.643337199408847,
        19.842781528835985,
        19.878549207579,
        19.554131793400302,
        20.047189629415016,
        19.202657952936192,
        19.27446393688649,
        19.254893105970268,
        20.09448308063986,
        19.656407224694817,
        19.15226165719855,
        19.658828094095497,
        19.42213364151212,
        19.178016046565972,
        19.77398665020428,
        19.740519137374577,
        19.705089136120705,
        19.362308806903684,
        19.555886691536216,
        19.56685645539733,
        19.66193511860388,
        19.584465370556018,
        19.501359580163808,
        19.389869134919763,
        19.374499872635397,
        19.649588543759137,
        19.417825434895803,
        19.573276026095527,
        19.53489808289487,
        19.396751273392056,
        19.277810341839768,
        19.594638783997198,
        20.04879800326171,
        19.98176309345945,
        19.41736855544741,
        19.632562702278392,
        19.665540809232425,
        19.760166786849823,
        19.235591383856445,
        19.084817109426695,
        19.697656125735193,
        19.17180016351358,
        19.177723001079812,
        19.464843527921403,
        19.422542276801778,
        19.357979081317808,
        19.69359531879263,
        19.141337106992523,
        19.655934575534047,
        19.321093980533533,
        19.771967102286908
    ],
    "avg_wait_ticket": [
        5.308714822536947,
        6.095708124332601,
        5.6380307331793205,
        5.12199525892666,
        6.0940029445898265,
        5.48885161467168,
        5.774499449144579,
        5.806925177196613,
        5.576067076511556,
        5.714648148920711,
        5.82195481855007,
        5.971428289962645,
        5.89688460702068,
        5.430880126336629,
        5.985173976783041,
        5.732859470748696,
        5.615904234126385,
        6.038521184176168,
        5.659563632552421,
        5.183773427038483,
        5.302445725221216,
        6.010417813016555,
        5.665610289945063,
        4.989101039287343,
        5.5936874933493135,
        5.603664925714364,
        5.056150642011387,
        5.864303933746298,
        5.952165790677424,
        5.94257047097518,
        5.304835102589346,
        5.42480974266662,
        5.500201762903754,
        5.703453941261407,
        5.614701054449087,
        5.4232985976589445,
        5.297645078662909,
        5.490866823829199,
        5.607656393971131,
        5.451322581013319,
        5.517471950168911,
        5.488423194655257,
        5.498340594242787,
        5.567762892281108,
        5.807168461864187,
        5.753805121956989,
        6.237228943146461,
        5.700004623068232,
        5.682301573196381,
        5.464427824080282,
        5.5682517444109765,
        5.329545932773064,
        5.296199671004954,
        5.593401050666316,
        5.295240695395902,
        5.062738312852721,
        5.4383090658723185,
        5.445858495977668,
        5.428069811332028,
        5.897727616799057,
        5.227102881421993,
        5.785244069785386,
        5.415557209445122,
        5.793039117582456
    ],
    "avg_delay_arcades": [
        0.12434473747066699,
        0.06303720204446248,
        0.1964134781322787,
        0.205979898408243,
        0.0653996776205606,
        0.275095305849499,
        0.13852346971403476,
        0.11032590847296972,
        0.19265712478440103,
        0.0405402180845984,
        0.1503478909115194,
        0.06774506585127994,
        0.14602429742080894,
        0.14952727811560673,
        0.10904018730012635,
        0.14492999750647875,
        0.06352509665571121,
        0.06571793898257834,
        0.07528221596249947,
        0.0731064008035907,
        0.12951718949111432,
        0.17035759766347902,
        0.12747486385820359,
        0.12909483548539868,
        0.08711094897527219,
        0.098038456245977,
        0.10186985893254348,
        0.138313790025656,
        0.16821645392817164,
        0.19024271765431902,
        0.054607635325928265,
        0.2057768053331371,
        0.13689838540271868,
        0.12660962535725928,
        0.09355866074242652,
        0.10211922806335527,
        0.11468172585430825,
        0.12010853344219247,
        0.12756817946504517,
        0.06705399829390388,
        0.14030668635511884,
        0.06408114956815365,
        0.09551688608759955,
        0.08738375644972636,
        0.2271497235318797,
        0.11728597314169752,
        0.13540789600737765,
        0.12046841500782868,
        0.11430562205384158,
        0.10965828949586243,
        0.16148116833961332,
        0.13867029486097637,
        0.0515778271671327,
        0.1260478862250057,
        0.11559879808933411,
        0.11683556560612703,
        0.08121379709076014,
        0.16768921603955714,
        0.08103703982012092,
        0.12481450555566703,
        0.10173302538959941,
        0.11436280582464704,
        0.13488871000651037,
        0.12130705570910587
    ],
    "final_wait_ticket": 5.59806780392101,
    "final_std_ticket": 0.26739878333795636,
    "final_w_ticket": 0.06965936425723095,
    "final_delay_arcades": 0.12009716094999859,
    "final_std_arcades": 0.043813570102214684,
    "final_w_arcades": 0.011413759632939478,
    "final_income": 2147.0205071872015,
    "final_std_income": 44.865095784667844,
    "final_w_income": 11.687689864130027,
    "final_wait_system": 19.565766610157993,
    "final_std_system": 0.25404570233966667,
    "final_w_system": 0.06618078772219652,