{
    "seed": 306186735,
    "n_nodes": 3,
    "lambda": 0.1,
    "b": 1024,
    "k": 64,
    "avg_wait_ticket": [
        7.731408450562762,
        8.31766633047197,
        8.182827687396385,
        7.374354870105675,
        7.558367671734374,
        7.557486773288452,
        7.778007339180986,
        7.982518101416663,
        8.985001445126528,
        7.98204934210885,
        7.636831362255912,
        9.016420876170562,
        7.842092728095949,
        7.732356840859004,
        8.669377332764785,
        7.92890693850126,
        8.91019577603398,
        8.843226103624287,
        7.485030823790844,
        8.096970928228767,
        8.008861583306274,
        8.16088114224314,
        8.198714925212233,
        8.053643769020606,
        8.290017346507307,
        7.531263715347758,
        8.606782665509916,
        7.9511185809328,
        7.7131193821394,
        7.067547762722807,
        8.72326644505599,
        8.211541596572342,
        7.617213110395788,
        8.342400797120034,
        7.932353093358049,
        7.257440166190537,
        7.817855168363619,
        7.839078741049085,
        8.14449359180512,
        8.401545082273847,
        7.589169565633485,
        7.91341666812803,
        8.641590074423487,
        9.054699499872322,
        7.444623913997565,
        7.842160507562284,
        8.046619785308028,
        7.977490325246166,
        7.423383110459623,
        8.007618996900142,
        8.500251489885297,
        7.935888716613678,
        7.7860426255500395,
        7.89795638220524,
        7.460373820259015,
        8.842936935444204,
        8.056755747391522,
        7.387075753056934,
        7.797687212158516,
        7.600436530667626,
        7.588974984899933,
        8.420833051083575,
        7.905924794126311,
        8.555152649765223
    ],
    "avg_delay_arcades": [
        6.121538682330613,
        7.309148400543793,
        9.57487944826949,
        7.028043394883778,
        6.466680087246806,
        7.015423545317581,
        6.47415008315978,
        6.861322559787645,
        8.360203222373656,
        10.377830772100344,
        7.330396128874638,
        6.912751680359541,
        7.741222374539803,
        5.82464846937862,
        5.8194116962519145,
        6.034734428485948,
        6.794105738123459,
        7.75425556555776,
        9.29839920032716,
        6.986781544957996,
        7.480463008487901,
        8.844799491827809,
        8.491386709970026,
        6.558991794117424,
        8.911264784985805,
        7.737169744353314,
        7.190036805507728,
        8.076028051716365,
        7.471293972615984,
        7.507915965388183,
        8.596727641895859,
        7.1393881078579895,
        7.868376270584822,
        5.725613308796422,
        6.788844591723304,
        6.963390297559054,
        7.518159158414075,
        5.974862699357168,
        6.793459090355427,
        6.5476338551930935,
        8.040878654897682,
        7.379033115918436,
        7.307239105416635,
        7.906185487763277,
        7.867391512509357,
        7.617233990049851,
        8.64623186253828,
        6.653608611876401,
        7.3074920465427695,
        7.036257465838269,
        6.187372712394115,
        7.125738872926831,
        7.014403807174282,
        8.211930828818456,
        7.471403398044679,
        9.119160220993578,
        7.975728022205484,
        5.303380271743522,
        6.206197369039444,
        8.425795250375517,
        5.966087579938045,
        8.135489784371892,
        7.641367831280935,
        7.633443599682724
    ],
    "final_wait_ticket": 8.025850703149102,
    "final_std_ticket": 0.47204385045073094,
    "final_w_ticket": 0.122970920486106,
    "final_delay_arcades": 7.373619564164848,
    "final_std_arcades": 0.9823848021175546,
    "final_w_arcades": 0.25591851958797135,
    "correlation_delay_arcades": [
        0.11442302297038248,
        0.3718810000870085
    ]
}