{
    "seed": 725267564,
    "n_nodes": 3,
    "lambda": 0.1,
    "b": 1024,
    "k": 64,
    "avg_wait_ticket": [
        7.996361106899364,
        8.159179142747812,
        7.5761482738697685,
        7.697505965521788,
        8.033118855528095,
        8.064212683283362,
        8.321578811098794,
        8.721368563966804,
        7.404383593122318,
        8.411413227043434,
        8.243437786971601,
        7.966841968349538,
        9.334408116814718,
        8.347455808245286,
        7.561706967733165,
        8.127970890201967,
        8.6577275229768,
        8.415916448331572,
        7.9241246144370425,
        8.638782058329255,
        7.882283094344658,
        8.001003865395694,
        7.527662108560875,
        7.716984178426008,
        8.629326624001202,
        8.226923292408227,
        8.15285752007326,
        8.289982747756666,
        8.386480487586104,
        8.18659952845999,
        7.4490170357804875,
        7.707536203599824,
        8.401239271395163,
        8.033590778792608,
        8.046954312642958,
        8.060999595636977,
        8.780110121603258,
        8.094329644502286,
        9.096835122881787,
        7.4890614625735905,
        8.061365962108681,
        8.59846836933852,
        8.08287083224076,
        7.363700476729665,
        8.061091434696912,
        7.803943710456509,
        7.460286122430032,
        8.886235136131077,
        8.339361135431535,
        9.026308746730175,
        8.080941127604518,
        7.653459331408668,
        8.132806157013338,
        8.48082277957299,
        8.066264125068663,
        7.378102619465013,
        8.488262198679037,
        8.44193198390366,
        8.444234084530692,
        7.703722927290832,
        7.805220778708295,
        7.98162708331371,
        9.15049259337004,
        7.7483156375447795
    ],
    "avg_delay_arcades": [
        8.352894717134598,
        7.825469984765578,
        8.029825581234016,
        7.290020360303031,
        6.508243890142549,
        6.5636647031384285,
        8.62693547019269,
        7.759444978417186,
        5.955036937125482,
        7.6485304451167515,
        6.643396632687562,
        5.988836046365498,
        7.573887871031985,
        7.921803766788218,
        6.552542909581052,
        7.585974751609432,
        7.596284430453779,
        8.335032477173579,
        7.073165131855753,
        6.3612242548109,
        6.45505848709561,
        8.642125791306421,
        7.3163217819942075,
        7.05234167231412,
        7.189196680117436,
        6.632062131277685,
        7.103606249944595,
        7.420854310527074,
        6.946225586033296,
        6.879062603037056,
        5.826004961225114,
        6.838863570454625,
        8.528264686082522,
        8.494905946432782,
        6.765992293949451,
        6.840330946310785,
        7.977148824060869,
        8.203251122374324,
        7.7347367132000935,
        7.4908839965366285,
        9.042681545968849,
        6.932162284580893,
        6.812652452902703,
        8.099570497225898,
        6.767353886981316,
        7.677044411150935,
        5.845788261164597,
        7.398690248568063,
        6.393038711266784,
        7.932543104506588,
        6.92342703684671,
        7.744939580409628,
        7.640607148607372,
        7.456708456587765,
        7.3258109128361495,
        8.128206018679352,
        8.337236736492754,
        8.662243648512053,
        8.99481017203133,
        6.549589712847467,
        6.423434676863185,
        8.133557791727482,
        7.283586497605338,
        8.097011373789067
    ],
    "final_wait_ticket": 8.159567671110391,
    "final_std_ticket": 0.4599489131409575,
    "final_w_ticket": 0.11982009970370534,
    "final_delay_arcades": 7.360565636981964,
    "final_std_arcades": 0.8063208269757173,
    "final_w_arcades": 0.21005254957912275,
    "correlation_delay_arcades": [
        0.07426740972127883,
        0.5629436098363406
    ]
}