{
    "seed": 238927874,
    "n_nodes": 3,
    "lambda": 0.1,
    "b": 8192,
    "k": 64,
    "avg_wait_ticket": [
        8.109009199836628,
        8.148428240527792,
        8.10063082818911,
        8.146935702911684,
        8.123998679192725,
        8.091983107125616,
        8.091228203577025,
        8.0920569512407,
        8.065483881911437,
        8.057898220402851,
        8.072533982556285,
        8.075802930133229,
        8.066752443544647,
        8.062500771126949,
        8.08566691165086,
        8.07596459917881,
        8.073845759499353,
        8.086219316886652,
        8.103930545409316,
        8.10122287666602,
        8.091510768688247,
        8.089763163650792,
        8.0941417047054,
        8.095276129853671,
        8.107303316400582,
        8.105005519659032,
        8.103113075348881,
        8.106171451201735,
        8.099617241489177,
        8.10203362454364,
        8.102721929414674,
        8.094485911286055,
        8.091093476278724,
        8.091903099113253,
        8.090505371659981,
        8.09626627299697,
        8.094883567038561,
        8.093322248889406,
        8.09461640327831,
        8.091975838965192,
        8.095098549476859,
        8.097187894682312,
        8.098512800767065,
        8.098725152304358,
        8.095329003012809,
        8.088677206704968,
        8.089847361449598,
        8.090780801377782,
        8.090992787637617,
        8.092836544777334,
        8.095290918660515,
        8.094457247752432,
        8.095584759602316,
        8.10086233089966,
        8.105372602751787,
        8.110968921612915,
        8.115304333620458,
        8.114670666048893,
        8.113113833692411,
        8.116582123774322,
        8.11553035731321,
        8.116702189174399,
        8.116252586028942,
        8.118069022921272
    ],
    "std_ticket": [
        0.8225045473589366,
        0.025972739192456105,
        0.020141170343648762,
        0.018020931713565433,
        0.016730162479484056,
        0.007645942774352473,
        0.012680294680471561,
        0.013043550897522259,
        0.011234592662396225,
        0.006703640242767388,
        0.011725020984039216,
        0.00371681843911029,
        0.00538108391461149,
        0.01068435689246513,
        0.004224268358873757,
        0.005038252083260991,
        0.003914323452761331,
        0.007327174550054615,
        0.00545189959678747,
        0.004808069989583378,
        0.0022061621384012386,
        0.0020554622522461156,
        0.002831554023538811,
        0.00343547976104279,
        0.0017747676844675792,
        0.003392832457534292,
        0.0026406549103899163,
        0.00210228837452692,
        0.001748568993978558,
        0.0011378928992923298,
        0.001485309153712703,
        0.003382817148318033,
        0.001509437143126837,
        0.002076096620921853,
        0.004157609136677367,
        0.001540338928782494,
        0.001741477250104596,
        0.000816257497432733,
        0.0011404040924969134,
        0.0015930720746308088,
        0.0009724211798965828,
        0.0009588217357246112,
        0.001621084325524771,
        0.0007779289298130501,
        0.001941653300899208,
        0.0012441381833899069,
        0.0016990811874794565,
        0.0011289282488631603,
        0.0016800741109972465,
        0.0024160873139435234,
        0.000643247586627556,
        0.0008114056062265521,
        0.0013267474703082438,
        0.0022727841158368452,
        0.0016344261825825556,
        0.0021441594860945948,
        0.0007670911478899685,
        0.000764562083457446,
        0.0005332072464605119,
        0.0010297928285990957,
        0.0006835779513039814,
        0.0018443742386202936,
        0.0012276223279761678,
        0.001834720155037573
    ],
    "w_ticket": [
        0.017814847745295202,
        0.0005625505606353165,
        0.0004362430386996683,
        0.00039032021857677315,
        0.0003623630997337132,
        0.00016560553595928925,
        0.00027464592119695244,
        0.00028251378553894257,
        0.00024333307141420366,
        0.00014519595137510972,
        0.00025395539065621245,
        8.050357265776904e-05,
        0.00011655034729142549,
        0.00023141536652513878,
        9.149456728263324e-05,
        0.00010912486022589978,
        8.478138699742675e-05,
        0.00015870124904666474,
        0.00011808416324417031,
        0.00010413928419993472,
        4.7783860555243316e-05,
        4.4519811091070255e-05,
        6.132939200627736e-05,
        7.440998237826395e-05,
        3.8440171769971325e-05,
        7.348627293350664e-05,
        5.719465664660119e-05,
        4.553403069826115e-05,
        3.787272726928536e-05,
        2.464592909113614e-05,
        3.217071141193074e-05,
        7.326934865098126e-05,
        3.269330603975754e-05,
        4.4966736445415e-05,
        9.005077721720241e-05,
        3.336261614665114e-05,
        3.771912527672625e-05,
        1.7679541206687086e-05,
        2.4700319701792736e-05,
        3.450477756987328e-05,
        2.106193250819565e-05,
        2.0767378480351975e-05,
        3.511150246432079e-05,
        1.6849372426912637e-05,
        4.205479233001035e-05,
        2.6947124344015378e-05,
        3.680085752599823e-05,
        2.445176131054665e-05,
        3.6389178132004576e-05,
        5.233068652988215e-05,
        1.393227290365082e-05,
        1.75744527869423e-05,
        2.873638116152857e-05,
        4.9226843926358815e-05,
        3.5400477343410675e-05,
        4.6440928392504396e-05,
        1.6614633986284715e-05,
        1.655985629788396e-05,
        1.1548879508184406e-05,
        2.2304560515315723e-05,
        1.4805799145578345e-05,
        3.99477988928693e-05,
        2.6589402978797598e-05,
        3.9738698493730146e-05
    ],
    "avg_delay_arcades": [
        6.919694361054464,
        6.986945995355522,
        7.006263484977093,
        7.197573810025182,
        7.229945889394478,
        7.282574918758307,
        7.237314416271657,
        7.268447006415372,
        7.266035539671133,
        7.29045014670531,
        7.294640253885785,
        7.290484347219138,
        7.297428752557843,
        7.303768014773987,
        7.308780807493946,
        7.324990978933159,
        7.344653031595574,
        7.350316723373738,
        7.348676627162822,
        7.346496101882005,
        7.330369046381945,
        7.322803242296224,
        7.340480417542619,
        7.32861768820224,
        7.347635304035153,
        7.358513820883585,
        7.3630859280228425,
        7.368984265165911,
        7.366373803639601,
        7.363593176094194,
        7.36079930297426,
        7.352500567453051,
        7.3429013314326,
        7.35062242965881,
        7.352310560805675,
        7.344413982268235,
        7.343454096350077,
        7.33701038322112,
        7.319746779169263,
        7.313473590246755,
        7.311421996393631,
        7.31513838809594,
        7.320132977572933,
        7.329558941646279,
        7.325277183405391,
        7.321706626929872,
        7.319721547923443,
        7.3111614203640105,
        7.31309254829041,
        7.318611963556068,
        7.320433400408142,
        7.323934034919801,
        7.332462339472903,
        7.338534391608416,
        7.346370610022895,
        7.350584153682556,
        7.357498897060305,
        7.365422262584882,
        7.370637962577387,
        7.3727223422265356,
        7.3673634633316425,
        7.363297986084955,
        7.362928126026135,
        7.3731606202898
    ],