{
    "seed": 298382896,
    "n_nodes": 3,
    "lambda": 0.1,
    "b": 1024,
    "k": 64,
    "avg_wait_ticket": [
        8.538969599387768,
        8.913364594228476,
        7.707742230463502,
        8.878138678507122,
        7.964041402952228,
        8.52082008770518,
        8.118273888494754,
        6.993730276217432,
        7.572959617469119,
        8.230274565114092,
        7.959595789361111,
        9.350596965994576,
        8.579895114241927,
        8.157293244436241,
        7.711749336911109,
        8.079191417915052,
        8.052976409163405,
        8.398938770813832,
        7.308723360579818,
        8.030972345532568,
        8.227677877894434,
        8.391653187555658,
        8.551530573796056,
        7.747085227882151,
        8.16598151439277,
        9.093608085466673,
        8.202942212147397,
        8.071470609756584,
        8.515604341619875,
        8.543392006560847,
        8.526112683723227,
        8.946683172494827,
        8.314950196137806,
        8.262125753512501,
        7.927122321988035,
        7.804901836233116,
        8.059360163616006,
        9.58353177586468,
        8.792861433872792,
        8.677404523220408,
        8.296169098457717,
        8.957356249959288,
        8.629095024219355,
        9.091378369670247,
        8.031454579736314,
        8.551664644145557,
        7.859007621297812,
        7.831361006679619,
        7.397498394913256,
        8.178273761935204,
        7.484070254066145,
        8.268744983958168,
        8.392391398246117,
        7.545380169729469,
        8.793091345935615,
        8.068775836986408,
        8.024832128407095,
        8.565453418403564,
        8.229313703705293,
        7.5338308095069015,
        8.376830502832364,
        7.7470204929336175,
        7.541368945983955,
        7.619966130091692
    ],
    "avg_delay_arcades": [
        6.2044987030564895,
        8.764921284354577,
        7.110778883674645,
        8.435893011489057,
        6.562539708316069,
        7.316175524358994,
        7.872159606790409,
        6.29063888077891,
        6.360582541224542,
        6.6972014809775295,
        6.385800538014801,
        8.202602158414626,
        9.085271919436169,
        7.181691501682178,
        5.592834256765371,
        7.144362030934896,
        6.985722508132546,
        9.354425567397703,
        5.898981896892089,
        6.269549305525,
        6.345445463649185,
        7.793203217366215,
        6.567974293223888,
        6.806750287952679,
        7.395979015920717,
        8.489603986370007,
        8.208970607213297,
        7.724582449740261,
        6.732606056744476,
        7.938077960684711,
        6.410167227585394,
        7.44395582442786,
        7.56937365166619,
        7.1349122485129515,
        8.15314453566466,
        6.366416491855435,
        7.091983995623669,
        8.019274379371526,
        6.7883465576709865,
        7.889517420067235,
        7.05447443351554,
        7.521172968474168,
        7.086128843996215,
        8.203368425263845,
        6.599225361795916,
        8.169123435363383,
        6.555182756376699,
        7.196691734824743,
        6.636034711551827,
        7.796933368560551,
        9.966475640548381,
        7.396748456898282,
        6.617153693388727,
        7.465568802621856,
        7.260696681727137,
        9.944375472040312,
        7.242974673156606,
        8.115267293327564,
        8.71183654919413,
        7.435305285453559,
        8.44684698987963,
        8.263776767520794,
        6.355063555230871,
        6.711889368060755
    ],
    "final_wait_ticket": 8.20750601604065,
    "final_std_ticket": 0.5055361700429871,
    "final_w_ticket": 0.13169591788950816,
    "final_delay_arcades": 7.380385672762079,
    "final_std_arcades": 0.928810090856238,
    "final_w_arcades": 0.24196191036132686,
    "correlation_delay_arcades": [
        -0.05881585887919727,
        0.647035231809847
    ]
}