{
    "seed": 163127968,
    "n_nodes": 3,
    "lambda": 0.1,
    "b": 1024,
    "k": 64,
    "avg_wait_ticket": [
        8.32173412841341,
        8.854160273875422,
        7.583231823287475,
        8.128028411332672,
        7.827367613044327,
        7.655145877835878,
        8.789848703711625,
        7.940252624211746,
        8.946918048123083,
        7.830556939612857,
        7.989865470712871,
        7.751894883458577,
        8.416377372596765,
        9.859504655899425,
        8.380429368211994,
        7.399834631136319,
        7.577827768577146,
        8.957363175978365,
        8.644204119633509,
        8.160789575453805,
        8.289321446572696,
        8.163190784012176,
        8.058421469735558,
        7.609139857628481,
        8.25760973530577,
        8.148838364408055,
        8.184865708420222,
        7.6930393426210015,
        9.758525997438301,
        7.052252764554016,
        7.602173828558637,
        7.75015886114996,
        7.924708292518351,
        8.223605205397426,
        8.831230931646724,
        7.618912480251097,
        7.952949690058211,
        7.947887002202527,
        7.550812902923803,
        7.3990118321959795,
        9.132897477629106,
        7.734518126023036,
        7.480851524618549,
        7.677167685962955,
        8.510462474962939,
        7.258210501341915,
        8.412996573868012,
        7.434287758235122,
        8.035088177788518,
        7.96477269913695,
        8.440147757225757,
        7.946763865091657,
        7.611404151240363,
        8.868956832319562,
        8.054834532761191,
        8.637838292086823,
        7.975917653078346,
        8.086578974612493,
        7.42938706835178,
        7.852809298664975,
        8.732753754803408,
        8.022362433642765,
        9.347839513745694,
        9.446768255432806
    ],
    "avg_delay_arcades": [
        8.042308564414835,
        7.223031150454535,
        6.731477028261381,
        7.2281713405153605,
        5.763878119788591,
        8.787992947374521,
        6.335126176500011,
        6.823076521494624,
        7.962672383524509,
        6.157779203546336,
        8.206510000698986,
        8.393090451322506,
        6.6611294935428305,
        7.167818956498528,
        7.310470720174767,
        6.263887227463261,
        5.875318748581804,
        7.008253428758049,
        6.309160489730985,
        8.536007701513144,
        6.059902468680221,
        7.49340948370325,
        7.5873049143112,
        7.316377821599128,
        6.550720856757561,
        7.258405099361585,
        9.660939108616132,
        6.575524710847223,
        6.946944074142356,
        7.199937831755452,
        7.412159397446833,
        7.541408209335707,
        7.341300445576391,
        6.173590861818855,
        7.250327918286692,
        7.0797769499607375,
        6.4064373054862465,
        7.433337844751922,
        6.8953983293351655,
        7.62589814589523,
        6.586485498757337,
        5.893746959082918,
        7.813930020631422,
        6.23189742047828,
        9.618349710921086,
        8.632374801003149,
        7.666717218318105,
        6.3027016196114305,
        10.030892286055627,
        7.246362723954533,
        7.847841577419861,
        6.81528463944285,
        6.686606319173201,
        8.419548059862343,
        6.170866723071588,
        10.404074754172798,
        7.2730757022061105,
        6.305096013708462,
        7.236056200631072,
        6.634108786495733,
        7.882322696428219,
        5.906096416930097,
        7.1095989995612365,
        8.804089483713396
    ],
    "final_wait_ticket": 8.137340878473696,
    "final_std_ticket": 0.607917288330177,
    "final_w_ticket": 0.15836695776038281,
    "final_delay_arcades": 7.281489982996871,
    "final_std_arcades": 1.0516639612515226,
    "final_w_arcades": 0.2739662538420513,
    "correlation_delay_arcades": [
        -0.25544134974478105,
        0.043325521224662475
    ]
}