{
    "seed": 725267564,
    "n_nodes": 4,
    "lambda": 0.07142857142857142,
    "b": 256,
    "k": 64,
    "income": [
        -4554.811895241834,
        -4426.239839746762,
        -4483.106360056716,
        -4320.536982844549,
        -4608.165442794692,
        -4451.739231960213,
        -4515.189181919711,
        -4550.683299210936,
        -4571.595515448895,
        -4616.731685506422,
        -4451.805723396953,
        -4511.9934889842125,
        -4439.609066894156,
        -4480.346535739156,
        -4342.948687610354,
        -4536.223179084558,
        -4414.947790336157,
        -4279.180197737958,
        -4633.00598645459,
        -4518.876363745976,
        -4437.067249652181,
        -4400.952241054685,
        -4411.113989091966,
        -4624.2551568618155,
        -4483.407772739145,
        -4430.242625706205,
        -4505.744886343424,
        -4653.160922671094,
        -4397.888782494804,
        -4491.145957841284,
        -4555.97645469555,
        -4459.39319003997,
        -4337.9973083295545,
        -4571.288400593853,
        -4282.910179744424,
        -4370.432175290854,
        -4498.254946193395,
        -4725.534054939311,
        -4331.696287071345,
        -4632.210434910879,
        -4469.549849349672,
        -4437.142850909566,
        -4590.34160079774,
        -4500.734206879885,
        -4524.506802088579,
        -4409.093547812568,
        -4442.956163949966,
        -4573.26408021933,
        -4399.967369176977,
        -4476.3082062370995,
        -4555.767486286065,
        -4643.734985495947,
        -4500.154508628189,
        -4416.2680204303115,
        -4548.682239237609,
        -4755.053160308884,
        -4503.502194688111,
        -4307.316724099419,
        -4447.7398806349465,
        -4476.929465658812,
        -4410.043588227341,
        -4694.002687801506,
        -4342.499924572476,
        -4623.579601304551
    ],
    "avg_wait_system": [
        22.208915219500327,
        22.280875057505092,
        22.008338473085658,
        22.690549181302316,
        23.656891747426954,
        22.20367688508304,
        22.073738693911707,
        22.613352546594513,
        22.271364159463104,
        24.059028322597186,
        22.693587848788297,
        21.559286735883006,
        21.711969571753798,
        23.674612400623744,
        21.03709798702178,
        22.64269827614703,
        22.768535068721178,
        21.298604464863786,
        23.39333445954793,
        22.432520594830635,
        22.471863943606195,
        21.506790070344096,
        22.382542911017993,
        22.814800514761657,
        23.611176762482785,
        22.01649863539302,
        21.430590208145986,
        23.85203106831119,
        22.50258320026296,
        23.34023520626232,
        22.019630205123633,
        21.818325866814348,
        22.012606706067288,
        22.71383863260769,
        20.897567187824393,
        22.395363943022403,
        23.162179767449516,
        23.761739485033786,
        22.012185836266895,
        23.58563536488009,
        21.789636244957705,
        21.25509085786291,
        23.745255859602253,
        23.171065557490124,
        22.900233474001084,
        22.69106108285996,
        21.693237096700273,
        22.46499870262926,
        21.349091118250954,
        22.441683909705585,
        23.491117354538005,
        23.540292565083405,
        22.509275500345097,
        22.313857295273465,
        23.233004421035957,
        23.82425487768478,
        22.223868482576563,
        21.2975842696967,
        23.007217966823873,
        23.20664567302515,
        23.2621870036553,
        24.20898296882217,
        21.751128933062546,
        24.001231055925928
    ],
    "avg_wait_ticket": [
        6.282780735462371,
        7.125754513304937,
        6.062769181637719,
        7.277185348214106,
        7.3596731962366215,
        7.31499505102207,
        6.301269510000854,
        6.4210969099870665,
        5.828523547209856,
        7.865303362128561,
        7.2134104638553875,
        6.320003536237923,
        6.471174387382765,
        7.989386887677194,
        5.610899847761156,
        6.683210492659885,
        7.2523486546293165,
        6.66994822955649,
        6.881993106359789,
        7.087599436106133,
        7.306456989291274,
        5.969625639144778,
        6.902749021284357,
        7.287292332569738,
        7.640915797305833,
        6.9976713004529305,
        5.932681246502257,
        7.527185557591318,
        6.630678078436251,
        8.24341860093773,
        5.971386534680013,
        7.252532295419608,
        7.853976679451833,
        6.259123643777449,
        6.406522657966965,
        7.183243371884407,
        7.540985121815611,
        8.121132752487716,
        6.689837743194942,
        7.608238259640305,
        6.371903586727084,
        6.303799590463173,
        7.74020352918217,
        7.031541518784182,
        6.932220828592976,
        6.913185210443428,
        7.138329892983865,
        7.370777928258879,
        6.608163669165536,
        7.008934175108401,
        7.253888101046486,
        7.352809666102842,
        6.895760975464118,
        7.652054241703154,
        7.34542606229494,
        7.15739885646759,
        7.187809277891396,
        6.476843517742147,
        7.327886801479664,
        8.638300161240604,
        8.083069646391944,
        7.81899946789949,
        7.0563517027372065,
        6.835004271717749
    ],
    "avg_delay_arcades": [
        2.74169784545164,
        2.254828486569574,
        2.673095290597013,
        2.1029656550336986,
        3.345375627926229,
        2.379215765659575,
        2.6180694624638874,
        3.0000804800529166,
        2.824240239912597,
        3.3196694459988176,
        2.4508780084062476,
        2.602417088902264,
        2.320044228751981,
        2.58953782545339,
        2.1389537005296995,
        2.7913325809002836,
        2.484549393613551,
        1.6122114869860291,
        3.331203173058737,
        2.636129128551719,
        2.3076451202545423,
        2.13147434660822,
        2.1810438492291,
        3.013605712897853,
        2.6745537390603795,
        2.1290620936370765,
        2.5718116882126862,
        3.562221314077561,
        2.679789523597499,
        2.850300597638163,
        2.8876900229051223,
        2.1259166448262983,
        1.7501908979406746,
        3.031360650658395,
        1.4803763905849312,
        2.1996731339318236,
        2.7463949009357806,
        3.445623412922204,
        1.9404659051839266,
        3.1223464012010425,
        2.466096826095958,
        2.015584384675535,
        3.123926805495095,
        2.8276347319512527,
        2.9422014558485765,
        2.3149687797382312,
        2.118302044197366,
        2.832446296160641,
        1.8312431529436894,
        2.42763203054906,
        2.8168203409929724,
        3.3157804170533973,
        2.5444302463421495,
        2.133557651087239,
        2.8521084840858943,
        3.7929134382475924,
        2.4172947885832627,
        1.8225002779004118,
        2.7797137173092694,
        2.430674933839078,
        2.3905715095293556,
        3.4262427268926534,
        2.0650598774577134,
        3.485982086261848
    ],
    "final_wait_ticket": 7.051619215375589,
    "final_std_ticket": 0.6385568215511764,
    "final_w_ticket": 0.16634878317735047,
    "final_delay_arcades": 2.607485683111824,
    "final_std_arcades": 0.5159660991723957,
    "final_w_arcades": 0.13441299170462842,
    "final_income": -4492.8808922981025,
    "final_std_income": 107.16012983963803,
    "final_w_income": 27.916007788700806,
    "final_wait_system": 22.596174792509085,
    "final_std_system": 0.8578463313749171,
    "final_w_system": 0.22347532523530478,