{
    "seed": 987654321,
    "n_nodes": 4,
    "lambda": 0.022222222222222223,
    "b": 512,
    "k": 64,
    "income": [
        3621.3645169916254,
        3770.0080548561536,
        3669.179941510709,
        3596.858298786267,
        3773.441892095482,
        3726.7840187862153,
        3412.8523672926462,
        3468.0161875189924,
        3675.4344993617515,
        3720.1549649769754,
        3888.0106277304403,
        3664.603350007824,
        3741.0918483624982,
        3865.509460495724,
        3345.3061892364235,
        3685.54152259945,
        3630.6142887777382,
        3682.338878774048,
        3767.135845301989,
        3402.5526733216757,
        3520.805542111608,
        3773.656204718617,
        3945.998970940449,
        3496.0456493545207,
        3709.19293707281,
        3630.1346727060272,
        3720.751239301588,
        3704.4509133240654,
        3566.945782815645,
        3721.130424734023,
        3659.179783588339,
        3807.279140428258,
        3729.2505543517645,
        3563.6593320065335,
        3595.576926169042,
        3806.0432080725413,
        3619.3310825747017,
        3597.044229631079,
        3829.4943780105223,
        3736.3043387242756,
        3673.748252091185,
        3474.6485686263486,
        3677.490096198144,
        3829.7402091942795,
        3592.590046472499,
        3692.6597908887616,
        3796.399163672197,
        3493.730882863698,
        3689.8488077173506,
        3649.667340856182,
        3708.129617096253,
        3824.8364557218047,
        3785.1466087899307,
        3444.0203174679486,
        3567.015873397995,
        3723.1522259112376,
        3677.5951415382615,
        3903.093889128197,
        3729.138227879792,
        3671.484197528625,
        3313.528396019143,
        3889.7725224596975,
        3793.2654870053966,
        3765.8329487561177
    ],
    "avg_wait_system": [
        19.751180957719427,
        19.316293061938254,
        19.68346186646363,
        19.822313871147117,
        19.29722418354129,
        19.736905157252465,
        19.554922270532415,
        19.203859139598137,
        19.67735342765576,
        19.25074886582297,
        19.633413734709563,
        19.436109571602515,
        19.20040787062419,
        19.193805246093802,
        20.53720586838415,
        19.623545997205156,
        19.162275182044823,
        19.47859235600913,
        19.46126533001916,
        19.97392683609621,
        19.917441680228308,
        19.69275174098516,
        19.344788972568722,
        19.587093710037834,
        19.521682416162548,
        19.393780770681815,
        19.14239611633343,
        19.09483581743052,
        19.682301699339405,
        19.777182238888827,
        19.18555651177826,
        19.51915105916214,
        18.91253021725629,
        19.677286292183,
        19.406427830704843,
        19.368462950375033,
        19.11496250571963,
        19.90292232214847,
        19.31681277997245,
        19.969485197902486,
        19.181668378742643,
        20.225583924635657,
        19.80632040620094,
        19.347392345083335,
        19.86436640226316,
        19.465825706608484,
        19.772003880370903,
        19.613703615419126,
        19.19933685380692,
        19.460397107540302,
        18.95520950916034,
        19.227932920460717,
        19.156604992637313,
        19.76803040581308,
        20.082500087448352,
        19.669780771631395,
        19.79372853967743,
        19.52668118983729,
        19.005690832190794,
        19.72986959297532,
        19.808546300617763,
        19.47444832721203,
        19.258609889485342,
        19.252930346648554
    ],
    "avg_wait_ticket": [
        5.541167813060905,
        5.604117892809536,
        5.6982562331953925,
        5.3843020238475,
        5.586859420013727,
        5.800949711891296,
        5.410183613109999,
        5.19827471295356,
        5.619184246192986,
        5.183055369749466,
        5.7177662757276,
        5.586220422389828,
        5.596311681723932,
        5.637364928393642,
        5.869275863198072,
        5.859695507331993,
        5.19600508043378,
        5.305686620553534,
        5.453186640450079,
        6.093144073489448,
        5.825197938389313,
        5.785150849619968,
        5.682071344889473,
        5.429756978103867,
        5.488783480737855,
        5.540942103110108,
        5.243161790457116,
        5.255169385846352,
        5.907280091945406,
        5.65043296852464,
        5.43882158099603,
        5.680095946336151,
        5.313717339676977,
        5.918837543192669,
        5.241297672440931,
        5.199882000331556,
        5.4731639691321865,
        5.813599646679301,
        5.5526825577512815,
        5.756968178995266,
        5.646340970201351,
        5.80300153565457,
        5.413833470180039,
        5.624220541049081,
        5.625636570141873,
        5.757616205222816,
        5.62249998280474,
        5.7392321378689966,
        5.413984445422369,
        5.762371757811521,
        5.3358783474487295,
        5.679832010282777,
        5.214131076865761,
        5.564842241650589,
        6.268240888136192,
        5.803176181438123,
        6.307718952333268,
        5.726142883808318,
        5.213967528483498,
        5.845438265036952,
        5.60472787762466,
        5.610236212954198,
        5.471124521720983,
        5.551479318193706
    ],
    "avg_delay_arcades": [
        0.735995437382197,
        0.5769149242346621,
        0.67020289907636,
        0.8031417012137331,
        0.5281780244422469,
        0.6117809140099236,
        0.9384085351289003,
        0.8404742458906012,
        0.6283900824521969,
        0.600656858475585,
        0.46665593158541396,
        0.6748444726086981,
        0.5521599914318664,
        0.42468292981995504,
        1.0388492075939524,
        0.6000600383989217,
        0.6653542123178909,
        0.6480295947418211,
        0.5437389333653175,
        0.9323651693885407,
        0.7778631740659758,
        0.5821654497791744,
        0.3987864666594648,
        0.8288740841603659,
        0.6472798615426164,
        0.7184871733744664,
        0.6089926429861909,
        0.589701933069605,
        0.6684555272186641,
        0.6702099952564896,
        0.6715652605809564,
        0.5391911534126943,
        0.5642924648035201,
        0.7339556024523223,
        0.7187990549295488,
        0.5584241854107447,
        0.685755539289671,
        0.7776214993651116,
        0.5167060951310505,
        0.6550056726209664,
        0.6031396583424025,
        0.8841933650238902,
        0.7310478081854851,
        0.5073628709997167,
        0.7990079694664335,
        0.6814287818020507,
        0.5770632156215321,
        0.8141811013663621,
        0.6492405601243909,
        0.6458326425653875,
        0.5494528749005653,
        0.5123362518034433,
        0.525360603275581,
        0.9397386370803728,
        0.7908930571737425,
        0.6419836432346397,
        0.5901081015069469,
        0.44221266282571137,
        0.5552995606983654,
        0.6502197581174898,
        0.9820037001856845,
        0.4279302215278029,
        0.4987033944616838,
        0.5721775367585011
    ],
    "final_wait_ticket": 5.598597524284906,
    "final_std_ticket": 0.25376402424277883,
    "final_w_ticket": 0.06610740849096197,
    "final_delay_arcades": 0.6529613325801602,
    "final_std_arcades": 0.14333926918020584,
    "final_w_arcades": 0.037340941643588664,
    "final_income": 3675.8033165426227,
    "final_std_income": 138.67354877850775,
    "final_w_income": 36.12548690992403,
    "final_wait_system": 19.509942936558637,
    "final_std_system": 0.32473806515979475,
    "final_w_system": 0.08459667200715928,