{
    "seed": 539458255,
    "n_nodes": 5,
    "lambda": 0.07142857142857142,
    "b": 256,
    "k": 64,
    "income": [
        3325.2310587022116,
        3176.591799993964,
        3332.938034643841,
        3499.3718904809693,
        3346.3438745983904,
        3311.2328815124174,
        3473.1845391009138,
        3233.5334870475167,
        3214.4583434528404,
        3519.332224593069,
        3281.3372686019256,
        3492.7212395239326,
        3354.1471059862442,
        3403.8145389695756,
        3392.0664970243524,
        3533.861302370937,
        3416.3823417843196,
        3332.328890370967,
        3434.8277149711075,
        3436.9708117344708,
        3423.958180956941,
        3373.6533452476465,
        3336.303930023578,
        3248.9909750745155,
        3357.5302862515873,
        3351.566711250079,
        3385.4324343302987,
        3275.235287771432,
        3288.0508485786527,
        3066.1958236562186,
        3279.434058008769,
        3451.821953961291,
        3359.484088738894,
        3376.1172627781957,
        3137.814705386872,
        3472.0411285331766,
        3311.8380861576757,
        3213.71435226414,
        3218.209428347943,
        3245.6430141577175,
        3465.2676080058536,
        3456.8328811883894,
        3338.190266199946,
        3335.372473621531,
        3332.183784477913,
        3292.1392581274486,
        3396.4358613141476,
        3477.239824727714,
        3354.0970575090396,
        3425.4781859219884,
        3375.5717677576986,
        3376.0150690107303,
        3457.602025829239,
        3366.1668953360077,
        3363.0425669485076,
        3360.0101425832345,
        3426.318183918297,
        3451.6688947798984,
        3279.16801109491,
        3177.205092040699,
        3238.5506177193993,
        3324.668111503834,
        3305.436919371752,
        3288.35267603964
    ],
    "avg_wait_system": [
        20.275519529733394,
        21.38462435713531,
        21.868469759979163,
        20.877130005066903,
        21.75223498176183,
        22.272850263383134,
        21.245319600048788,
        21.051715743643967,
        22.88541293688641,
        21.78700080689481,
        22.155938010767727,
        22.269371384566085,
        22.047036423946025,
        20.429938894273448,
        22.29071266080581,
        20.747667297537248,
        21.097995462991832,
        21.73260408274524,
        21.906782928141524,
        21.687426194948557,
        21.784458775649796,
        22.379727258737432,
        22.1279345387415,
        22.27292994171637,
        21.966257653780644,
        21.45641860156246,
        21.122749556848646,
        22.64844574869022,
        22.969835594913206,
        23.372397307525432,
        22.06559457642097,
        21.407253212589126,
        22.11304591017904,
        21.579694686045855,
        22.71053029914492,
        21.45365396073987,
        20.991403461065488,
        21.94253790033099,
        21.209699053693043,
        22.19760199560859,
        20.324603308201972,
        21.074362758224197,
        22.111006095137782,
        22.4926328321867,
        23.45559875937522,
        21.476707815375335,
        21.197993981217678,
        21.189970314477023,
        21.419436357785003,
        22.31914917361553,
        21.754943089313997,
        20.26379394823391,
        20.89318143121568,
        20.163193744902742,
        22.50315982298834,
        21.974084733719792,
        22.902675273560476,
        20.529985002144787,
        22.763197190250708,
        21.655076976293344,
        22.668388307828764,
        21.334276430733325,
        22.83351156693061,
        22.119661860459928
    ],
    "avg_wait_ticket": [
        5.4182453173645335,
        6.6013651761109005,
        7.966653836952508,
        6.452255051241007,
        7.398660634714774,
        6.781864866135831,
        6.827453494272912,
        5.782754008166945,
        7.549102704114851,
        7.422079876098478,
        6.998720821286486,
        7.465876349121405,
        7.487212396008404,
        6.622940515390506,
        8.104285592938407,
        6.481046018464598,
        6.4833803314623255,
        6.7318704062714225,
        6.502619539539848,
        7.932536009778566,
        7.021012726308232,
        7.536476901917259,
        7.18780734001979,
        7.708614424238686,
        7.622075994694761,
        6.548151969555976,
        6.472321227497773,
        7.590163327968387,
        7.451598030191948,
        6.870572084343977,
        7.494653637657294,
        6.670444930887522,
        7.224832689381031,
        6.957328987860039,
        7.676856288429117,
        6.552274606267377,
        6.412223456959902,
        7.549496652236726,
        6.355144953299136,
        6.274752802051987,
        5.911404357308748,
        6.974762261534437,
        6.993136081975951,
        7.65215794633351,
        9.085690227224786,
        6.703006825176322,
        6.54275139817964,
        6.231184213473964,
        7.123515723432797,
        6.98650088074912,
        7.200651384620523,
        5.814143198195098,
        6.4751412130499,
        5.8446929458535255,
        7.437632043563449,
        7.440603541872955,
        8.784564172553823,
        7.395855537439569,
        7.803532383461501,
        6.581597384868264,
        7.1181864618171415,
        6.967794171995097,
        6.957745197107775,
        6.402590841708074
    ],
    "avg_delay_arcades": [
        1.8021423342514171,
        2.315725477208478,
        1.5372380017734049,
        1.403014925691349,
        1.5470551672807094,
        2.3765758652792783,
        1.228368101946763,
        2.3255502675223676,
        2.490447105108097,
        1.232133857382801,
        2.1642084458442645,
        1.7273012305955937,
        1.584458735870397,
        1.1843259470394587,
        1.7722588853660377,
        1.162114205441266,
        1.4299640402400686,
        1.8416544145095481,
        1.7856842312138277,
        1.0976653963579945,
        1.6917678026171519,
        1.8613547810597748,
        2.0420777579504312,
        2.0297968178123194,
        1.5677516728316674,
        1.7474283530608372,
        1.5815554236883334,
        2.048023174894598,
        2.4173559268224674,
        3.2816397231276846,
        1.9534120592159545,
        1.4081524503904908,
        1.9299156996505122,
        1.6271807537394483,
        2.5810841055196425,
        1.7531646077477787,
        1.7933921671225892,
        1.9813505325649885,
        2.108500771711488,
        2.480759608914269,
        1.3428294347893739,
        1.458873155540053,
        1.8129456349390403,
        1.7522665231727999,
        1.8423651372510386,
        1.7403854367098,
        1.5276610874409093,
        1.434988796492944,
        1.660178405693248,
        1.830383174874956,
        1.5545650766014805,
        1.4764687950087392,
        1.3800711295745467,
        1.4487591966809548,
        1.8394693103716235,
        1.706072771020891,
        1.3812986910124212,
        1.0247823399343887,
        2.3185418817988213,
        2.385759874178352,
        2.5852982278583156,
        1.6545382900636327,
        2.4741099077535624,
        2.2740999546469025
    ],
    "final_wait_ticket": 7.036300783150477,
    "final_std_ticket": 0.6563969307034085,
    "final_w_ticket": 0.17099626379155153,
    "final_delay_arcades": 1.8123690386808287,
    "final_std_arcades": 0.44016312391915435,
    "final_w_arcades": 0.11466575501554559,
    "final_income": 3350.209885635774,
    "final_std_income": 94.64329638253358,
    "final_w_income": 24.655279934028595,
    "final_wait_system": 21.809212808024988,
    "final_std_system": 0.7628715753780063,
    "final_w_system": 0.19873369761589693,