{
    "seed": 482548808,
    "n_nodes": 19,
    "lambda": 0.022222222222222223,
    "b": 32,
    "k": 64,
    "income": [
        141.875,
        141.875,
        141.875,
        125.55033613734862,
        141.875,
        141.54050992897675,
        137.13730807050965,
        138.56376107687768,
        136.40023908723768,
        141.875,
        141.875,
        141.875,
        130.61015958912782,
        141.875,
        137.18350839800826,
        105.82125971947077,
        141.875,
        141.875,
        141.875,
        141.875,
        141.875,
        141.875,
        141.875,
        134.73248892794118,
        120.06987238140458,
        141.0269876006672,
        141.875,
        141.26462194469775,
        141.875,
        141.875,
        141.875,
        140.21177388436013,
        141.875,
        141.875,
        121.83669999410324,
        139.5045754828474,
        141.875,
        141.875,
        141.875,
        138.1453852520259,
        141.875,
        116.72847548558524,
        141.875,
        131.72665030796472,
        138.6642493515259,
        127.4027949293193,
        141.875,
        141.875,
        141.875,
        132.90511004781155,
        116.95309652292512,
        140.97514940362032,
        129.94618155330159,
        141.875,
        133.26929776456305,
        141.875,
        130.66691139234197,
        141.875,
        141.875,
        141.875,
        130.74482322494057,
        128.70297075790074,
        141.72733971471652,
        136.00188154121045
    ],
    "avg_wait_system": [
        20.105108051637444,
        18.126395312961222,
        18.664540938689186,
        18.866426026301838,
        19.872549466651435,
        18.67614696815781,
        19.78200176919688,
        19.34816578811899,
        20.592690456935316,
        20.046004196262402,
        19.124541635733408,
        19.770834926019234,
        21.54845131193781,
        18.661179602461175,
        20.038275880460446,
        20.004341986435293,
        18.19474897676514,
        20.932639762788085,
        20.14488275435474,
        18.81903034520451,
        20.94979793902644,
        19.746447531879312,
        20.60239921582638,
        20.618627280715145,
        19.669136107440636,
        17.716699006184854,
        18.5077405444988,
        19.337602293904638,
        19.845333465739714,
        20.841715137529036,
        19.458548305698514,
        19.612888532792567,
        19.704275100738414,
        19.238639493574055,
        19.749627306363664,
        19.354198948556814,
        20.03889609248813,
        21.15483954001047,
        20.606764568909966,
        19.896488560083526,
        18.070712042391733,
        18.682542770432065,
        22.79060616160541,
        20.442353815269144,
        22.130782583060864,
        18.21451268589135,
        20.57911152663155,
        19.385846735467112,
        18.529585192577542,
        20.923052832265057,
        19.22862143097018,
        20.023563667576127,
        18.529028551885403,
        19.77339533129725,
        20.06942548922825,
        19.476039083960586,
        20.555242122079562,
        20.119120886238306,
        20.90367499032118,
        18.460781143117856,
        19.001595464014827,
        19.4492480787967,
        19.180401312936738,
        19.58831579853222
    ],
    "avg_wait_ticket": [
        6.076920921933884,
        3.4979406557810795,
        5.624062835562812,
        5.244413948369004,
        6.278201181741182,
        4.551469830110566,
        6.120244438689437,
        5.3301425258141535,
        7.960742107590552,
        6.5301578291611175,
        6.033321586247399,
        4.811074248896653,
        6.987303503917549,
        5.2761895842838085,
        5.680841311967543,
        5.660389888314407,
        4.136391370570927,
        6.91504194021184,
        6.173565571047085,
        4.469207246881654,
        6.7683674489130174,
        4.408633515632876,
        6.176887320158632,
        5.158558199875012,
        4.307832591114675,
        5.126043581246839,
        4.593711529389111,
        5.368938855170671,
        7.186377129271629,
        6.981775044103135,
        5.331393160436258,
        5.252251887912862,
        6.101801064953033,
        5.443186462239246,
        5.321851850427965,
        5.087612826803234,
        5.755324137391134,
        7.1020194669131,
        6.1642055465087955,
        5.424046728802447,
        5.141128631071214,
        4.200848325463505,
        7.1880627524961405,
        6.0030742110961,
        6.521659109555285,
        4.136208127569407,
        6.15444128287069,
        5.835072486843004,
        4.532445738690372,
        7.487238347725234,
        4.598371371676107,
        6.787539263087674,
        4.154906488911365,
        5.773012878946611,
        5.94891350769205,
        5.448792319103463,
        7.126810289157826,
        5.8081149096962275,
        7.163500440110802,
        5.125875899270759,
        4.117363102746485,
        6.411358287307805,
        6.031797736647907,
        5.89002390987298
    ],
    "avg_delay_arcades": [
        0.0,
        0.0,
        0.0,
        0.25507287285392777,
        0.0,
        0.005226407359738292,
        0.0740264363982868,
        0.05173810817378628,
        0.08554313926191146,
        0.0,
        0.0,
        0.0,
        0.17601313141987798,
        0.0,
        0.07330455628112088,
        0.5633396918832692,
        0.0,
        0.0,
        0.0,
        0.0,
        0.0,
        0.0,
        0.0,
        0.11160173550091905,
        0.3407051190405534,
        0.013250193739574905,
        0.0,
        0.009537157114097855,
        0.0,
        0.0,
        0.0,
        0.025987908056872823,
        0.0,
        0.0,
        0.31309843759213674,
        0.03703788308050941,
        0.0,
        0.0,
        0.0,
        0.05827523043709541,
        0.0,
        0.39291444553773064,
        0.0,
        0.1585679639380511,
        0.05016797888240769,
        0.22612820422938584,
        0.0,
        0.0,
        0.0,
        0.14015453050294463,
        0.3894047418292949,
        0.014060165568432575,
        0.18638778822966282,
        0.0,
        0.13446409742870233,
        0.0,
        0.17512638449465667,
        0.0,
        0.0,
        0.0,
        0.1739090121103034,
        0.20581295690780071,
        0.002307191957554192,
        0.09176747591858689
    ],
    "final_wait_ticket": 5.726027698838643,
    "final_std_ticket": 0.970848755919374,
    "final_w_ticket": 0.2529132940810487,
    "final_delay_arcades": 0.07133096788125444,
    "final_std_arcades": 0.12110857065944705,
    "final_w_arcades": 0.03154967996835124,
    "final_income": 137.30981805559966,
    "final_std_income": 7.750948522204612,
    "final_w_income": 2.0191795179744796,
    "final_wait_system": 19.77191184159984,
    "final_std_system": 0.9863533431804649,
    "final_w_system": 0.25695235393837546,
    "correlation_delay_arcades": [
        0.9999999999999999,
        -0.056382488269882125,
        0.009668891863492655,
        -0.14130771456285582,
        -0.21983607285883994,
        0.1351031805516886,
        -0.026608022528636033,
        0.08635972834919578,
        -0.022727716743909155,
        0.03702262287557964
    ]
}