{
    "seed": 841744376,
    "n_nodes": 3,
    "lambda": 0.1,
    "b": 8192,
    "k": 64,
    "avg_wait_ticket": [
        8.130383627180688,
        8.148018541234508,
        8.128161482548478,
        8.098986630455672,
        8.159140946390947,
        8.164967082801173,
        8.144184883152846,
        8.157251527399529,
        8.15727715962457,
        8.166742271514515,
        8.163641143537482,
        8.155822705711644,
        8.146432114305895,
        8.146940239816132,
        8.15319102821138,
        8.15070464302786,
        8.148012272147204,
        8.14170327931862,
        8.139368262481463,
        8.137357044047127,
        8.135398588531917,
        8.139814082754405,
        8.146147184457005,
        8.145029203566326,
        8.144145584118414,
        8.148698608860464,
        8.149322678146579,
        8.152163801472305,
        8.163021369339866,
        8.156855797075755,
        8.144083224753262,
        8.14472132892299,
        8.145863568546634,
        8.152139706498991,
        8.147534351980758,
        8.135255390912711,
        8.141580640568423,
        8.144695976396246,
        8.143072466310631,
        8.13859333309549,
        8.135373610345201,
        8.134582771814408,
        8.139289603681817,
        8.145099814994406,
        8.14597666209246,
        8.147477492178416,
        8.141770745884715,
        8.138173649934794,
        8.140353675495309,
        8.139409957902876,
        8.137580782531542,
        8.138497474862612,
        8.13527248185555,
        8.13353460930008,
        8.136229060035348,
        8.137959020227797,
        8.136263868507067,
        8.133194807764541,
        8.135526614191454,
        8.13687876215647,
        8.13646773575412,
        8.134480367683295,
        8.133222238122078,
        8.13494184136282
    ],
    "std_ticket": [
        0.3009408225259731,
        0.0665728229603849,
        0.017299897075340957,
        0.013267370399256113,
        0.028565885445962245,
        0.023939603735899193,
        0.009801246931926104,
        0.007753255865870414,
        0.005129929641719992,
        0.00901751590455912,
        0.0031657800240369217,
        0.003587466628156582,
        0.006663414380780827,
        0.005780795522955743,
        0.0036283259337177016,
        0.003042700030820287,
        0.0028303531661743185,
        0.00580003287233047,
        0.0039255153363207335,
        0.002970885624545422,
        0.002477743456519985,
        0.004295239495538098,
        0.0013556543556511738,
        0.0016640445761286135,
        0.0016535424418418283,
        0.0030310936989811975,
        0.002367724399095837,
        0.0037036360587137133,
        0.0016836386613042341,
        0.004750780221913688,
        0.0013673829372633293,
        0.0015635696502684432,
        0.005454525999024668,
        0.0021615277016037294,
        0.0038743417287153844,
        0.0018376630050949657,
        0.0008527268893550727,
        0.0010355184114853079,
        0.0016241063969010291,
        0.0017353877026208449,
        0.0009257663338583153,
        0.0016504992691263576,
        0.0013134086515883385,
        0.0021877166866071307,
        0.0018218778162006916,
        0.0015344871439034547,
        0.003822973468686666,
        0.001030128823076197,
        0.0008561824380001434,
        0.001373697068842613,
        0.0007007758576576479,
        0.0010337920061492735,
        0.0012545804151757535,
        0.000804705324256103,
        0.0011244461672294001,
        0.001592606879696432,
        0.0027656445065306723,
        0.0008635341215229558,
        0.0011981209588504316,
        0.0007572449384876974,
        0.0009316981521677141,
        0.0006909563758338493,
        0.000743592634460504,
        0.0008600359548104654
    ],
    "w_ticket": [
        0.006518158411231871,
        0.0014419187210842157,
        0.00037470313495055035,
        0.00028736155247059014,
        0.0006187162144737439,
        0.000518514331631568,
        0.00021228784979605391,
        0.00016792985914097588,
        0.00011111052918159344,
        0.00019531280817392703,
        6.856848306116782e-05,
        7.770190691000157e-05,
        0.00014432468858511678,
        0.00012520780878211857,
        7.858688962515753e-05,
        6.590266030470171e-05,
        6.13033823128587e-05,
        0.00012562447571877472,
        8.502379502086449e-05,
        6.434721271743482e-05,
        5.366611354495317e-05,
        9.303175026605327e-05,
        2.936248318470714e-05,
        3.6041990114589305e-05,
        3.581452155660931e-05,
        6.565127563423553e-05,
        5.128318111815314e-05,
        8.021805192668048e-05,
        3.646638368813595e-05,
        0.00010289842967618037,
        2.96165156959677e-05,
        3.38657766065105e-05,
        0.00011814104919832561,
        4.68171112548317e-05,
        8.391541205691119e-05,
        3.980243847654e-05,
        1.8469441598783584e-05,
        2.2428572458712828e-05,
        3.5176958323034673e-05,
        3.758723012598318e-05,
        2.005142261931936e-05,
        3.5748608658300326e-05,
        2.8447472090617982e-05,
        4.738434554178794e-05,
        3.946054281446107e-05,
        3.323587076026628e-05,
        8.28028130636402e-05,
        2.2311837910282154e-05,
        1.8544286258531748e-05,
        2.9753275174185644e-05,
        1.5178293235990602e-05,
        2.239117978008646e-05,
        2.717329545757733e-05,
        1.742932957329275e-05,
        2.4354682696034657e-05,
        3.44947017873692e-05,
        5.990184000764563e-05,
        1.8703518354027196e-05,
        2.595042487108947e-05,
        1.6401372282221205e-05,
        2.0179901471350046e-05,
        1.4965610431755206e-05,
        1.6105673348521823e-05,
        1.8627750618066607e-05
    ],
    "avg_delay_arcades": [
        7.73359383380127,
        7.571037296570835,
        7.4049469881575,
        7.324428103774382,
        7.324518867966881,
        7.333018152559804,
        7.381666569225338,
        7.399604867550305,
        7.42600867750448,
        7.446392322519571,
        7.480364552998607,
        7.483049103486205,
        7.456214322322936,
        7.462289244240299,
        7.4440731774668905,
        7.442517364770827,
        7.443185086233427,
        7.426149865636793,
        7.419410360971807,
        7.389071044077592,
        7.386927069139078,
        7.3842053531337015,
        7.3841102239963305,
        7.373884267473632,
        7.352203874621195,
        7.35179342775839,
        7.35626176159595,
        7.359097049904007,
        7.3606639578103055,
        7.3650605278869,
        7.368934947682672,
        7.36972350498954,
        7.361072455556422,
        7.361235741809775,
        7.36294212833933,
        7.342491470864938,
        7.342295715861245,
        7.3387512321405906,
        7.328747216331049,
        7.327785212778429,
        7.3376590744749,
        7.340271044387203,
        7.355966572204815,
        7.357222835324769,
        7.355142255479753,
        7.354182159192353,
        7.36124473525823,
        7.35921634199412,
        7.354105339001308,
        7.351617879792325,
        7.351055941179642,
        7.352890796935713,
        7.347484079287442,
        7.341689212894027,
        7.337110355054472,
        7.3362544432700565,
        7.331100849894527,
        7.325896534935481,
        7.3243144630005315,
        7.331425232585504,
        7.330478865548193,
        7.333096893510612,
        7.335384559968742,
        7.3352215905664195
    ],