{
    "seed": 987654321,
    "n_nodes": 19,
    "lambda": 0.07142857142857142,
    "b": 256,
    "k": 64,
    "income": [
        1327.3779929372722,
        1301.4925663620684,
        1176.1196475627944,
        1109.1671343005432,
        1186.6139878651297,
        1455.252843264274,
        1339.283375563084,
        1467.291338369342,
        1350.872804110214,
        1080.3528746793927,
        1048.5851817433538,
        1317.189387776789,
        1350.2712878787024,
        1465.0569942965512,
        1046.1075003092026,
        1202.0760678997353,
        1334.2606499938213,
        985.2192411325709,
        1096.3810041396023,
        1337.6436122359848,
        999.1614949082909,
        1169.624577238831,
        1180.0356734781283,
        980.1377222335636,
        1471.327696486997,
        1128.2115087036527,
        983.5659484287935,
        1027.2960855986762,
        1413.3815926386765,
        1456.2226974836615,
        1365.1636273329693,
        1152.3535158142734,
        1384.3125577578026,
        1215.571529253473,
        1172.4681873502695,
        1512.7638990162854,
        1525.4202281565665,
        765.2079094464125,
        1274.10974841424,
        900.9929714434786,
        1402.1355807941686,
        1508.107723853357,
        1320.4583595593717,
        1597.2134325649988,
        1119.5426465846097,
        1156.6152493882303,
        1133.9549701307287,
        1125.6095104172164,
        1544.3221102509722,
        1451.4753318061944,
        1362.326126540011,
        1179.0036991514962,
        1297.2860237419632,
        1542.3522825103375,
        1193.3953797301629,
        909.8885486469615,
        1587.9907793904154,
        1342.7016472559126,
        1355.9327539596588,
        1247.3025226361228,
        1363.0146218910845,
        1184.3489791474585,
        977.5218535444292,
        1069.4083490185765
    ],
    "avg_wait_system": [
        20.026732521912685,
        20.6455307470638,
        19.798345779774813,
        20.68507691619333,
        20.405065779873695,
        21.210794220469737,
        20.58530989402452,
        19.673453908241825,
        20.409200801604058,
        20.269851748679628,
        20.238139959002524,
        20.010530077226917,
        19.66396090708858,
        20.734078608685053,
        19.852522855008857,
        19.583796362930684,
        20.036975740338875,
        19.730515887215972,
        20.952182078048963,
        20.0365012197924,
        19.19409557785565,
        20.768654006691236,
        20.150124537164697,
        19.41651442695502,
        20.459058276833616,
        19.568215175539308,
        20.320439814237545,
        20.6535545976356,
        21.67946822632564,
        20.991729853534594,
        20.59897043293995,
        19.894361253474074,
        19.89146961385842,
        20.235880780864534,
        19.77636488622096,
        20.62690052047003,
        19.45425718813169,
        20.10631256894021,
        21.27942659064138,
        20.61750539460934,
        20.85605235053546,
        21.008837435198643,
        20.1021094030865,
        20.613101038932427,
        20.53950257071108,
        20.591771350382032,
        19.66859128322335,
        19.436986047588903,
        20.10758707007983,
        20.890471296513624,
        20.083319743554625,
        20.6521332443682,
        20.559684397910814,
        20.760809767608748,
        20.50145728854727,
        20.3046148848332,
        19.85816352441418,
        21.29591573042319,
        20.058990906924578,
        20.24412025802883,
        19.84602822764873,
        19.667453964037577,
        20.1749078817013,
        19.91534149192705
    ],
    "avg_wait_ticket": [
        6.749437360280612,
        7.11668173045467,
        6.230719233038288,
        7.552931896330865,
        6.817688647053737,
        7.746259320731861,
        6.568564250301296,
        5.953184171586136,
        6.822161943078408,
        6.899683403685912,
        7.101117164278266,
        6.708513246792701,
        6.151505350946897,
        7.435984765917014,
        6.69710820779266,
        6.379574285058696,
        6.731705378806829,
        6.449323807898149,
        7.717610033390021,
        6.390563588018079,
        6.153085446355447,
        7.343543836395562,
        6.274617117077545,
        6.5242957574654,
        6.895671189164431,
        6.789059180325421,
        6.90005734222034,
        7.291187665908006,
        7.973566047082614,
        7.553085137258579,
        7.12665341697557,
        6.653320603659647,
        6.566499421014903,
        6.167362259663337,
        6.583899598136507,
        6.974645561454673,
        6.27539097222579,
        6.293575879883338,
        8.061060086915756,
        7.37968477246591,
        7.608528823413755,
        7.170416439246765,
        6.721244526816849,
        6.91315300958728,
        6.6164985743004285,
        6.677471992835291,
        6.486191956497917,
        5.882049296789644,
        6.594169998032016,
        7.1992443317816655,
        6.739681311160263,
        7.07650760575366,
        6.383223413025191,
        7.524433532337488,
        6.950350269437574,
        6.324977012212774,
        7.030163004459155,
        7.777554866195103,
        6.784183645855357,
        6.616894780140368,
        6.596775511501936,
        6.664618138833612,
        6.519932715291326,
        6.4819970005513765
    ],
    "avg_delay_arcades": [
        0.13908837170232977,
        0.3109112817931394,
        0.289428122179247,
        0.3208584866123886,
        0.397291245510068,
        0.5620383888247843,
        0.5017554522622697,
        0.5573215039413641,
        0.29598394924230026,
        0.4571885195144403,
        0.27261646808270784,
        0.13896892270818795,
        0.4194521543006263,
        0.506872469390387,
        0.20890445049056236,
        0.2968284884635997,
        0.2185575263475875,
        0.23668630596855517,
        0.26397079413641406,
        0.48748184452234034,
        0.20004080613731495,
        0.28922785268933116,
        0.23630855311179286,
        0.42747592316956545,
        0.33054834025742447,
        0.2732586376553054,
        0.42091755324076197,
        0.2058182785589934,
        0.6588052169946477,
        0.5277465327951103,
        0.4258184004035215,
        0.3512737692537873,
        0.23192365818133007,
        0.4354956874842875,
        0.29073693586703064,
        0.42646777615815074,
        0.2941815889375137,
        0.16723013589094715,
        0.2909725308844434,
        0.6522175819179203,
        0.5390251869117997,
        0.5526833044368928,
        0.45837181062776833,
        0.5711128742018846,
        0.41935933782840396,
        0.41079094708341446,
        0.33265365184539825,
        0.4519262690496414,
        0.4886277743047625,
        0.5564512545498469,
        0.39556716474622916,
        0.4206353549761656,
        0.5415063201520742,
        0.3000498560410879,
        0.3002528060588343,
        0.7406798740329154,
        0.42210000931887026,
        0.5231591345795835,
        0.22598728991319095,
        0.48704579843984636,
        0.3466696216899695,
        0.3187507926462993,
        0.33793553722928743,
        0.270894744623027
    ],
    "final_wait_ticket": 6.828184510217371,
    "final_std_ticket": 0.49705606446053024,
    "final_w_ticket": 0.12948678755490395,
    "final_delay_arcades": 0.38951034930970935,
    "final_std_arcades": 0.13413051506459575,
    "final_w_arcades": 0.03494199296743176,
    "final_income": 1251.8615967492872,
    "final_std_income": 194.1658633139086,
    "final_w_income": 50.581645997277725,
    "final_wait_system": 20.280235582155598,
    "final_std_system": 0.5311975990340934,
    "final_w_system": 0.13838091027106772,