{
    "seed": 298382896,
    "n_nodes": 3,
    "lambda": 0.1,
    "b": 8192,
    "k": 64,
    "avg_wait_ticket": [
        8.549449057209936,
        8.203422101973054,
        8.180817650572841,
        8.208791002457833,
        8.252442676929629,
        8.309697168018314,
        8.274704656172277,
        8.25402616452598,
        8.239737828606689,
        8.244757631744356,
        8.268728901902964,
        8.271678461637759,
        8.272233853531512,
        8.270727073952596,
        8.276877939676783,
        8.278287398958723,
        8.267537950329189,
        8.24817296321926,
        8.2348954832654,
        8.230482749865804,
        8.234847255181766,
        8.228831513154997,
        8.222370569972238,
        8.224192664828458,
        8.223767604445602,
        8.222038469156196,
        8.223665112982275,
        8.21577302428607,
        8.211687083190109,
        8.209166121993837,
        8.2013998288992,
        8.195536976062881,
        8.193378598506513,
        8.193622791470885,
        8.191753492077968,
        8.191821472853464,
        8.18605778390235,
        8.180783330608682,
        8.176168719283433,
        8.175676047456566,
        8.175968759437827,
        8.174899363226565,
        8.176758369501737,
        8.175422566861855,
        8.176948122504346,
        8.174928180776915,
        8.17441026142081,
        8.172746574558877,
        8.177253972740113,
        8.178167189763068,
        8.17599640811577,
        8.17847678987528,
        8.180919553210469,
        8.18567782628202,
        8.18577760419083,
        8.18582602704999,
        8.18273203271109,
        8.17988418130396,
        8.180054546125909,
        8.179775901778424,
        8.1772195157947,
        8.18140037557718,
        8.178327769852757,
        8.173482433548932
    ],
    "std_ticket": [
        0.4361251886320134,
        0.04697966786551757,
        0.018494047004309178,
        0.023672190788231982,
        0.01729931370343931,
        0.014592927606206264,
        0.012440202963170418,
        0.01221213925816444,
        0.010511133274505511,
        0.0044434662608676245,
        0.004286572278751665,
        0.003829252538652488,
        0.003689376950874453,
        0.004340396738270285,
        0.0026379418180350143,
        0.004694702214859803,
        0.006721712458331876,
        0.004680324029391977,
        0.003036495261893442,
        0.003413283429783897,
        0.0027373784182166856,
        0.00388049586184814,
        0.001399233873812325,
        0.002641976185347611,
        0.0014431090196394367,
        0.001118820851873616,
        0.0016036399922854895,
        0.00318116474811996,
        0.0015899068423823864,
        0.002693227836561386,
        0.0025359683706212555,
        0.0022389575598522147,
        0.002111499734230927,
        0.0013555318719146742,
        0.0011819818720551544,
        0.0016769791900194827,
        0.001436371196166646,
        0.001668303984498582,
        0.0029747986917245993,
        0.0011038070949101594,
        0.0009158229693407926,
        0.0020863890674030086,
        0.00224984540888108,
        0.0012526181354221412,
        0.0007526585329419353,
        0.0010096596212011454,
        0.0013254453221429228,
        0.0007103089085946444,
        0.0017488961112979852,
        0.0010226184687012118,
        0.0008796053015674107,
        0.0010281987312088783,
        0.0010656245637706589,
        0.001458638569147381,
        0.0019691947966147603,
        0.0025537417015145496,
        0.0009923540271333897,
        0.0007297225990701052,
        0.0011303418439258354,
        0.000938857031496455,
        0.0021787450617970854,
        0.001836677005377605,
        0.002916676382661992,
        0.0006861948013461886
    ],
    "w_ticket": [
        0.009446153043548948,
        0.0010175452924073608,
        0.00040056755021479837,
        0.0005127223625012951,
        0.00037469049954125066,
        0.00031607215339714094,
        0.00026944570996120863,
        0.00026450601668661766,
        0.00022766346948122722,
        9.624223373949086e-05,
        9.284402468092239e-05,
        8.293881313291928e-05,
        7.99092100656162e-05,
        9.40098231611569e-05,
        5.713589304781416e-05,
        0.00010168382100230445,
        0.00014558738236444016,
        0.00010137240000677875,
        6.5768269541658e-05,
        7.392922605521258e-05,
        5.928961718008114e-05,
        8.404870608563887e-05,
        3.0306383717959067e-05,
        5.7223274497136587e-05,
        3.1256687330531703e-05,
        2.4232842474112053e-05,
        3.4733670947554264e-05,
        6.890170494793155e-05,
        3.443622095123183e-05,
        5.833334782864599e-05,
        5.4927222657392345e-05,
        4.849418543036764e-05,
        4.573354202154923e-05,
        2.9359830276435665e-05,
        2.56008640389589e-05,
        3.6322144404130826e-05,
        3.111075099536144e-05,
        3.613424578884627e-05,
        6.4431966894464e-05,
        2.390765546420714e-05,
        1.9836056606420788e-05,
        4.518966331867929e-05,
        4.873000828793824e-05,
        2.7130793911346945e-05,
        1.6302034087972565e-05,
        2.1868489948203815e-05,
        2.8708177583345934e-05,
        1.5384772156424612e-05,
        3.787981239150038e-05,
        2.2149169120020523e-05,
        1.905160837553348e-05,
        2.2270033530159127e-05,
        2.3080649727929606e-05,
        3.159304603021962e-05,
        4.265132101112918e-05,
        5.531218002304763e-05,
        2.1493663420558597e-05,
        1.580525851252459e-05,
        2.4482378747126086e-05,
        2.033495756882449e-05,
        4.7190026701202705e-05,
        3.978108244282798e-05,
        6.317308013222037e-05,
        1.4862478206166986e-05
    ],
    "avg_delay_arcades": [
        7.296998018827778,
        7.267935639448852,
        7.240097321019657,
        7.260036027346514,
        7.288292432986146,
        7.3074671277101215,
        7.335978507743368,
        7.433376900524832,
        7.46414553586128,
        7.467271518855662,
        7.481720246261724,
        7.4988544392877525,
        7.518656550482347,
        7.501890575526212,
        7.499335640698713,
        7.479624610961186,
        7.450480111532039,
        7.439757675763477,
        7.446751920561814,
        7.438677593237499,
        7.4417115480104625,
        7.423356758200554,
        7.405725686432994,
        7.395931290596279,
        7.409148281508452,
        7.400081893485584,
        7.403376145583183,
        7.40828538044623,
        7.410947135338884,
        7.397780332413315,
        7.384212939973,
        7.379170056646468,
        7.38795085621827,
        7.3820831450165025,
        7.388427860719952,
        7.393692762201776,
        7.39238948128159,
        7.386117008476734,
        7.3996133386723315,
        7.399855378556326,
        7.392227585634292,
        7.381706969552007,
        7.3828634236612505,
        7.3796373679487255,
        7.390042780280847,
        7.386452849236366,
        7.3928425984468324,
        7.390061774634168,
        7.387972412951822,
        7.383471466297616,
        7.379728303214007,
        7.389457736261688,
        7.394717312012177,
        7.401976028717366,
        7.401843153223981,
        7.396646270923304,
        7.388489076835052,
        7.3802309537499164,
        7.387809723308188,
        7.391118358759533,
        7.384723205099797,
        7.380138779954786,
        7.374170284897903,
        7.3687094059913525
    ],