{
    "seed": 841744376,
    "n_nodes": 5,
    "lambda": 0.07142857142857142,
    "b": 256,
    "k": 64,
    "income": [
        3310.8430124679744,
        3322.173976577048,
        3193.5164946022405,
        3492.628839600943,
        3426.0090721581064,
        3421.776199646828,
        3474.3839664267452,
        3276.8175578850787,
        3252.1267704483107,
        3383.9952949550184,
        3313.550739383558,
        3387.178396326204,
        3327.867695751057,
        3398.365294518654,
        3348.097670523252,
        3362.0988874555915,
        3263.513140508414,
        3340.7077069797106,
        3364.174273010852,
        3236.2347634868047,
        3433.098657259412,
        3352.670792364934,
        3336.382125588611,
        3387.918110258563,
        3293.6489899359567,
        3400.05965605182,
        3297.5488730310944,
        3441.732412827595,
        3234.298517770464,
        3496.3310006444835,
        3475.616992560102,
        3409.7679767521004,
        3394.700426793209,
        3308.9924310580627,
        3398.1340528704477,
        3234.5676137271566,
        3424.038653058177,
        3222.7505807228354,
        3328.514053588924,
        3314.4088128052254,
        3434.0293927632065,
        3331.2963631694042,
        3244.6453036561293,
        3441.7451852908366,
        3258.7680425519848,
        3339.604537694476,
        3369.5553857827526,
        3277.5827750791505,
        3462.945298295731,
        3450.9646097877007,
        3443.2357544404113,
        3149.4204331618207,
        3502.7847987512628,
        3347.6646517482827,
        3293.007654247571,
        3392.9606596156455,
        3248.561763409243,
        3462.6428943632477,
        3400.820273515628,
        3364.572546780336,
        3342.0887905779164,
        3293.7389163893286,
        3302.4390460170407,
        3427.4941969189927
    ],
    "avg_wait_system": [
        23.57616123787097,
        21.687656245839634,
        21.072910828617793,
        20.29319038242741,
        20.873548848077263,
        21.972562573415786,
        21.148281722019135,
        22.36934967787755,
        22.715063538381116,
        21.853865321572783,
        21.867488737663166,
        21.026909714035924,
        19.955561870929074,
        21.38264606738477,
        21.037504024899164,
        21.68911900508024,
        21.87292806136253,
        20.41668794811909,
        22.322110732296096,
        22.133083722493893,
        21.852993722308383,
        21.321712400838976,
        22.676536594177946,
        20.330903318176183,
        21.385568884514385,
        21.23972894403113,
        20.693036619472366,
        21.479906893730572,
        21.95502549869045,
        21.09574114976658,
        20.982191338424457,
        22.350578498229368,
        22.627803192775104,
        21.551384871375603,
        21.285500803833997,
        23.938120685978788,
        21.42625112989049,
        21.65131081236109,
        20.812453489830887,
        22.42588576740071,
        22.370899870526046,
        21.858184685916513,
        21.97952106379511,
        21.20470377425704,
        21.888762132914962,
        21.999980064472425,
        20.0854607928527,
        22.36538794067644,
        20.88161371196304,
        21.66777122026008,
        20.328808751784777,
        23.135775336536994,
        21.29992282050833,
        21.873959762579716,
        23.256367653100256,
        23.499007714332265,
        23.15618953825424,
        20.68590103911788,
        21.649852023391986,
        20.549932945409182,
        22.321015190799244,
        20.896497959442513,
        21.88669088758934,
        21.088282865952124
    ],
    "avg_wait_ticket": [
        8.335176628140768,
        6.510337340499587,
        6.239031685982406,
        6.019735427436814,
        6.7467975316605004,
        7.093373041056998,
        6.915050049531928,
        7.411409872589387,
        7.358410541292503,
        6.387397606499398,
        7.736111521550441,
        6.700429515659689,
        5.958353244956961,
        6.222628357168287,
        5.915958361128214,
        6.583571508395167,
        6.811368406878734,
        6.260725324240205,
        7.851310653937278,
        7.906037768140206,
        6.662779508263948,
        7.144200882507529,
        7.633327942725311,
        6.23159194132463,
        6.342764950549146,
        6.3024554974262035,
        6.121676408781423,
        7.191635971596093,
        6.843851712569389,
        6.9606415821993375,
        6.4376354469815285,
        7.759659879188112,
        7.193212429309494,
        6.653973787229286,
        6.97618698745454,
        8.116881193646291,
        6.8470271895046215,
        6.335426715341047,
        5.809536415856335,
        7.523889440399752,
        7.561887560634764,
        6.860260112385297,
        6.647144279866382,
        6.338372287372964,
        7.151905927302912,
        6.820598788848755,
        6.047691415089297,
        7.620574973417772,
        6.347394187418675,
        7.24063615663196,
        6.56815599108435,
        7.799568435802181,
        7.002403382714038,
        6.896499301575446,
        7.759903944824764,
        8.471115685870897,
        8.136531103357239,
        6.736968735814007,
        7.007437878760125,
        6.6370905736412595,
        7.288028044536344,
        6.824285595510586,
        7.315749955086568,
        6.986012212660801
    ],
    "avg_delay_arcades": [
        2.3784397810296056,
        2.1104485004336375,
        2.377696322951899,
        1.2856669051567282,
        1.4584923309360676,
        1.7022833751960094,
        1.0686034438028906,
        2.0402415185979725,
        2.1616716207460125,
        1.8113130889273301,
        1.633772252032078,
        1.4974832967563736,
        1.562484502484364,
        1.741780832974254,
        1.8385479486670633,
        1.9898848797320903,
        1.9577860801235665,
        1.5750031058857306,
        1.833971143267116,
        2.0930507595695627,
        1.6477173144124708,
        1.5917491735064981,
        2.113821081500671,
        1.340901932602167,
        2.0311069880687844,
        1.8797136509512637,
        1.7890138527383737,
        1.2291848549462545,
        2.249351551948537,
        1.267753222687982,
        1.4428096744091472,
        1.6866065641027386,
        2.049045586699006,
        1.8820044374193639,
        1.4436030186699296,
        2.4636391235927606,
        1.5431320499197894,
        2.159914475754536,
        1.9340777873711013,
        2.075746658436153,
        1.5692126156619062,
        2.066307920148044,
        2.271125043316918,
        1.6060472998031976,
        1.981315491477762,
        2.0261070756718897,
        1.2772230710862362,
        2.1097986526735495,
        1.429296943730335,
        1.4872680171562862,
        1.2984371211081898,
        2.4510185900656234,
        1.2365251673326003,
        1.9141798295629975,
        2.32285467832496,
        1.841153447635445,
        2.105867835016084,
        1.126346421164357,
        1.5813645194359618,
        1.2239035308100306,
        2.0140864972036296,
        1.7324203333311423,
        2.0612729462583372,
        1.3755386273355452
    ],
    "final_wait_ticket": 6.950225095295789,
    "final_std_ticket": 0.607140347233978,
    "final_w_ticket": 0.15816455884834985,
    "final_delay_arcades": 1.7649322475791172,
    "final_std_arcades": 0.34560333293829465,
    "final_w_arcades": 0.0900322288573571,
    "final_income": 3355.7441238856914,
    "final_std_income": 78.94874090595893,
    "final_w_income": 20.566731949065318,
    "final_wait_system": 21.660830598797475,
    "final_std_system": 0.8470157213826731,
    "final_w_system": 0.2206538710867113,