{
    "seed": 893367702,
    "n_nodes": 3,
    "lambda": 0.1,
    "b": 8192,
    "k": 64,
    "avg_wait_ticket": [
        8.941067450546637,
        8.299454141285183,
        8.40116503690988,
        8.356502956275351,
        8.32379604804412,
        8.262950359739358,
        8.225018578312017,
        8.19314141348237,
        8.17345379999695,
        8.1683030098786,
        8.167533448941722,
        8.175226534491502,
        8.190863036107372,
        8.182912330092027,
        8.171157410038543,
        8.16043178618323,
        8.162610140436502,
        8.152551966358129,
        8.138463251974304,
        8.135512818893812,
        8.130627870787313,
        8.134589340974491,
        8.140684961710338,
        8.152888705750243,
        8.153366940320486,
        8.161401810108584,
        8.166680654535853,
        8.171744493428145,
        8.176017627141693,
        8.185834507551784,
        8.195330691728387,
        8.197504046455347,
        8.199273431257733,
        8.198900863440073,
        8.199857026521414,
        8.19782905924223,
        8.197747682649792,
        8.193362379406603,
        8.19402357584038,
        8.188820683275438,
        8.186039789944319,
        8.180967528067873,
        8.177173381505034,
        8.176512722480556,
        8.18094299642693,
        8.181336945190694,
        8.181912495073522,
        8.1775218222637,
        8.178757081855618,
        8.173037639552737,
        8.172146778122293,
        8.174235215983808,
        8.176783800396146,
        8.179533077744043,
        8.181536138048415,
        8.182639004787458,
        8.184338770954897,
        8.181936896846274,
        8.182422162451012,
        8.179955850489463,
        8.178432974718332,
        8.181105077209152,
        8.178935559594077,
        8.180616687261885
    ],
    "std_ticket": [
        1.1414227442914207,
        0.047492262573838415,
        0.018771655486861227,
        0.015854539177921182,
        0.01557623066563357,
        0.012089132916481064,
        0.006490875389088512,
        0.015088583761949137,
        0.00539451582977188,
        0.004982537027116116,
        0.00411057618436472,
        0.005172980852603881,
        0.0034108607835696123,
        0.0021028074976285325,
        0.00834340431101106,
        0.0036306014963497905,
        0.0038224275914543644,
        0.0027303824234923705,
        0.004978331112605204,
        0.002038659287750547,
        0.0023840542254547144,
        0.005483022798648486,
        0.004756505592125282,
        0.004332013509193386,
        0.0011702294348330997,
        0.004135967003700377,
        0.0014613796656273393,
        0.003944772570637667,
        0.0014993178672930662,
        0.0029450091568025143,
        0.0038983671067017106,
        0.002354457448715793,
        0.002487110178799137,
        0.0009771620984713727,
        0.0013721700731267464,
        0.0009917043943906212,
        0.0010038082410677976,
        0.0014443044731647361,
        0.0014834223304126745,
        0.0011935505573588392,
        0.0012876464888569542,
        0.0015875609856762535,
        0.0015239984639180031,
        0.0016578658111782469,
        0.002038276252717106,
        0.0015050124777361746,
        0.0017836803854785251,
        0.0014547813619266985,
        0.0024995369852320675,
        0.0010488734476462405,
        0.0010553822979133525,
        0.001621370968945705,
        0.0009370621745795512,
        0.000973586459622768,
        0.0007486891909461452,
        0.0013799717101506631,
        0.00125768285084649,
        0.0011835434212865061,
        0.002030690940649514,
        0.000647207951580681,
        0.0005960412346757182,
        0.0008468780924585343,
        0.0009577578921231063,
        0.0008150785274886867
    ],
    "w_ticket": [
        0.02472238295564694,
        0.001028647719394667,
        0.0004065803471839426,
        0.00034339773856985816,
        0.00033736977946793753,
        0.0002618417891685674,
        0.00014058762004610969,
        0.0003268077037073865,
        0.00011684127276324011,
        0.00010791811280361669,
        8.903207782258877e-05,
        0.00011204298696509112,
        7.387675330769188e-05,
        4.554527452547887e-05,
        0.00018071204342319275,
        7.86361766497165e-05,
        8.279098976149276e-05,
        5.913808904416899e-05,
        0.00010782701576727541,
        4.4155871152842144e-05,
        5.163687322991669e-05,
        0.00011875826906435141,
        0.0001030224370132006,
        9.382824854239226e-05,
        2.534631483261187e-05,
        8.958202442415524e-05,
        3.165241617790139e-05,
        8.544089265084505e-05,
        3.24741299162332e-05,
        6.378674732608086e-05,
        8.44357841961582e-05,
        5.0995828662991906e-05,
        5.386898990814333e-05,
        2.1164617341797998e-05,
        2.9720201562284983e-05,
        2.1479592849836597e-05,
        2.174175332831502e-05,
        3.128257998074035e-05,
        3.2129844197372215e-05,
        2.5851433312964923e-05,
        2.788948246232618e-05,
        3.4385411408371275e-05,
        3.300869361262627e-05,
        3.590816257868303e-05,
        4.414757489378342e-05,
        3.259747101913469e-05,
        3.863321436410552e-05,
        3.15095017390918e-05,
        5.413814545904425e-05,
        2.271783278755099e-05,
        2.285880973032638e-05,
        3.5117710951456245e-05,
        2.029608227895296e-05,
        2.1087171615954178e-05,
        1.6216061039518223e-05,
        2.9889179321972044e-05,
        2.7240491948212205e-05,
        2.5634686054767374e-05,
        4.39832825746484e-05,
        1.4018051515917797e-05,
        1.290981779950194e-05,
        1.8342760929917307e-05,
        2.0744336404965923e-05,
        1.765400557880891e-05
    ],
    "avg_delay_arcades": [
        8.549317211340936,
        7.714107204784358,
        7.702761302372815,
        7.542185433306723,
        7.494012337310697,
        7.480952444708756,
        7.438319465787978,
        7.433522631741629,
        7.443495143672,
        7.457885851613075,
        7.5129121159795424,
        7.50586593486721,
        7.539364248554467,
        7.541960849767006,
        7.538155306631822,
        7.541741898991669,
        7.536434549645468,
        7.496799003516105,
        7.471244522407253,
        7.453528522196094,
        7.440255217989397,
        7.422076499004,
        7.412182387938714,
        7.413734191302354,
        7.416379278582665,
        7.4043937785797365,
        7.421423426092715,
        7.43646272802463,
        7.453151223807703,
        7.450246578915143,
        7.456492992675633,
        7.457840048600071,
        7.451537895003894,
        7.44436512955295,
        7.440991243540542,
        7.444955222849379,
        7.455810720034448,
        7.448770629478774,
        7.452279798372087,
        7.441735322901915,
        7.445727651053471,
        7.4394959913545735,
        7.433856229561609,
        7.4348984500713895,
        7.441096404894785,
        7.445384005876264,
        7.446930846053025,
        7.443865687026159,
        7.438013468771239,
        7.43456383352963,
        7.432333698975332,
        7.433293615871071,
        7.432379965386737,
        7.438322344334925,
        7.44468852797298,
        7.447538081567899,
        7.448121403817,
        7.451405959784349,
        7.459511471634741,
        7.4573431417624265,
        7.456679186523249,
        7.463356953665686,
        7.468270153447052,
        7.466077640618236
    ],