{
    "seed": 377966758,
    "n_nodes": 3,
    "lambda": 0.1,
    "b": 1024,
    "k": 64,
    "avg_wait_ticket": [
        9.306765152421917,
        8.49780402683434,
        7.853649734973596,
        8.386945153854727,
        8.143623320717058,
        7.893365731863941,
        8.032434703103652,
        8.57668070674648,
        7.967879629716448,
        8.055056298199558,
        7.911318229619292,
        8.772048099054544,
        8.393482054872822,
        8.397082539574065,
        7.880636489678319,
        8.061636571946552,
        7.305067203297507,
        8.698381657796054,
        8.80133156389098,
        8.179655317480721,
        8.423778570505608,
        7.851501983835393,
        7.886050259685794,
        7.474697694470205,
        7.864529415869182,
        8.148128513032404,
        7.883488477475159,
        7.597298025969415,
        7.213027929200863,
        7.556147696288952,
        7.901477181786756,
        7.267960430023667,
        8.054810760505696,
        8.265297024040619,
        8.446513732216118,
        8.73446171374374,
        7.371618517236436,
        8.115457575928737,
        7.958789301916669,
        8.42700187927026,
        8.477508778589842,
        8.069430575624022,
        8.468066667431236,
        8.502231020358442,
        7.9429301461351125,
        7.839970739094644,
        8.231335132718339,
        8.295665643759717,
        7.5471873525297415,
        8.623103018189319,
        7.6517928373095385,
        8.10615221683856,
        8.17598367911614,
        8.257738077005751,
        8.068927302457514,
        8.522390248936807,
        8.407925056328375,
        7.854534297428316,
        7.630947330450978,
        8.280036755875974,
        8.364050834440127,
        8.241940106919655,
        8.201001373922253,
        8.178845045683047
    ],
    "avg_delay_arcades": [
        7.432579958974447,
        7.578131901373186,
        9.466221287784892,
        6.784903577317649,
        6.279170292184705,
        8.559847311794504,
        7.900345628302287,
        8.82600203390173,
        6.864531541993564,
        8.549942040174514,
        6.726155289543901,
        6.121042526581348,
        6.513522699040666,
        7.991224553913109,
        6.875298809784863,
        6.146098658808257,
        7.305561621413031,
        6.952826835071182,
        7.5662864078464835,
        7.102798916470782,
        8.153857632962762,
        7.698005724215158,
        6.498024062458114,
        7.531934749822452,
        8.716191968132643,
        6.686477649996871,
        6.350471849976408,
        8.176094615978567,
        7.252342994411663,
        7.2283611476227945,
        8.00743455635378,
        7.673772448048766,
        7.221897365192579,
        7.21965639188569,
        7.761379358433062,
        8.299919236089822,
        6.792594160959577,
        8.087661632231258,
        6.177296096500085,
        6.789753985445145,
        9.96082283270429,
        7.2453962949747615,
        6.367423795097196,
        6.7203903796446625,
        7.769191439309059,
        6.688621499951556,
        7.573969571392567,
        7.648605315211207,
        8.181547094782266,
        7.910816496427938,
        8.508867006178086,
        7.36140241449899,
        7.833113761608757,
        6.1603228255930995,
        6.338497848532929,
        7.835185850416863,
        7.165884190767076,
        6.21512445702479,
        6.926818739781619,
        6.160417815647764,
        7.509574125476486,
        6.292807873382668,
        7.610779841648367,
        8.568584877786476
    ],
    "final_wait_ticket": 8.090856850628386,
    "final_std_ticket": 0.3810627055259953,
    "final_w_ticket": 0.09926965814026321,
    "final_delay_arcades": 7.352632485689693,
    "final_std_arcades": 0.8362005336524804,
    "final_w_arcades": 0.217836434551648,
    "correlation_delay_arcades": [
        -0.04001346720686755,
        0.7555255100633029
    ]
}