{
    "seed": 987654321,
    "n_nodes": 19,
    "lambda": 0.07142857142857142,
    "b": 8,
    "k": 64,
    "income": [
        25.46875,
        35.46875,
        35.46875,
        29.231311076574983,
        35.46875,
        35.46875,
        35.46875,
        35.46875,
        35.46875,
        35.46875,
        25.46875,
        35.46875,
        35.46875,
        35.46875,
        35.46875,
        35.46875,
        35.46875,
        35.46875,
        35.46875,
        15.46875,
        35.46875,
        35.46875,
        32.363543822882974,
        35.46875,
        35.46875,
        35.46875,
        15.46875,
        30.591447451737046,
        24.33667227503796,
        35.46875,
        35.46875,
        35.46875,
        35.46875,
        20.382447039292234,
        25.46875,
        35.46875,
        25.46875,
        25.46875,
        25.46875,
        24.540725056432024,
        35.46875,
        35.46875,
        35.246682581344714,
        35.46875,
        35.46875,
        31.164052269386286,
        32.88382127523533,
        21.625286576949676,
        34.77557073494934,
        22.918536677203136,
        35.46875,
        35.46875,
        35.46875,
        25.46875,
        35.46875,
        25.46875,
        35.46875,
        34.211890439904224,
        35.46875,
        35.46875,
        33.7916278723513,
        35.0129617110483,
        35.46875,
        35.46875
    ],
    "avg_wait_system": [
        22.192978740368062,
        27.885339038859684,
        18.810651863228486,
        19.504861349176963,
        25.132871935479216,
        15.71733559625818,
        18.8478301735679,
        22.477949609422012,
        16.47694204057052,
        16.704145919448138,
        20.07822561137914,
        15.389017063520214,
        21.887674193400926,
        24.19709362078038,
        17.028294494804413,
        18.09427463073621,
        23.23088328657309,
        21.664285880894113,
        20.551886929673856,
        18.000378774671617,
        15.387107241979265,
        17.07567117298254,
        18.003610573128753,
        15.51725572178384,
        20.213019670714175,
        22.079344258709853,
        16.06722687202195,
        18.040281211884576,
        28.249823558898242,
        19.213566792022448,
        30.21469895567293,
        18.42454434620231,
        29.545264844472513,
        20.525697457969272,
        22.390304245523794,
        19.357190169123214,
        14.860889776790373,
        14.88006842198638,
        20.30699555578235,
        22.016650961014193,
        32.1154810929379,
        25.77288109215806,
        21.738592641992227,
        22.10991304078607,
        14.135842754484202,
        18.98846090207462,
        24.74215104975565,
        25.057865470385877,
        17.85031025514536,
        13.711530268675233,
        23.00462755433591,
        18.329329829403832,
        21.660780844036708,
        19.38987851589127,
        17.763012588008223,
        16.361548339373257,
        20.94247829377491,
        17.070404357671123,
        17.200972326808824,
        25.780455550212537,
        21.923214586112408,
        15.745881448124692,
        24.901958455777276,
        20.476351215449085
    ],
    "avg_wait_ticket": [
        6.557674894018216,
        16.365439383272,
        5.049987942863784,
        8.31968032050645,
        10.55136350124485,
        3.317815715612293,
        6.828598123559459,
        3.7311882232095286,
        5.4212439178748655,
        4.826572609159787,
        4.203554418031672,
        4.575112303975099,
        10.850501489421003,
        7.805635559701159,
        4.163561912659588,
        2.9865663190718936,
        9.305610694192728,
        7.526385415223103,
        7.984329673531829,
        5.605969835732822,
        2.720404399023755,
        3.534205088237286,
        4.636478417765465,
        3.9082274870693254,
        4.234547919566986,
        7.41343977764726,
        2.364859389907906,
        3.8358533443770284,
        11.513857599665243,
        12.496796994544638,
        13.749927045171196,
        6.4383463715348626,
        18.00302808026806,
        5.847097592721184,
        10.874457182273545,
        3.9337525091066254,
        3.661486816911141,
        3.9539793551657567,
        6.123918185516914,
        3.419443929920817,
        18.1275328555148,
        14.295722523925049,
        6.8865593673860985,
        6.464720931997969,
        1.6568375095099328,
        4.7579298386164215,
        9.686233285860258,
        8.350403773253978,
        5.721104259730782,
        3.5655114263854557,
        8.68465875336655,
        4.388825566462856,
        8.428728155358234,
        5.136571472071864,
        5.358521144417561,
        4.956875983191367,
        4.463557864169616,
        3.2751554685142765,
        4.319640137697206,
        9.066306045549027,
        7.472189450970161,
        16.169913934565557,
        7.246483380990867,
        7.298744991157339
    ],
    "avg_delay_arcades": [
        0.0,
        0.0,
        0.0,
        0.38983993271406353,
        0.0,
        0.0,
        0.0,
        0.0,
        0.0,
        0.0,
        0.0,
        0.0,
        0.0,
        0.0,
        0.0,
        0.0,
        0.0,
        0.0,
        0.0,
        0.0,
        0.0,
        0.0,
        0.19407538606981434,
        0.0,
        0.0,
        0.0,
        0.0,
        0.30483140926643454,
        0.08086269464014581,
        0.0,
        0.0,
        0.0,
        0.0,
        0.36330735433626904,
        0.0,
        0.0,
        0.0,
        0.0,
        0.0,
        0.6830015589729986,
        0.0,
        0.0,
        0.01387921366595516,
        0.0,
        0.0,
        0.2690436081633571,
        0.16155804529779216,
        0.2745331016464517,
        0.043323704065666165,
        0.18215809448549025,
        0.0,
        0.0,
        0.0,
        0.0,
        0.0,
        0.0,
        0.0,
        0.07855372250598616,
        0.0,
        0.0,
        0.10482013297804402,
        0.028486768059481523,
        0.0,
        0.0
    ],
    "final_wait_ticket": 6.8021140886543305,
    "final_std_ticket": 3.7672026892361767,
    "final_w_ticket": 0.9813842123157973,
    "final_delay_arcades": 0.0463739132358981,
    "final_std_arcades": 0.11886836989451834,
    "final_w_arcades": 0.03096609107110383,
    "final_income": 32.25679609639592,
    "final_std_income": 5.469274012987637,
    "final_w_income": 1.4247864030547868,
    "final_wait_system": 20.243703734053643,
    "final_std_system": 4.110489245149634,
    "final_w_system": 1.070812903592836,
    "correlation_delay_arcades": [
        1.0,
        0.05281535102346656,
        0.032488128648413904,
        0.01794407129317154,
        -0.1549410692469138,
        -0.1541842476096807,
        0.10714445385632924,
        -0.0908683498838907,
        -0.08890425151695884,
        -0.05664951346347544
    ]
}