{
    "seed": 1865511657,
    "n_nodes": 5,
    "lambda": 0.07142857142857142,
    "b": 256,
    "k": 64,
    "income": [
        3100.759383815924,
        2983.6492341158933,
        2934.6825234542716,
        2953.585339698247,
        3113.43042443831,
        3120.629316388967,
        3125.076181939896,
        3051.517278455031,
        2816.853408731412,
        2885.10918968592,
        2969.804847888555,
        2945.9717772870777,
        3028.935206614775,
        2887.447481258331,
        2967.5868502237377,
        3083.6583769201798,
        3171.0381731096372,
        3090.1241269805523,
        3089.4921925833396,
        3043.8613986477217,
        3009.0286406068826,
        3090.0344954974607,
        3051.350782455127,
        3081.3269974057484,
        2870.410643241285,
        2985.152139653181,
        3084.540717885213,
        2830.2745621325857,
        2966.427652040601,
        3118.4451819173146,
        2855.928641577805,
        3098.8585410807145,
        3053.9920849451837,
        3044.1930914272234,
        3038.0295327385384,
        3031.643750836093,
        3070.4228628005153,
        2906.365641183462,
        3057.083559976586,
        3194.9891861336428,
        2839.4523350064546,
        2954.1539162558825,
        3037.383218012632,
        3014.7366988015397,
        2974.1950501198417,
        2964.868460657603,
        3132.2055641806064,
        2900.4754793567017,
        3004.4286969707955,
        3173.129648007568,
        3073.7323845699375,
        3118.7340417192663,
        3030.95721229233,
        2898.955719239745,
        3085.8716688453283,
        2942.5270917175394,
        2808.313819635321,
        3031.825635155391,
        3205.6669642681272,
        2910.3684650122823,
        3023.91113072056,
        3003.7630518023616,
        2838.9354584799503,
        2878.6104066815806
    ],
    "avg_wait_system": [
        21.55961714023498,
        22.552790331960388,
        21.189502258633436,
        23.260176234095205,
        21.358614695134982,
        21.491225512925496,
        20.838878696125235,
        21.28610605679934,
        22.44468945767666,
        22.53712488602372,
        23.42790455701669,
        21.728826657852267,
        21.491984961175262,
        22.34270487406451,
        20.75378144835463,
        22.781455459661686,
        21.145976473741115,
        22.245236184988812,
        20.791226776259634,
        21.01661059087445,
        21.078593052648728,
        21.760285217103615,
        21.590060088797657,
        22.836809771533865,
        21.11172766225974,
        22.73406311048575,
        21.576991220007756,
        23.29556020923968,
        22.361717824492132,
        21.798810114707294,
        22.688890081285876,
        22.037876646234338,
        22.27935970821335,
        20.927195710820115,
        21.354664366316797,
        21.69973261718343,
        21.562103775385367,
        22.807159219579376,
        20.653493431305378,
        21.73071470792877,
        22.884769224051297,
        22.624764693013276,
        20.310519502487296,
        20.842848346404026,
        20.384074630161763,
        21.975972311201645,
        20.904288410943423,
        22.058634853353624,
        22.6536255040927,
        21.805600479105806,
        22.555833747681618,
        21.215336775127525,
        20.85296210246304,
        22.08689999071271,
        22.101650199385972,
        21.531418079686205,
        23.636785893915317,
        21.17352230280892,
        20.03808859839205,
        22.67871172123637,
        21.400767046235615,
        21.0526085835495,
        20.934964316778178,
        22.028654566633463
    ],
    "avg_delay_ticket": [
        1.2546344543600212,
        1.668833828094626,
        1.3062507468259275,
        3.145940866568459,
        2.038759025355265,
        1.2208812224975425,
        1.457314667806864,
        1.7146623304073976,
        2.7225894967915236,
        2.0142925591068024,
        2.0736879285629715,
        1.7072017458525508,
        1.706109534240883,
        2.0119410233881925,
        1.5205729686475886,
        2.742788877528998,
        1.9547117774076106,
        2.273109796460804,
        1.6736793436257402,
        1.3244079072647914,
        1.3301134268349935,
        1.4193642839044944,
        1.441057842720116,
        2.72284509938269,
        1.2409884211069986,
        2.2189101047167474,
        2.0066110792592324,
        2.1130092042834865,
        1.8356511824757997,
        1.4158393552513369,
        2.1196595342056925,
        2.1610397254095353,
        2.3133356996571783,
        1.3093891522890841,
        1.4506476476653831,
        1.4594419076303284,
        1.5406265275383686,
        2.8394717826792,
        1.65768608175767,
        2.0066285124109937,
        1.7717951177361888,
        2.493745145291422,
        1.2344458288534952,
        1.333408477932625,
        1.4285708432250932,
        1.4558546305376787,
        1.7188829892215591,
        1.7537818120141138,
        2.550876437803924,
        1.6747083558739784,
        2.4757895130716845,
        1.4060936187390307,
        0.9060716941169755,
        2.0191838402046147,
        1.697962785802723,
        1.1828458577203151,
        2.370181823657185,
        1.6947956876010264,
        1.0514506775549253,
        1.5500035920788457,
        1.4993436682560437,
        0.9387352793569524,
        1.4223973409566923,
        1.7831974918493037
    ],
    "avg_delay_arcades": [
        1.7177972514368585,
        1.9935004958542533,
        1.9477892539684167,
        1.6595982601374686,
        1.683071578974101,
        2.0434673568700887,
        1.5158669844008221,
        1.2678639481425482,
        2.0369101753967405,
        2.2931068039262046,
        2.0941996484241603,
        2.1639383081606307,
        1.9700054029131047,
        2.1952240880624965,
        1.5495853407139975,
        1.6067170331572207,
        1.467850199876478,
        1.6901134467674257,
        1.2453180678943103,
        1.6083273612270563,
        1.5666195387452313,
        1.6842872759468943,
        2.1762246141946644,
        1.7688791518753735,
        1.760661018164798,
        2.191289729857359,
        1.3334810606935257,
        2.8782020696286414,
        2.1335786738270106,
        1.6455061327310876,
        2.6285915884483275,
        1.6355420181614597,
        1.5866247435352294,
        1.2872371027450682,
        1.7295632729556245,
        1.9325176821837509,
        1.6779254445370466,
        2.33978082240957,
        1.1369828625162883,
        1.5050115257578107,
        2.6394095249972294,
        2.129300399780309,
        1.5857363574394614,
        1.504021074844999,
        1.2232559672297623,
        2.128370019630366,
        1.185653410461625,
        1.9757733334624312,
        1.9921820053230994,
        1.3756850635845412,
        1.7426059033234391,
        1.367110590026184,
        1.945190661043716,
        1.8463901762452586,
        1.66186260163213,
        2.0720502349563765,
        2.7988297237505675,
        1.6752899142013793,
        1.0351048596836931,
        2.3202304088826504,
        1.9352153729934305,
        1.6601152331055036,
        1.8137137790198383,
        2.475387299449718
    ],
    "final_delay_ticket": 1.7695524880930216,
    "final_std_ticket": 0.4677824699371919,
    "final_w_ticket": 0.12186079928912168,
    "final_delay_arcades": 1.8186425998148306,
    "final_std_arcades": 0.41428891942245627,
    "final_w_arcades": 0.10792533303829371,
    "final_income": 3011.2706175699664,
    "final_std_income": 100.46052602704134,
    "final_w_income": 26.170711357149834,
    "final_wait_system": 21.755024295060423,
    "final_std_system": 0.8186747356682302,
    "final_w_system": 0.21327083432548485,