{
    "seed": 443460125,
    "n_nodes": 3,
    "lambda": 0.1,
    "b": 8192,
    "k": 64,
    "avg_wait_ticket": [
        8.62879182318135,
        8.297458469434984,
        8.142818794372348,
        8.095660895702567,
        8.104870689800027,
        8.089549985433406,
        8.084413529950094,
        8.10078977822744,
        8.129469635698532,
        8.140918127445087,
        8.136101999906751,
        8.129377626160304,
        8.131462680698428,
        8.124856498862018,
        8.132692684598661,
        8.136443278624025,
        8.132954523852563,
        8.139644885338301,
        8.139641101662333,
        8.15068161503681,
        8.155126619775663,
        8.154801587787132,
        8.149253986913502,
        8.155683845581178,
        8.154601318866927,
        8.14967984404428,
        8.15106395563525,
        8.151868042545917,
        8.146869223965298,
        8.144721197509842,
        8.14780907342249,
        8.149647449232667,
        8.150482756696602,
        8.15705981179938,
        8.155923616600653,
        8.15474660909893,
        8.151969257234542,
        8.156800669172055,
        8.158604168957828,
        8.15804788089353,
        8.153440185953302,
        8.148093192109998,
        8.142976521307968,
        8.142977970597109,
        8.143079392503493,
        8.146627234275376,
        8.150640399311317,
        8.145632670447288,
        8.145583175093078,
        8.145160048423428,
        8.146065488430922,
        8.14641414988625,
        8.14404341908112,
        8.145682000546769,
        8.141837037501933,
        8.139745889442574,
        8.138810131711981,
        8.141179338006538,
        8.145378448521157,
        8.14756804977538,
        8.148413317458575,
        8.150230000523514,
        8.153378011049774,
        8.154648523186406
    ],
    "std_ticket": [
        0.3612535740354025,
        0.09329119575380644,
        0.011328231270987012,
        0.023262381937854723,
        0.007552661223895805,
        0.010068174762110336,
        0.007071726483073769,
        0.008889451629784533,
        0.00692060002630576,
        0.0031035169987818764,
        0.004204754063999554,
        0.004743560020877517,
        0.002132540268862003,
        0.0020854699501899263,
        0.006576222976819833,
        0.0026464644294896806,
        0.0035396473223446804,
        0.003837175707917428,
        0.0031487274452366974,
        0.0057322610024863555,
        0.0016994183344014088,
        0.0017558804578552431,
        0.0027573655565969963,
        0.003398694952051603,
        0.0016746990364195997,
        0.0021340472388325688,
        0.0018260131343912178,
        0.0011024286051870501,
        0.0026354156475018637,
        0.0020335548081152626,
        0.0018128683998589851,
        0.0019452122335029264,
        0.0011445140374781693,
        0.0015378329977109282,
        0.001182283890962074,
        0.003301620825556588,
        0.003192622768176572,
        0.001375947951598706,
        0.0020663809416238054,
        0.0015886619832032104,
        0.0014433425255473674,
        0.0010522482242767699,
        0.0015372874969420277,
        0.0011583655788417343,
        0.001242618166600104,
        0.002476478527995375,
        0.0009721637627215249,
        0.0016287777616288393,
        0.0010407660941680768,
        0.0012178483078454105,
        0.0016060934227665755,
        0.0012930552569635672,
        0.0013516049091264655,
        0.0019786131653526627,
        0.0008037534503113124,
        0.0009711076468935293,
        0.0007962419589010244,
        0.0013184302734161942,
        0.0010486250356439982,
        0.0012510251659313336,
        0.0007112301626577208,
        0.0016427208092333612,
        0.0011535583551099662,
        0.0007486669789375131
    ],
    "w_ticket": [
        0.007824488556992656,
        0.002020619160911846,
        0.00024536121528341705,
        0.000503846202123109,
        0.00016358512570846856,
        0.0002180693116359712,
        0.000153168430493009,
        0.00019253902951939356,
        0.00014989514182092448,
        6.721991141054076e-05,
        9.10719019087371e-05,
        0.00010274204539531184,
        4.618926463382635e-05,
        4.5169755911159514e-05,
        0.0001424361864591999,
        5.7320486587077515e-05,
        7.666617567294012e-05,
        8.311042319218077e-05,
        6.819913665941707e-05,
        0.00012415658651796283,
        3.68081598820784e-05,
        3.803108823662179e-05,
        5.972252399895857e-05,
        7.361325028283424e-05,
        3.6272757942562636e-05,
        4.622190450271043e-05,
        3.955011078606576e-05,
        2.3877798383642054e-05,
        5.708117803916013e-05,
        4.4045311852211476e-05,
        3.9265405436902676e-05,
        4.213187621079204e-05,
        2.4789338108217015e-05,
        3.330833950995229e-05,
        2.5607405547890677e-05,
        7.151069560508904e-05,
        6.914987729351496e-05,
        2.9802027650656528e-05,
        4.4756301928070866e-05,
        3.4409258210645704e-05,
        3.126174489794671e-05,
        2.279092798445939e-05,
        3.3296524361727136e-05,
        2.5089352377100907e-05,
        2.6914201890555906e-05,
        5.3638716117003415e-05,
        2.105635704019927e-05,
        3.5278136671112995e-05,
        2.2542233432757697e-05,
        2.6377704841628634e-05,
        3.478681045980931e-05,
        2.800663242899605e-05,
        2.9274775130664113e-05,
        4.285531599889374e-05,
        1.7408712678889417e-05,
        2.1033482342743126e-05,
        1.7246019261273604e-05,
        2.85562367516584e-05,
        2.2712452365020485e-05,
        2.7096291355667754e-05,
        1.540472584655452e-05,
        3.5580132898340615e-05,
        2.498523142222715e-05,
        1.621557994363472e-05
    ],
    "avg_delay_arcades": [
        7.646899656091877,
        7.296943079159501,
        7.588811163138887,
        7.583323781246308,
        7.581931844031767,
        7.509180088055188,
        7.446576994349332,
        7.400272601848064,
        7.41051092296403,
        7.394688715728014,
        7.371153164018056,
        7.346794679773175,
        7.3345167927616455,
        7.333816984320687,
        7.340409900588002,
        7.3551609717340645,
        7.3409036370734,
        7.337017024087725,
        7.330647132022009,
        7.346214339115063,
        7.357625945915782,
        7.3573860201800185,
        7.352288488905301,
        7.348811365889669,
        7.3638997152720425,
        7.368237897728894,
        7.369368948309466,
        7.395024604979703,
        7.3885480252211755,
        7.387552047968601,
        7.378943701514239,
        7.378857502533627,
        7.373034522683696,
        7.381046934761597,
        7.384828642311001,
        7.385809291872622,
        7.3894668055857045,
        7.385145882108987,
        7.388247174982431,
        7.387089960353725,
        7.388480039289577,
        7.386045775124696,
        7.378441029713025,
        7.381310021827236,
        7.389061530710718,
        7.397047494924673,
        7.407743305311172,
        7.417984247343547,
        7.42061208114954,
        7.4147423612487335,
        7.413327115280193,
        7.415152438732474,
        7.416235457102675,
        7.416301905023581,
        7.413065112476705,
        7.4103194586628796,
        7.403656433522994,
        7.3963468407002395,
        7.390613032303867,
        7.392021482460115,
        7.394459766064968,
        7.393325332417168,
        7.394799013371695,
        7.396343073941691
    ],