{
    "seed": 640977820,
    "n_nodes": 3,
    "lambda": 0.1,
    "b": 1024,
    "k": 64,
    "avg_wait_ticket": [
        8.296506892667614,
        8.080752449423034,
        7.787589903029027,
        8.2609443695431,
        7.40054781060778,
        7.892737631445252,
        8.527570278555476,
        8.498943799963932,
        8.33466554213596,
        7.919762113141822,
        7.610736213329243,
        7.472079823449415,
        8.578968383415116,
        8.27373645601867,
        7.740168191340311,
        8.684783155718852,
        7.486080035396188,
        7.9140616077520525,
        7.631182833851633,
        8.815256872587737,
        7.875167714757105,
        8.270981609915468,
        7.741236667655697,
        8.446816479294998,
        8.178754044729368,
        7.823476783703121,
        8.34838735109675,
        7.0989772055571105,
        7.909681612478615,
        8.543857162479075,
        8.043808670999958,
        7.70804858943341,
        7.712274221349638,
        8.56683506995931,
        9.073034949573858,
        9.339244998011392,
        8.39708113802289,
        8.738269568611049,
        7.812421429850298,
        7.76401258172129,
        8.334484811886359,
        8.66459686066767,
        8.88539149851245,
        8.51447509130615,
        8.451463355560824,
        8.004476979990397,
        8.308360606603767,
        7.7082189519124515,
        8.592222149497518,
        8.210111639509297,
        7.3712598294267275,
        7.7601448742461345,
        8.611423742831176,
        8.419196962103978,
        8.33792710361925,
        8.436463836637293,
        7.6131656000050025,
        8.27211224698518,
        8.038771892988663,
        7.945962517453567,
        7.608849017802961,
        7.753296268796997,
        7.4205340712715175,
        8.724078532655497
    ],
    "avg_delay_arcades": [
        7.153856253526921,
        7.080555787614295,
        7.353500622972162,
        7.757840345396997,
        7.214268551542726,
        7.671651392385773,
        7.152180541744371,
        6.946917335317642,
        6.926988855966749,
        6.248859642523873,
        7.864384416933647,
        6.617786163665229,
        7.219881208656612,
        6.51648345397419,
        6.122907646782043,
        8.59927426055316,
        6.814535977336387,
        7.119046045242398,
        6.972048356123568,
        6.880953843483156,
        6.971997170885206,
        6.923980690932815,
        6.978761238824628,
        8.168489153196731,
        7.02551148800314,
        7.37228965532847,
        6.841457688639884,
        8.000898792081026,
        7.163018341086271,
        6.905251094845364,
        8.070611466847316,
        6.778157501699948,
        7.562774078196537,
        7.939710158195001,
        7.578234885270979,
        7.607204094894127,
        6.552996783409511,
        7.922146245085119,
        8.681355345764551,
        7.282801414866096,
        6.004246317958169,
        6.658085749922608,
        7.4298355328707615,
        9.193861272980916,
        7.3754934444337055,
        6.417061667148207,
        9.42147743076288,
        6.335018281945651,
        7.879408184563272,
        6.29157334227876,
        6.662035316885007,
        7.651608635351113,
        7.0775453626465135,
        6.74616209270913,
        6.438085697890237,
        8.122926839005446,
        5.980545625388374,
        6.896637630936556,
        7.3412020845093835,
        7.856799829341644,
        7.028789538251345,
        6.843312335202133,
        8.003732328719343,
        7.410813649624529
    ],
    "final_wait_ticket": 8.136010617336344,
    "final_std_ticket": 0.4735648292159133,
    "final_w_ticket": 0.12336714672359582,
    "final_delay_arcades": 7.238034552860167,
    "final_std_arcades": 0.7288760827825226,
    "final_w_arcades": 0.18987761991706975,
    "correlation_delay_arcades": [
        -0.2180456651037414,
        0.08602480439241586
    ]
}