{
    "seed": 1757116804,
    "n_nodes": 5,
    "lambda": 0.07142857142857142,
    "b": 256,
    "k": 64,
    "income": [
        -6434.813013221422,
        -6393.994694370958,
        -6322.2182679378475,
        -6389.632936621627,
        -6353.304773823898,
        -6316.354549498467,
        -6241.04413841097,
        -6290.735645106373,
        -6511.506856488524,
        -6300.686799741084,
        -6357.479579110081,
        -6298.904160539252,
        -6269.382393738815,
        -6457.227270547254,
        -6475.977638691334,
        -6414.636978086601,
        -6328.964701652985,
        -6262.476110659145,
        -6342.226821063892,
        -6294.605768691333,
        -6394.356990806939,
        -6363.685213728498,
        -6417.615293066823,
        -6296.057925689134,
        -6465.472357242183,
        -6292.880693822705,
        -6401.514835223123,
        -6287.320013959892,
        -6309.666016263351,
        -6331.17771970401,
        -6372.979838448844,
        -6475.158201930353,
        -6432.015941282185,
        -6401.267872010711,
        -6366.145757183444,
        -6265.5336309269605,
        -6566.8479369222405,
        -6376.463037357769,
        -6203.479942712234,
        -6230.552174130134,
        -6260.838673449577,
        -6464.203337473386,
        -6277.702204269721,
        -6298.481978505892,
        -6435.138717403238,
        -6344.353255797932,
        -6232.60162610573,
        -6534.131568124854,
        -6373.212158106747,
        -6500.672858590657,
        -6331.313547069753,
        -6338.211948444443,
        -6469.6738151834215,
        -6251.347074646458,
        -6410.346267615595,
        -6332.662656211556,
        -6259.337219116447,
        -6255.073971409298,
        -6278.654317894047,
        -6585.241184532106,
        -6236.589553762114,
        -6240.86646660998,
        -6284.836058156137,
        -6355.944000944874
    ],
    "avg_wait_system": [
        21.724245994633783,
        21.641676276469312,
        22.050431122796184,
        22.337656739871413,
        21.911693612371224,
        21.61436964005982,
        20.724126025797048,
        21.149188441285702,
        22.668610001797816,
        21.704037444972528,
        22.216827784955996,
        21.415964171736306,
        21.553602452746816,
        22.151184125084143,
        22.609256975289696,
        21.99516378832365,
        21.910347511288023,
        20.310703551233757,
        21.372145354779036,
        21.619856509986903,
        22.450764051808733,
        22.267486212802567,
        22.616918931803696,
        21.2653745226159,
        21.80069473623638,
        21.233211261110284,
        21.737600393256287,
        20.959385248496346,
        21.356533485212083,
        23.128533048880172,
        21.73136736887909,
        21.753625464125662,
        23.268125849226237,
        21.743639769684876,
        22.611757044369938,
        20.922236876704005,
        21.379661060676767,
        21.516887742201448,
        20.42800266701977,
        21.735606868124137,
        22.561514471410533,
        22.236720301629816,
        20.527142246621565,
        20.99186905567904,
        21.834258691652735,
        20.886747246338132,
        20.69173014620435,
        21.89228112693945,
        21.58026716667007,
        22.41617909700669,
        21.96314158925702,
        21.581155604081687,
        22.84140009206999,
        22.37664034519321,
        21.246365846090725,
        22.149446432101286,
        20.957378000117615,
        20.95486449590112,
        21.745526370962352,
        22.659364033051247,
        21.790564832208815,
        22.28762177416877,
        21.539910336983667,
        21.44467610933077
    ],
    "avg_wait_ticket": [
        6.793888051773467,
        6.601424401404004,
        6.637385069131276,
        7.418077275319366,
        7.5010140197233,
        6.867559048345085,
        5.944026824387724,
        6.554127165640032,
        7.325579487090221,
        7.33682451008648,
        6.889953842487401,
        6.274966409110275,
        6.827089717918664,
        6.325269016928595,
        7.070588468334588,
        6.756312703481813,
        6.991777266458776,
        5.946944474373667,
        6.462527375665702,
        6.954896276238638,
        7.047089818256294,
        7.367741573270959,
        7.3380237718277455,
        7.155767847186605,
        6.827508500598766,
        7.008990907310025,
        6.5762653866854155,
        6.867412250662357,
        7.212328122109503,
        8.823797628540294,
        6.669935357649436,
        6.5907519409876425,
        8.216178021241817,
        6.208233551696362,
        8.172111758308006,
        6.42722393104729,
        6.246923309985168,
        6.540462852019405,
        6.246412347310494,
        7.4436001588995415,
        7.901426160970004,
        6.586562611002317,
        6.298506793677172,
        6.926703774298306,
        6.971541855194403,
        6.483351037599092,
        5.907125289983861,
        6.733956681597692,
        7.1488583155483605,
        6.989214727663106,
        7.4948676385346795,
        6.841983941225627,
        7.610605642869041,
        7.153545811916757,
        6.44547302305637,
        7.500035818405246,
        6.106495490553192,
        6.4278887762659,
        7.311997537808173,
        6.80681841050586,
        6.976667053770152,
        7.178663960532729,
        7.146915069896274,
        7.341367816935697
    ],
    "avg_delay_arcades": [
        1.999076608500849,
        2.0194863140046726,
        1.8171851674411965,
        1.9247327507998038,
        1.8209988967019417,
        1.861949636137193,
        1.5730118643726545,
        1.515783634665234,
        2.450033720435364,
        1.564325852395529,
        2.2030896212434166,
        1.7778513760927805,
        1.5615277116394253,
        2.3279379051085565,
        2.347645577263675,
        2.1925683145907735,
        1.7763467286784729,
        1.4533252339715523,
        2.058688741106686,
        1.6835763001193527,
        2.094042060600514,
        2.0900492227879393,
        2.2070378610533923,
        1.3138662996994297,
        2.1504807765046077,
        1.3748230843739602,
        2.056169927917673,
        1.3474754784912704,
        1.7564484657904065,
        1.7870982333798042,
        1.8431665556678087,
        2.34363200945479,
        2.348464232010572,
        2.199683251664728,
        1.8096935045719706,
        1.3928469801315158,
        2.286628253389447,
        2.0071078738029273,
        1.090146062010899,
        1.222205727464067,
        1.88540082268574,
        2.3619674998701745,
        1.3001747750969848,
        1.4023703860945491,
        2.1476182076893275,
        1.6279668317931084,
        1.4583210896661691,
        2.41718132954473,
        1.6948748548481323,
        2.468601756362398,
        1.6390867611579747,
        1.597763680874311,
        2.2442974517217458,
        1.7683194030783718,
        1.9525226276176801,
        1.7943124998132265,
        1.8063677100783182,
        1.4922934100449896,
        1.5319238116310006,
        2.812661563272653,
        1.4028526794940974,
        1.572159039727905,
        1.411441917499446,
        1.6849704964501968
    ],
    "final_wait_ticket": 6.921779814694569,
    "final_std_ticket": 0.5691863558994076,
    "final_w_ticket": 0.14827726289887969,
    "final_delay_arcades": 1.839419626356726,
    "final_std_arcades": 0.38082848520388857,
    "final_w_arcades": 0.09920864201098092,
    "final_income": -6351.952333961423,
    "final_std_income": 91.15417242234088,
    "final_w_income": 23.746337290955633,
    "final_wait_system": 21.733187590110223,
    "final_std_system": 0.6658261867805824,
    "final_w_system": 0.1734526548624279,