{
    "seed": 987654321,
    "n_nodes": 5,
    "lambda": 0.07142857142857142,
    "b": 256,
    "k": 64,
    "income": [
        3086.3054391559485,
        2995.511499974271,
        3094.1325017630584,
        2894.399510441166,
        3065.449857140648,
        3035.6634195215875,
        2994.2892847697394,
        3115.6982976509653,
        3155.598424427474,
        2893.3496674084768,
        2823.9928892321172,
        3082.7511805553377,
        2941.8524156646226,
        2950.5995178149037,
        3028.5260864959446,
        2988.296217724064,
        3031.950523736602,
        3000.214970011204,
        2855.4493761901103,
        2932.3035750968183,
        2976.368465631917,
        2993.217362773674,
        3007.610693412203,
        2979.991305811048,
        2988.008578180812,
        3059.9208503175396,
        2918.7832277789275,
        2999.899731524428,
        3068.9875980056277,
        2952.2684838588348,
        2969.054447133547,
        3007.4336039415257,
        3100.141975340716,
        3018.4518076917448,
        2972.1656620459457,
        3049.999850400524,
        3091.583920138657,
        2903.5058949182476,
        2958.1603219156273,
        2774.370559097289,
        2728.081777099011,
        2972.3329071054177,
        3014.8666641475274,
        2948.362692230986,
        3016.7397019845866,
        2998.478684241232,
        2910.6044281083177,
        3077.724069355103,
        2834.1677238363086,
        3050.3162314298706,
        3008.3774546159584,
        2902.9748530091365,
        2883.903998942243,
        3079.120152177542,
        2955.787308161418,
        2894.6371618309577,
        3028.5168346440987,
        2933.4001131246873,
        3060.0407533737744,
        3068.6890638092345,
        2996.2467926446366,
        2935.8843312565796,
        2940.1707379106765,
        3006.725106912379
    ],
    "avg_wait_system": [
        21.120153455089408,
        22.38716633564448,
        20.86003787323635,
        22.138211854043547,
        21.435716585486446,
        22.410454023437424,
        21.817305718833296,
        21.229412651082995,
        21.274110555804157,
        21.77502888657409,
        22.293583134800258,
        21.313268508551545,
        21.359925320342853,
        22.75168616497541,
        20.555950665929146,
        21.582405562007068,
        21.31331668111787,
        20.44025757089267,
        23.213656220634277,
        22.14084979304556,
        20.858712205882682,
        22.026581466993207,
        21.448112774631934,
        20.701663602387555,
        22.421555183456974,
        20.25472639116964,
        21.846061573672216,
        21.733336450443797,
        22.699714997179626,
        22.78198810189747,
        21.926865772664883,
        20.95692193568692,
        20.690555101177893,
        21.46710598873841,
        20.707660239085556,
        22.431984220176446,
        21.221124369013637,
        21.411481958858303,
        22.764407537529564,
        22.487199442049018,
        22.941623618806943,
        22.97856141187117,
        21.44340116034232,
        22.828495734414446,
        21.82230722845668,
        21.627425910772217,
        21.22047338542086,
        20.749006250395496,
        22.75682107747332,
        21.98400631166146,
        21.795626065257807,
        22.543305189867283,
        22.656430509708457,
        21.97389443914892,
        21.87724442392357,
        21.062549066176416,
        21.298103097300327,
        22.430831018298477,
        21.720553515299684,
        21.422645454794633,
        21.33457576302635,
        21.601202463103505,
        21.42123151872454,
        20.648493954047012
    ],
    "avg_delay_ticket": [
        1.682402936946821,
        1.8700666108839725,
        1.174842034866107,
        1.8924911524663282,
        1.5766044552251581,
        2.429830015615644,
        1.4510483826970857,
        1.1897304313570383,
        1.4720310797484695,
        1.5887865589147485,
        1.6408505061461132,
        1.2810554314136524,
        1.332773170379693,
        2.286179086117735,
        1.5546660653200497,
        1.7151974158429582,
        1.9267249338405856,
        1.4249996540316228,
        2.1192610417994526,
        1.6636040792308329,
        0.9940274475389442,
        1.9336066844061948,
        1.0634411878522216,
        1.286684079605872,
        1.8605941271147168,
        1.3497437244036496,
        1.6905839972916377,
        2.1028882162487528,
        2.5606706921754796,
        2.305807803861801,
        1.9016572738068143,
        1.2463718167659106,
        1.4995851764390027,
        1.3511650554794912,
        1.7516949429818982,
        2.1678538420585345,
        1.3504385072259029,
        1.0861534193406366,
        2.637937776328123,
        1.6012949582612976,
        2.2247811219503695,
        1.7957869835203242,
        1.3360120999205907,
        1.6736445638842359,
        1.34193370833173,
        1.346013173615343,
        1.4276772105113378,
        0.9063661896236901,
        1.5103760667894606,
        1.9137223872538016,
        1.8146656545283608,
        1.9540194405083586,
        1.6733155020040147,
        2.1295142903798685,
        1.8931072230256782,
        1.5995659460308127,
        1.676718869386453,
        2.2868393038113375,
        1.400307174562102,
        1.5068335397691717,
        1.3930970170539947,
        1.6282926161892828,
        1.4132146572085829,
        1.1797578570821305
    ],
    "avg_delay_arcades": [
        1.5672437154622834,
        1.941513791814772,
        1.39512445847255,
        2.0218669283568333,
        1.5287109577826477,
        1.940577839219274,
        2.2396201751783993,
        1.7211737164033596,
        1.2186973953887261,
        2.0222901743307946,
        2.277231778202057,
        1.4800270978267938,
        2.1707520433123526,
        2.4601009941621235,
        1.2047245650576734,
        1.778334675210497,
        1.7160066297982155,
        1.2624241487103163,
        2.271880508314934,
        2.3384862327517437,
        1.6661493964906824,
        1.6584313870812217,
        1.6968975167689027,
        1.5661030958046342,
        2.29507884676417,
        0.9098487217448803,
        1.8938359922609753,
        1.369981433154269,
        1.8653433423295465,
        2.432833015699136,
        1.9639376060898521,
        1.6451004988335078,
        1.3367030875654133,
        1.794287830212498,
        1.3869279285746234,
        2.0661630709070073,
        1.8495150652128824,
        1.3781792514513704,
        2.070456077698334,
        2.483163139655434,
        3.0350883496803673,
        2.4731476937886034,
        1.7906815767704891,
        2.6525359551638257,
        1.7813835446938284,
        1.599600900852713,
        1.8708514384017048,
        1.5558553702736788,
        2.968896624494575,
        1.9810656188135716,
        1.9673497294507232,
        2.2991111822115498,
        2.525327845987122,
        1.7264132506125662,
        1.9286637673893403,
        1.821471623822093,
        1.9359997457580096,
        1.9389496908500052,
        1.7720861065666695,
        1.595320478602067,
        2.0715255215145842,
        2.010227700053364,
        1.8541555360602853,
        1.3996097291860918
    ],
    "final_delay_ticket": 1.657018427230146,
    "final_std_ticket": 0.3919550835253442,
    "final_w_ticket": 0.10210720331235597,
    "final_delay_arcades": 1.8919215702824514,
    "final_std_arcades": 0.42393471593647625,
    "final_w_arcades": 0.11043813449734907,
    "final_income": 2982.2009930885188,
    "final_std_income": 81.88800013397976,
    "final_w_income": 21.33243075537723,
    "final_wait_system": 21.73139159874171,
    "final_std_system": 0.7278992755037659,
    "final_w_system": 0.18962315438364197,