{
    "seed": 482548808,
    "n_nodes": 19,
    "lambda": 0.2,
    "b": 256,
    "k": 64,
    "income": [
        3679.6194980537757,
        3731.048522339923,
        3690.7052839362996,
        3528.567306973009,
        3426.927352507184,
        3640.972715367401,
        3562.330938916978,
        3524.824411053224,
        3562.4291600626184,
        3410.2513602388694,
        3409.2125901423315,
        3386.3845284077283,
        3245.248568224122,
        3180.0086934198725,
        3297.145700727966,
        3280.466824815582,
        3250.1281990018715,
        3150.240284095048,
        3155.129620513211,
        3092.458231445402,
        3157.468603849118,
        3140.7148599170405,
        3111.854740032194,
        2956.984009908533,
        2934.9792565497933,
        3077.499392162746,
        3019.7110184514477,
        2968.029604902166,
        2870.208504303618,
        2764.151580960242,
        2765.94628669139,
        2780.222181366465,
        2933.2793414826974,
        2726.5672107079554,
        2804.447476265213,
        2827.279558579362,
        2733.637788430182,
        2516.724446971093,
        2676.1929110255073,
        2628.069786938008,
        2655.145851140791,
        2617.3270326559223,
        2557.36938124043,
        2507.284060322555,
        2467.150529952154,
        2402.079965870417,
        2514.4998727280404,
        2318.0297612526847,
        2464.7723367716053,
        2509.3156453283154,
        2527.1174018072234,
        2357.516990655983,
        2249.596626130827,
        2313.5935181748855,
        2266.1905793248316,
        2265.7126376921333,
        2169.2066084244207,
        2231.459214720311,
        2176.7154490923367,
        2102.677391379746,
        2229.0054647173365,
        2159.0811383222344,
        2039.355628414226,
        2126.442509125862
    ],
    "avg_wait_system": [
        25.396183628564387,
        33.0850389714408,
        31.734612742435978,
        29.804492193063396,
        28.871409404658337,
        25.127668864915677,
        28.896336680218,
        29.160489762174024,
        53.78435466947627,
        27.863149503483925,
        24.626563767711957,
        31.123641452210123,
        31.392101104855584,
        38.79331460846323,
        26.230021132020283,
        27.75238685386276,
        31.325943999729148,
        32.019549050763175,
        59.0607646141016,
        53.698552393515314,
        29.406381652802708,
        26.30791445375982,
        28.193993103647955,
        29.65675274863986,
        28.407664223062415,
        33.51307003136071,
        24.12304190755549,
        23.545101492359834,
        25.726420237915306,
        30.44112106981615,
        29.29707489504824,
        30.080574677872733,
        29.967121810045484,
        34.59285923708549,
        51.4835727955039,
        24.304612895742565,
        31.352867085385697,
        27.355978321240343,
        42.17590361470644,
        39.046001762133926,
        36.01577916437398,
        35.894006056385194,
        36.552318712289946,
        33.41616525672595,
        27.891011645845936,
        32.39735154066062,
        35.90084030906422,
        41.20389275631584,
        32.8792350404654,
        27.900804388817733,
        33.638350389011805,
        35.881457447116645,
        46.28327085115103,
        67.00860477802593,
        42.1486853992497,
        33.287074125167806,
        34.65922630792596,
        59.82233376505462,
        32.40852416053907,
        34.645814359499866,
        38.467402051490296,
        28.45237029495337,
        27.92531597278827,
        28.988147630336755
    ],
    "avg_wait_ticket": [
        13.074029413690631,
        22.43270029333442,
        20.122865619121683,
        18.810385269901882,
        17.560694072023725,
        12.188123514777613,
        15.3232386681131,
        18.096633653898852,
        44.98201412786588,
        15.003036104319323,
        12.539059783678889,
        18.34901688613668,
        19.30234358132404,
        27.582375972102685,
        13.415052373869353,
        16.897615426359696,
        20.018959614936414,
        19.732626433800245,
        53.5154665679332,
        48.36919676582255,
        17.916578065865167,
        13.364267556167848,
        16.74110429175531,
        17.374727484686886,
        17.40592432764231,
        21.851635630438217,
        11.831879199218141,
        10.835954893395028,
        12.917863012567313,
        17.43676923073609,
        17.185983325234666,
        18.82596299154166,
        18.019723875650516,
        23.79223578290327,
        42.57985940356755,
        10.512382476968268,
        19.834128438171266,
        13.690980471183721,
        33.53234517989273,
        26.870709136363658,
        24.469034129948174,
        24.858924285703218,
        27.109074956009422,
        22.023890576232183,
        14.653867104954937,
        20.453024451514427,
        25.583125054205084,
        31.856997189395457,
        20.521582621152,
        15.755621190022794,
        21.60313013530228,
        25.19597062866584,
        37.90448260336437,
        62.95000022842995,
        31.82451278139209,
        22.53989901090185,
        24.21446099409991,
        52.29131656364357,
        22.126292135946006,
        24.21368874460126,
        26.789843217930674,
        16.20564554011124,
        16.250962186001406,
        16.977368318534065
    ],
    "avg_delay_arcades": [
        1.0896554254140933,
        0.9570141795002979,
        1.1022738302548418,
        0.9298214478176554,
        1.5526674403627303,
        0.7800940147824406,
        1.2609975319637499,
        0.9450279326411232,
        0.5636211062447518,
        1.0195172028579578,
        0.8196849286229172,
        1.266815553938851,
        0.9918850484773774,
        1.8104935774951203,
        0.9519648603696286,
        0.9127606514768656,
        0.947054176144916,
        1.4729982341287826,
        1.0248353719579102,
        1.6782469717711468,
        1.2502198696179818,
        0.9831146161763038,
        0.8472839798893759,
        1.484753569016078,
        1.234871600093187,
        0.8726085093518017,
        0.789674681797058,
        0.8437713851294371,
        1.3513729807470245,
        1.6723256768831536,
        1.4701381823528166,
        1.0485856100604134,
        0.8037052555116627,
        1.1592128800674377,
        1.1240450800890691,
        1.1079869500672614,
        0.9790599002019352,
        1.7700314462127282,
        1.175404807067434,
        1.211000906972343,
        0.8863017936818853,
        1.4073337787499565,
        1.2050823913864435,
        1.3301825339818556,
        1.4788881600328943,
        1.608676301448597,
        1.2471575630087914,
        1.3380705842994711,
        0.9573182624875018,
        0.923270100449615,
        0.8649375344889026,
        1.1810148071637427,
        1.4362603945447128,
        1.0132613092031535,
        1.290163459537185,
        0.9373417878970381,
        1.6127145223734478,
        1.1131085588564404,
        1.1077555339316438,
        1.3552424290766216,
        0.9317734043489097,
        0.9981043169845734,
        0.9990235984181586,
        1.3717912137933148
    ],
    "final_wait_ticket": 23.062819716149562,
    "final_std_ticket": 11.109569593983082,
    "final_w_ticket": 2.8941251917000566,
    "final_delay_arcades": 1.162876780511427,
    "final_std_arcades": 0.27961430707448315,
    "final_w_arcades": 0.07284159869724376,
    "final_income": 2786.579555561324,
    "final_std_income": 444.2640139153737,
    "final_w_income": 115.73406724366981,
    "final_wait_system": 34.20620430468503,
    "final_std_system": 9.32043684019884,
    "final_w_system": 2.4280428533863336,