{
    "seed": 482548808,
    "n_nodes": 19,
    "lambda": 0.07142857142857142,
    "b": 8,
    "k": 64,
    "income": [
        25.186255059734226,
        23.254847277508816,
        25.264945090126755,
        35.46875,
        35.46875,
        30.46572269172803,
        35.46875,
        34.12154991423462,
        31.468962552007532,
        35.46875,
        35.46875,
        35.46875,
        31.89859469150772,
        25.108952714754963,
        25.46875,
        25.46875,
        33.36145427662076,
        23.15673641362015,
        22.81872922122449,
        35.46875,
        35.46875,
        35.46875,
        35.46875,
        35.46875,
        35.46875,
        25.70265331885036,
        35.46875,
        22.8054071856995,
        32.698772299846354,
        35.46875,
        35.46875,
        31.188488913360693,
        35.46875,
        27.692357714961922,
        29.721630584558355,
        35.46875,
        35.46875,
        25.46875,
        35.46875,
        25.46875,
        31.375615127857984,
        35.46875,
        35.46875,
        35.46875,
        27.066628791361214,
        33.64356737987193,
        35.46875,
        25.46875,
        35.46875,
        35.46875,
        35.46875,
        35.46875,
        35.46875,
        35.46875,
        35.46875,
        35.46875,
        25.46875,
        35.46875,
        35.46875,
        35.46875,
        35.46875,
        35.46875,
        35.46875,
        35.46875
    ],
    "avg_wait_system": [
        22.882362293476945,
        20.796291073727616,
        21.084907289367493,
        17.815658591195415,
        17.07653780034252,
        18.41613611056391,
        19.22133243670919,
        20.064145633978114,
        44.35570784199831,
        15.887430383646233,
        14.68827583761231,
        17.39803283074434,
        17.000328753066242,
        21.50247442631121,
        13.396776401790248,
        16.70914404218024,
        19.260254538132813,
        16.598799252879644,
        20.930215051404957,
        18.349909523869428,
        16.30117816676261,
        17.11009761634864,
        22.70800364834281,
        19.21752237709643,
        22.76133312780871,
        22.238015450971034,
        17.995079477936997,
        22.302704570587366,
        20.92903638687926,
        15.547936276816472,
        23.27827365223584,
        32.79129547780008,
        13.289935879071209,
        29.98466866900617,
        21.49142773644303,
        20.624914401764272,
        19.087185839392305,
        29.66743300240546,
        14.197923160517576,
        15.750869918029139,
        19.048251459806124,
        19.66448723436133,
        17.741320715239908,
        26.519700114522948,
        21.600232847357802,
        21.733837277358816,
        20.345034070408474,
        16.891757349114414,
        20.642400174410795,
        24.866371219004122,
        18.68683068026121,
        26.659852545989907,
        18.180824281270816,
        21.272713099829616,
        19.423837650064797,
        25.514308670368337,
        21.325824483567885,
        19.440035390123285,
        22.330620539878055,
        18.276519103521878,
        17.196535284597758,
        20.498930050988747,
        20.36635592748644,
        20.243680546181167
    ],
    "avg_wait_ticket": [
        7.992287585714394,
        4.175084356718344,
        11.051907380575964,
        2.676656417521675,
        4.529442246872869,
        3.640739281890698,
        5.026689159439229,
        7.329443239283743,
        20.29534102654634,
        4.017040699738118,
        2.063192823522513,
        3.873688909860448,
        1.9003080920633693,
        7.509988942343928,
        5.892512680307239,
        6.797652764283702,
        3.59690307258357,
        4.2853570217106,
        11.087466275476254,
        3.780161285198725,
        6.159356134523023,
        3.832517302050898,
        10.855101231498338,
        5.968475272031355,
        7.905051728377657,
        4.681099375789667,
        6.816487294829495,
        10.44961402811623,
        8.157101224345752,
        3.6059072998414194,
        6.567967654001612,
        10.745895105664305,
        2.572956395217625,
        12.974208656907194,
        5.661113288927299,
        7.739231125521526,
        5.169631284595588,
        12.891877741995106,
        3.7855953148908155,
        3.5833901290890418,
        8.155199536472537,
        5.05992296875479,
        4.898164796043602,
        10.089960604116868,
        4.5664724446974105,
        6.731234927887791,
        7.570359997825411,
        7.13292395240569,
        7.087429263022516,
        11.486661907590522,
        6.025203920694184,
        9.123507827775029,
        5.61014666211018,
        5.958667067373729,
        8.142494518020612,
        12.869223432595131,
        7.073170847408164,
        8.124142796258335,
        7.394292237254831,
        5.951077326230006,
        5.916255493763856,
        5.2073444647862095,
        8.443791304147453,
        7.081351408638251
    ],
    "avg_delay_arcades": [
        0.020178210018983872,
        0.763368920155699,
        0.014557493562374714,
        0.0,
        0.0,
        0.3126892067669982,
        0.0,
        0.08420000536033624,
        0.2499867154995292,
        0.0,
        0.0,
        0.0,
        0.22313470678076747,
        0.02569980608893131,
        0.0,
        0.0,
        0.13170598271120215,
        0.16514382759856075,
        0.189287198483965,
        0.0,
        0.0,
        0.0,
        0.0,
        0.0,
        0.0,
        0.6103810425718524,
        0.0,
        0.7914589258937811,
        0.17312360625960296,
        0.0,
        0.0,
        0.26751631791495656,
        0.0,
        0.48602451781488,
        0.35919496346510293,
        0.0,
        0.0,
        0.0,
        0.0,
        0.0,
        0.2558209295088761,
        0.0,
        0.0,
        0.0,
        0.5251325755399241,
        0.11407391375800408,
        0.0,
        0.0,
        0.0,
        0.0,
        0.0,
        0.0,
        0.0,
        0.0,
        0.0,
        0.0,
        0.0,
        0.0,
        0.0,
        0.0,
        0.0,
        0.0,
        0.0,
        0.0
    ],
    "final_wait_ticket": 6.857458413586808,
    "final_std_ticket": 3.193968130430377,
    "final_w_ticket": 0.8320523625660599,
    "final_delay_arcades": 0.08274290403362118,
    "final_std_arcades": 0.17011679500573806,
    "final_w_arcades": 0.04431668551984505,
    "final_income": 32.6575345632011,
    "final_std_income": 4.259985388963289,
    "final_w_income": 1.1097577566956454,
    "final_wait_system": 20.44334327361933,
    "final_std_system": 4.966463768291997,
    "final_w_system": 1.2938006089150522,
    "correlation_delay_arcades": [
        1.0,
        -0.15124206181500988,
        -0.038825596272795984,
        0.0336370904172666,
        -0.061541551676421974,
        -0.12412012114849683,
        0.16016983084649994,
        -0.041013540897042844,
        -0.01874468728920334,
        -0.0075634297771589275
    ]
}