{
    "seed": 1865511657,
    "n_nodes": 3,
    "lambda": 0.1,
    "b": 8192,
    "k": 64,
    "avg_wait_ticket": [
        8.04740423645777,
        8.224142431823049,
        8.109568711230255,
        8.142034656210079,
        8.12178515917377,
        8.107411966023474,
        8.11146896055226,
        8.09516464178717,
        8.143515554026136,
        8.147554828023834,
        8.143402535805269,
        8.135245973351287,
        8.133698156506698,
        8.148412336956932,
        8.155707691978272,
        8.145066947923558,
        8.138427138766938,
        8.144061453566383,
        8.147996312098435,
        8.157743785927966,
        8.155111652193446,
        8.141678130612766,
        8.136830313325977,
        8.140312461041832,
        8.134228715407517,
        8.137952180775239,
        8.129894153599604,
        8.123420722942935,
        8.12485466769522,
        8.121282923349538,
        8.124643200168801,
        8.1264143510801,
        8.1282003488237,
        8.126774269173708,
        8.12330500466455,
        8.128357549619107,
        8.133074418435644,
        8.131496725388882,
        8.133813883839256,
        8.128894602495988,
        8.13217963399887,
        8.133003560546312,
        8.128886865783349,
        8.126588176151696,
        8.127695832454815,
        8.126941582841177,
        8.126987252215065,
        8.12295419646847,
        8.117177768276644,
        8.115933140938898,
        8.115918077720332,
        8.115071454899073,
        8.119706645512908,
        8.126707326973435,
        8.128159392859114,
        8.125653911516899,
        8.121164505128249,
        8.1199949859336,
        8.120796519429383,
        8.118710513129976,
        8.117546952718468,
        8.121339691919996,
        8.119588656223529,
        8.121030675558996
    ],
    "std_ticket": [
        0.31275387770138424,
        0.059613201247079875,
        0.00881066711833493,
        0.014827416249106187,
        0.016002201365362245,
        0.00884035283726988,
        0.008566422676134153,
        0.006539027140313145,
        0.010329357599312743,
        0.007938430405495779,
        0.0037909581042777705,
        0.004674888577496152,
        0.005011796484924625,
        0.00555067195205828,
        0.004107992248332553,
        0.005292715724039431,
        0.0027479490313899345,
        0.002083518841420469,
        0.0037038475893680116,
        0.0028257872427526805,
        0.0037395401919122456,
        0.005334098892697571,
        0.0022874975503468747,
        0.003453854241856648,
        0.002060780246839307,
        0.00174247304135699,
        0.004440000640707731,
        0.0018759295138247901,
        0.0018519160378105165,
        0.0012014240962888556,
        0.00251678133127275,
        0.0021049068811840807,
        0.0016352638502458846,
        0.001068390184701065,
        0.0015771003839871905,
        0.0028429342274392997,
        0.0016228207617758974,
        0.0011884064072458208,
        0.0023719071055856287,
        0.002153720367236192,
        0.0017185902366896259,
        0.0008509266361798931,
        0.002113410211917248,
        0.0012119809454071656,
        0.0010768402520110914,
        0.0009610497746866744,
        0.001226120295287429,
        0.0020214041800736275,
        0.0014201962983936664,
        0.001353632979163405,
        0.0011747954226956647,
        0.001511119674294991,
        0.001775333968824518,
        0.0011709911161630812,
        0.0009846647923647202,
        0.0009206122925162404,
        0.0016577901852289443,
        0.0012533835236386303,
        0.0007662320675225111,
        0.0009192415263405386,
        0.0009274769007236805,
        0.0005395053229658535,
        0.0011978707942806993,
        0.0005641250646095725
    ],
    "w_ticket": [
        0.006774020558173757,
        0.0012911783980240038,
        0.00019083261454494888,
        0.0003211510061337934,
        0.00034659599369859454,
        0.00019147558553487702,
        0.0001855424583209948,
        0.00014163055180799552,
        0.00022372634112399731,
        0.0001719406044193134,
        8.210938365430015e-05,
        0.00010125467208872415,
        0.00010855185128888369,
        0.00012022350031682701,
        8.897611165541747e-05,
        0.00011463635682702814,
        5.951856894072552e-05,
        4.5127496320286725e-05,
        8.022263352615235e-05,
        6.120448774645862e-05,
        8.09957092276796e-05,
        0.00011553268603424031,
        4.9545526171275516e-05,
        7.480796021212374e-05,
        4.4634994969739655e-05,
        3.774069338793543e-05,
        9.616717093808778e-05,
        4.063126310608741e-05,
        4.0111148754861953e-05,
        2.6021968415421547e-05,
        5.451164539915812e-05,
        4.559074563991971e-05,
        3.5418620613172864e-05,
        2.3140551057295615e-05,
        3.415884241612289e-05,
        6.15758789107554e-05,
        3.514911240524155e-05,
        2.5740014778761518e-05,
        5.1373775485707893e-05,
        4.6648010094843104e-05,
        3.722340928264277e-05,
        1.8430449429899185e-05,
        4.5774921572837884e-05,
        2.625062205668911e-05,
        2.3323573343371708e-05,
        2.0815636176929085e-05,
        2.6556870047831738e-05,
        4.37821381235476e-05,
        3.076041452360987e-05,
        2.931870164637869e-05,
        2.544521079475536e-05,
        3.272974843595295e-05,
        3.845243707553323e-05,
        2.5362812293893538e-05,
        2.132712021162251e-05,
        1.9939789848319067e-05,
        3.5906524575857705e-05,
        2.7147371661082894e-05,
        1.659602693299076e-05,
        1.991010005414961e-05,
        2.008847224823932e-05,
        1.1685291245227263e-05,
        2.59450064892272e-05,
        1.2218536867175122e-05
    ],
    "avg_delay_arcades": [
        7.5788707804018625,
        7.706909027766215,
        7.4642468534006765,
        7.295572333319557,
        7.281920815916952,
        7.331386678524957,
        7.367184852628275,
        7.311913038647061,
        7.36295511706949,
        7.344980290853328,
        7.331164618638536,
        7.3512418053118616,
        7.3662073375654735,
        7.357086934731608,
        7.350874303481778,
        7.32868235971622,
        7.299175027833582,
        7.279486269107391,
        7.293812120205659,
        7.289355496223044,
        7.284565430710729,
        7.268782107799402,
        7.259972174372506,
        7.273215239942868,
        7.255714365192244,
        7.24606253397107,
        7.244930369467997,
        7.2529886187260955,
        7.252477244297499,
        7.263817360014205,
        7.273309491022278,
        7.277055171565912,
        7.283605397408296,
        7.290582496918887,
        7.288901694749719,
        7.293913835250465,
        7.304765254554807,
        7.310292150895785,
        7.311149184932323,
        7.303646325986964,
        7.297720872801385,
        7.29508710226964,
        7.293198361430079,
        7.289697073163709,
        7.286982601721729,
        7.2871576197809995,
        7.286658030592616,
        7.27581909862738,
        7.277881077370279,
        7.278539908609225,
        7.276621248166422,
        7.274262162454958,
        7.272808487240049,
        7.273850355365108,
        7.273446753774178,
        7.274265442587499,
        7.269968332186181,
        7.26954191898509,
        7.272572167096719,
        7.272768020695324,
        7.269740006470282,
        7.267661461058924,
        7.260977820638142,
        7.260938540458302
    ],