{
    "seed": 539458255,
    "n_nodes": 3,
    "lambda": 0.1,
    "b": 1024,
    "k": 64,
    "avg_wait_ticket": [
        8.201822506798862,
        8.715268942033372,
        7.882690790512191,
        8.023675934022771,
        8.208348368305932,
        8.267934520272858,
        7.93793545369363,
        8.017274514099505,
        7.474100838444666,
        7.516845178223437,
        7.649439232302152,
        8.065263576128274,
        7.580047132715403,
        8.259506182133162,
        8.24020320345355,
        8.658790957907298,
        7.72058694178883,
        8.358978314213319,
        8.582793061145365,
        8.10587468256152,
        8.31791521065304,
        7.99039569768246,
        7.325256136448264,
        8.491623320708573,
        8.444503401198741,
        9.09797259862542,
        8.974039995539398,
        7.363334380180631,
        8.48150164822351,
        8.083809190774035,
        8.558770487852055,
        7.843450614127567,
        8.32548877635687,
        7.733051786566542,
        8.099854370150803,
        7.585574302636303,
        7.922836528460489,
        8.105078808574248,
        8.267395356374221,
        9.036168304177085,
        8.020466173699658,
        9.11360150155678,
        8.201230307818653,
        7.256222685171853,
        8.411105602119655,
        8.714386330254978,
        8.700773455802732,
        8.005909900026953,
        8.254553848339308,
        9.476373257470225,
        8.096657923878844,
        8.623029624281873,
        8.636767458420273,
        7.769580237161598,
        8.827429946698023,
        7.651162775149412,
        8.066666083040795,
        8.301575326571918,
        8.139790143830743,
        8.786006723118406,
        8.345196904316635,
        7.456126814410277,
        7.789795648367636,
        8.574407745098103
    ],
    "avg_delay_arcades": [
        5.678059552536426,
        8.962805390739009,
        6.393623164684816,
        7.1773690830572745,
        7.313452923861962,
        5.82601010538164,
        6.357967050335269,
        7.526185550241891,
        6.186319467908706,
        6.552094951796046,
        7.120610309794917,
        8.199000662647586,
        7.884817573064043,
        6.600985239800068,
        7.0615931528766955,
        9.029419800789782,
        7.317866044026947,
        7.384311065408672,
        7.16373042251146,
        7.528842576688255,
        7.307116801272358,
        7.835035549170496,
        6.978434419341371,
        8.193515733384361,
        8.00866911239237,
        8.003750511169399,
        7.402830831699588,
        7.012454566135692,
        8.180069074078267,
        7.375984417801434,
        6.660769172426657,
        7.903684675549537,
        6.761720501972479,
        7.062144775382516,
        5.032886896910423,
        6.770027662473986,
        6.554128601688492,
        8.133212806193322,
        5.987578671273499,
        7.690854622175834,
        7.499600274572234,
        7.440154685552149,
        7.00729834123691,
        7.250293739501479,
        7.471262043172069,
        7.2570344111577265,
        8.689018461005825,
        6.73695292012794,
        6.9774939888896945,
        8.901966121423142,
        6.6955991054943125,
        8.04080169297937,
        8.087104090110671,
        7.418852265007998,
        7.458706620043592,
        7.008609181007508,
        7.774295189587119,
        6.370049581279846,
        6.132206922066242,
        6.121893802747704,
        7.433272246053252,
        8.153407499530749,
        6.778597643481885,
        6.496203233474639
    ],
    "final_wait_ticket": 8.198512658155076,
    "final_std_ticket": 0.4831167214956968,
    "final_w_ticket": 0.125855485433882,
    "final_delay_arcades": 7.2518125059855,
    "final_std_arcades": 0.7652693932019936,
    "final_w_arcades": 0.19935834692483756,
    "correlation_delay_arcades": [
        -0.07378837138240588,
        0.5654716995926619
    ]
}