{
    "seed": 60146203,
    "n_nodes": 3,
    "lambda": 0.1,
    "b": 8192,
    "k": 64,
    "avg_wait_ticket": [
        8.068771681409315,
        8.071782622529021,
        8.139239192787924,
        8.152339891887747,
        8.143552977344688,
        8.12777869046491,
        8.142822821144055,
        8.147788388729865,
        8.166657465632452,
        8.181614555717415,
        8.19393042719838,
        8.20235706002375,
        8.177893123258922,
        8.168673161824454,
        8.178619033610588,
        8.165616397594842,
        8.158341788686922,
        8.165771413065922,
        8.160628791376398,
        8.150198877726664,
        8.142457348467728,
        8.126584681821834,
        8.115935715776224,
        8.115138006969884,
        8.107394454987338,
        8.108071869766064,
        8.111035187907998,
        8.108276382169143,
        8.110361612709323,
        8.109824075550849,
        8.1003284309436,
        8.09230465603465,
        8.096052396760282,
        8.10125536857305,
        8.099785392196063,
        8.102971934664403,
        8.104448236298563,
        8.109681231763911,
        8.113199770702003,
        8.113147748768583,
        8.108778070266135,
        8.11022520872286,
        8.104387835326143,
        8.106605906292199,
        8.102501350972561,
        8.100685833036612,
        8.097596206816117,
        8.095349613160929,
        8.094606684399606,
        8.099737823838444,
        8.099207925008862,
        8.099901329032322,
        8.101890086599228,
        8.102785660143565,
        8.107417831520001,
        8.110402999493045,
        8.11230563854646,
        8.111483617245607,
        8.10872621707589,
        8.109728652645158,
        8.110153559337835,
        8.10802438736784,
        8.111963421385735,
        8.114895388745701
    ],
    "std_ticket": [
        0.29466824435484806,
        0.029534123966437998,
        0.026485565770127673,
        0.011426816290879632,
        0.009814789096825087,
        0.009725373012651344,
        0.008638311054880938,
        0.007392367212647222,
        0.008990425259652183,
        0.0038380341813605903,
        0.005247830892477862,
        0.003152703692932644,
        0.00906096130787136,
        0.0041079274884263575,
        0.002195096915643367,
        0.004153928843772764,
        0.006267713060086385,
        0.0025116386794525594,
        0.0013447083528464352,
        0.005494613589097663,
        0.00458462349002131,
        0.005963079766600804,
        0.0016406203806470635,
        0.0038481095934929602,
        0.0012137520670731517,
        0.0012908511215134618,
        0.002311988406707438,
        0.001036620206150557,
        0.0016372944873752522,
        0.004360529568132487,
        0.003295201522188262,
        0.0012304130420281013,
        0.003293420901908906,
        0.0019537683004158734,
        0.0020332527382046412,
        0.0017117813257273718,
        0.0013484707293642793,
        0.002563734825892999,
        0.0006664684452171332,
        0.0016650142289264844,
        0.0018223305065641778,
        0.002085614318259836,
        0.0016749423609289126,
        0.0007568246360460164,
        0.0028451548443651936,
        0.0007355517921771352,
        0.0009755881296143875,
        0.002178951450304934,
        0.0013114785111446657,
        0.0015976305835576747,
        0.001603562292648981,
        0.0017600558977623902,
        0.0018612265141277518,
        0.0017060975206353735,
        0.00041314862179128785,
        0.0014521841520062162,
        0.0007550505428215226,
        0.0012944673678423647,
        0.0010787589628979168,
        0.0008166392302619781,
        0.0008519571281706296,
        0.0007455442415285588,
        0.002018504162623645,
        0.0012677054706611583
    ],
    "w_ticket": [
        0.006382298949484373,
        0.0006396875536338642,
        0.0005736580097434038,
        0.0002474964948086104,
        0.000212581163196681,
        0.00021064447612224396,
        0.00018709950809797462,
        0.00016011327450224058,
        0.0001947260445920251,
        8.312901709993778e-05,
        0.00011366418415891325,
        6.828525928029294e-05,
        0.0001962538038775079,
        8.897470900314938e-05,
        4.754419591225474e-05,
        8.997106476094414e-05,
        0.00013575408699583775,
        5.440025931688302e-05,
        2.9125400758826162e-05,
        0.00011900931711966339,
        9.92995962228903e-05,
        0.00012915595236057093,
        3.553463914929702e-05,
        8.334724316772746e-05,
        2.6288983258361792e-05,
        2.7958892465029022e-05,
        5.007598023212697e-05,
        2.245243652642044e-05,
        3.546260273023445e-05,
        9.444588555112026e-05,
        7.137165818273705e-05,
        2.664984780684808e-05,
        7.133309124803647e-05,
        4.231719437084616e-05,
        4.4038769238576775e-05,
        3.707593324437243e-05,
        2.920689108619406e-05,
        5.5528623798189685e-05,
        1.4435219740378547e-05,
        3.6062992085964827e-05,
        3.947034775709289e-05,
        4.517288281810852e-05,
        3.627802817371215e-05,
        1.6392268838319812e-05,
        6.162397585145008e-05,
        1.5931514577628565e-05,
        2.1130526325969498e-05,
        4.719449692553825e-05,
        2.8405666658366596e-05,
        3.460351154373209e-05,
        3.4731988030178665e-05,
        3.812152521530392e-05,
        4.031280687159859e-05,
        3.6952826177483856e-05,
        8.94849738767268e-06,
        3.145324806919474e-05,
        1.6353843274860254e-05,
        2.8037217719236732e-05,
        2.336513121976983e-05,
        1.768780926095404e-05,
        1.8452769133755734e-05,
        1.614794373217827e-05,
        4.371932586372966e-05,
        2.7457574572959535e-05
    ],
    "avg_delay_arcades": [
        7.443375804935015,
        6.851087826433819,
        7.035938418989543,
        7.265834111427502,
        7.239549066312907,
        7.219634366544964,
        7.179167286551202,
        7.173595334192235,
        7.198173763097673,
        7.193157684316491,
        7.21056409149437,
        7.219863144110641,
        7.210324392417532,
        7.247252201752096,
        7.275218093576516,
        7.300870529675677,
        7.311282437240801,
        7.324579383408023,
        7.337041414901673,
        7.335468423399205,
        7.329263581906019,
        7.318342671281981,
        7.325415770860081,
        7.347388405391965,
        7.341187432678297,
        7.345101120662312,
        7.343288140845359,
        7.345794563175357,
        7.362630360508602,
        7.357147886471832,
        7.346354394565979,
        7.353759790870379,
        7.362015747125871,
        7.359160279787458,
        7.360306912750222,
        7.361394973905041,
        7.363946927398076,
        7.36223836832338,
        7.353470568004228,
        7.354930334093072,
        7.349476486162936,
        7.35450280287165,
        7.350857984514757,
        7.349877456929133,
        7.35402119389894,
        7.360554703886208,
        7.374900960356109,
        7.3802985591479695,
        7.381854078723771,
        7.385902482315985,
        7.391502121038836,
        7.390426159245277,
        7.391690342385953,
        7.394798056496335,
        7.399766113045407,
        7.401523521766801,
        7.402409586270477,
        7.397667536168944,
        7.393549037684466,
        7.396205024234503,
        7.392667573415812,
        7.393689190479947,
        7.395315651994508,
        7.391295631436403
    ],