{
    "seed": 725267564,
    "n_nodes": 5,
    "lambda": 0.07142857142857142,
    "b": 256,
    "k": 64,
    "income": [
        3282.2012608373643,
        3483.4995691873005,
        3358.2351115853735,
        3404.4463288700435,
        3301.5579882958755,
        3347.8730971973596,
        3200.6322587452514,
        3244.850656836854,
        3272.3925497215278,
        3144.7952870181216,
        3271.4448734435628,
        3358.387772485269,
        3291.9419092843536,
        3298.0588757421683,
        3431.4523209286726,
        3187.3926137609315,
        3381.780209439231,
        3466.107687204317,
        3421.2978330214946,
        3268.854719721601,
        3342.676004315874,
        3372.8096779054977,
        3425.809491503049,
        3297.782626660227,
        3305.340272267681,
        3373.114806562664,
        3368.689865726616,
        3398.833444661337,
        3432.4587928674646,
        3443.4031594423773,
        3289.139840268989,
        3383.2340946534,
        3514.088533559079,
        3291.328845880739,
        3424.343330706015,
        3453.20948805852,
        3244.2974944227735,
        3093.6520915292076,
        3445.226105118563,
        3338.850872154903,
        3301.213444350524,
        3355.579111504383,
        3365.6495619545585,
        3271.579163486307,
        3310.26984041762,
        3353.474279161139,
        3327.3143386345055,
        3375.0357627652243,
        3299.7211271455935,
        3332.498617521549,
        3256.347649491671,
        3260.211401811402,
        3350.8863486671394,
        3405.9439925891625,
        3268.206839037326,
        3208.8375904797385,
        3240.585719956882,
        3456.10009527443,
        3515.5128477112867,
        3342.100089796944,
        3449.0186737979766,
        3132.749841068549,
        3495.13302696545,
        3339.790477034011
    ],
    "avg_wait_system": [
        21.598326141640978,
        21.16888426601917,
        21.51595972062202,
        22.395279299026356,
        22.669883590284442,
        21.827149521784165,
        21.784100578136446,
        22.16985272575863,
        21.752985567196504,
        23.848612143772357,
        22.716619554336717,
        20.716832423843954,
        21.55096834677954,
        23.256123098474177,
        20.489136455949478,
        22.528802799379037,
        22.33400545056429,
        21.143199559992752,
        21.520808312254758,
        22.267177570943034,
        22.006380029974537,
        21.055315638897753,
        21.650691242348614,
        21.793679793067156,
        22.567612932385146,
        21.07154735305653,
        20.763869017482477,
        22.38586259146257,
        21.96662116067887,
        22.504092638178122,
        21.417172937475016,
        21.51479284160814,
        21.28377885500936,
        21.946449411710205,
        20.670048885676806,
        21.81513207494288,
        22.614554967030926,
        23.21614351955327,
        21.486497501856775,
        22.08555577894549,
        21.33133569440713,
        20.649023491201888,
        22.317212467679383,
        22.447492283490533,
        22.27035485261672,
        22.189253022360845,
        21.785439412072378,
        21.179060036469878,
        21.451535644197634,
        21.84872234531886,
        22.696265841368813,
        22.526083266414958,
        21.86186291195304,
        21.990971103518973,
        22.868630673800112,
        22.38345466859323,
        21.67063300826885,
        20.932508826940307,
        21.605572668719788,
        22.482006999759847,
        22.622592072416296,
        23.624610344760413,
        20.95523365164786,
        22.683771466611006
    ],
    "avg_wait_ticket": [
        6.299052072581465,
        7.125754513304937,
        6.062769181637719,
        7.289978402481977,
        7.37519410809895,
        7.28584218840792,
        6.301269510000854,
        6.422032581845128,
        5.8156046842167015,
        7.877941837438197,
        7.2134104638553875,
        6.320003536237923,
        6.471174387382765,
        7.9524398669080085,
        5.615239986210608,
        6.709739832432253,
        7.2523486546293165,
        6.672495748564778,
        6.90586238629547,
        7.062394521399546,
        7.306456989291274,
        5.969625639144778,
        6.902749021284357,
        7.288256032460144,
        7.638233846354914,
        6.9976713004529305,
        5.937005566737823,
        7.543487520991567,
        6.594796349120311,
        8.257959978940006,
        5.971386534680013,
        7.252532295419608,
        7.853976679451833,
        6.259123643777449,
        6.430866344782278,
        7.126100572403959,
        7.575419077160332,
        8.121132752487716,
        6.689837743194942,
        7.608238259640305,
        6.371903586727084,
        6.303799590463173,
        7.74020352918217,
        7.041802167510609,
        6.921387250242232,
        6.909952047692127,
        7.141547876567319,
        7.370777928258879,
        6.608163669165536,
        7.051918700746297,
        7.253888101046486,
        7.352809666102842,
        6.895760975464118,
        7.652054241703154,
        7.340940864829394,
        7.161971569981244,
        7.2163176690482045,
        6.447555028042327,
        7.331389805652298,
        8.613044639635433,
        8.075362465178788,
        7.835270548378992,
        7.072944567879328,
        6.835004271717749
    ],
    "avg_delay_arcades": [
        2.0137642909637834,
        1.178050882013168,
        1.9359591374901293,
        1.93093388588027,
        2.2816482491765036,
        1.8396434283055627,
        2.4866991408395855,
        2.4845935959507055,
        2.0620038538285517,
        2.9687324821703798,
        2.2844783476426085,
        1.7140190735415406,
        2.112478491295837,
        2.1551795510501943,
        1.7290288595423717,
        2.6224750548247244,
        1.9674549946916922,
        1.3387480783595938,
        1.556447774794357,
        2.1525483115676662,
        1.864995100898176,
        1.718001571192697,
        1.4594658951070794,
        1.8628018436532003,
        2.1919019083821896,
        1.5666484923147677,
        1.6635598413390227,
        1.8128508691019896,
        2.0120057029883567,
        1.6716648346765886,
        2.1261471206390787,
        1.3641284562641316,
        0.9514031009351231,
        2.187876052401266,
        1.3909714414399248,
        1.550797647910747,
        2.4872701882769013,
        2.8000722734088876,
        1.51503497523276,
        1.7351596451398226,
        2.0672514909730557,
        1.501260604110498,
        1.826803747589191,
        2.426124513319002,
        2.2396634196741205,
        1.9589954234138436,
        1.716966228965407,
        1.557201166728404,
        1.7782423447325955,
        1.8408230978536362,
        2.2138074310612037,
        2.2672614545785263,
        1.7507607412221748,
        1.4810906485428776,
        2.2282593217691424,
        2.446509760915567,
        2.1452557039166322,
        1.4624188938334044,
        1.473748344231969,
        1.7937954785455816,
        1.5709943431422826,
        2.7487712734333662,
        1.3487564965520478,
        2.1690057102367484
    ],
    "final_wait_ticket": 7.052060353381936,
    "final_std_ticket": 0.6382192459916245,
    "final_w_ticket": 0.16626084224293924,
    "final_delay_arcades": 1.928378398137098,
    "final_std_arcades": 0.4143962667456295,
    "final_w_arcades": 0.10795329781133275,
    "final_income": 3335.6811555289155,
    "final_std_income": 92.07307929736419,
    "final_w_income": 23.985719340218072,
    "final_wait_system": 21.946094727089662,
    "final_std_system": 0.7402658474250582,
    "final_w_system": 0.19284473799492488,