{
    "seed": 539458255,
    "n_nodes": 3,
    "lambda": 0.1,
    "b": 2048,
    "k": 64,
    "avg_wait_ticket": [
        8.244583772608397,
        8.285088545188106,
        8.2205666616115,
        8.17739400823399,
        8.076990480337853,
        8.001547980157143,
        7.980645973481107,
        8.005572768235204,
        8.033615437515909,
        8.062936964105203,
        8.078071118558864,
        8.062038438621501,
        8.081060126586802,
        8.135490146036783,
        8.13242519869842,
        8.141133462979916,
        8.139429153862405,
        8.124017114015757,
        8.108471665383481,
        8.120014574448605,
        8.139478397849931,
        8.155505608689598,
        8.147881895960285,
        8.164574176571419,
        8.175213901989423,
        8.19411231914443,
        8.204716166961685,
        8.20380354240677,
        8.19933594399063,
        8.203463442470783,
        8.211372936881713,
        8.195750955102634,
        8.193817971405304,
        8.19307370770858,
        8.185580898638936,
        8.185163661322816,
        8.179371057154412,
        8.189771414078828,
        8.189871462099486,
        8.192252312955112,
        8.174676289485914,
        8.159373487549942,
        8.155356658614071,
        8.14230845696113,
        8.14350577981443,
        8.147263100183803,
        8.142839413304326,
        8.137817732312763,
        8.140703569925956,
        8.141396004412396,
        8.132566328605003,
        8.126920846115631,
        8.123559772894689,
        8.132148315129843,
        8.141193112709216,
        8.149883587229693,
        8.161452623340791,
        8.16522120805946,
        8.165549460355102,
        8.173729657715741,
        8.172076879723024,
        8.170865173964536,
        8.17987444129093,
        8.176873653280767
    ],
    "std_ticket": [
        0.8379883072212534,
        0.06165900593264447,
        0.05387284842696007,
        0.02437155645203514,
        0.03618235012625634,
        0.019161467105198275,
        0.011262477627799548,
        0.020590328268449653,
        0.01005456533423488,
        0.01566257536800214,
        0.004534893702794599,
        0.010024551318108223,
        0.015306246220540939,
        0.010430585147181478,
        0.004785653606448213,
        0.003786196605002461,
        0.004102855929016167,
        0.0067492994380967605,
        0.0066284075725948684,
        0.007937940804423718,
        0.00904360038155806,
        0.006905064942959888,
        0.005332080038715937,
        0.006588093454667676,
        0.009787159089975616,
        0.004849720524697696,
        0.005249911651787151,
        0.0040250196090580856,
        0.0036220078814622153,
        0.003406608913242069,
        0.0052384303227792865,
        0.0029205847664137614,
        0.003684550876921025,
        0.00351017299407431,
        0.0026979215860627077,
        0.002119673425235683,
        0.003297437008052493,
        0.002307380212358516,
        0.002313989260850366,
        0.004567832225458542,
        0.0050066844576550674,
        0.0016761121346820034,
        0.002380870647493358,
        0.006481749199863735,
        0.0023335520333441326,
        0.003473861261727285,
        0.0015866561810764278,
        0.0018265485601019016,
        0.002273774393445931,
        0.001953176193488988,
        0.002318111317785395,
        0.0025336402569047433,
        0.0016587906746281988,
        0.005681591143896084,
        0.002141351419518393,
        0.004118496268743127,
        0.004959436606747804,
        0.001186979870487673,
        0.0023370648623540825,
        0.005293518189630478,
        0.002393997355698053,
        0.0019133359707188288,
        0.002382071820233974,
        0.0014905537259746046
    ],
    "w_ticket": [
        0.03632319101383313,
        0.0026726528650992047,
        0.002335156406132394,
        0.001056402210726739,
        0.001568349347645964,
        0.0008305672331817291,
        0.0004881799932508769,
        0.000892502222629409,
        0.00043582218755237526,
        0.0006789053164082985,
        0.00019656814871349496,
        0.00043452120896894376,
        0.0006634599795515728,
        0.00045212103011729764,
        0.00020743751264200107,
        0.00016411534780892809,
        0.0001778411683404838,
        0.0002925531186854817,
        0.0002873129759713132,
        0.0003440756125245731,
        0.00039200120250052124,
        0.00029930488376114366,
        0.00023112274965930883,
        0.0002855655322499571,
        0.000424231276313137,
        0.0002102145381555912,
        0.0002275611032878818,
        0.00017446729845078772,
        0.00015699847241093385,
        0.0001476618530340036,
        0.00022706343702804077,
        0.00012659479545044385,
        0.00015970944242215123,
        0.0001521509107664623,
        0.00011694330370295402,
        9.187873153873633e-05,
        0.00014292972022096417,
        0.00010001501390031755,
        0.00010030148774335384,
        0.00019799589208428637,
        0.00021701824993767903,
        7.265225624751283e-05,
        0.00010320050836377165,
        0.00028095596592644104,
        0.00010114944984011331,
        0.00015057695325569725,
        6.877472518635209e-05,
        7.917302863643171e-05,
        9.855834610552953e-05,
        8.466179223314663e-05,
        0.00010048016119276919,
        0.00010982241424949817,
        7.190144541071354e-05,
        0.0002462725536905988,
        9.281837940773666e-05,
        0.00017851910983743315,
        0.00021497025869638298,
        5.145047513642104e-05,
        0.00010130171587775104,
        0.00022945125926009027,
        0.0001037694947391103,
        8.29348898298031e-05,
        0.00010325257403881989,
        6.460909685540667e-05
    ],
    "avg_delay_arcades": [
        6.259342520528591,
        7.072158800621168,
        7.011990020740858,
        6.860395373168217,
        6.845733954479974,
        6.853252478309881,
        6.983240459123885,
        7.0280364438431375,
        7.13537556829691,
        7.1599951203103585,
        7.18257015217991,
        7.224283768713484,
        7.2700003971215885,
        7.311385771984324,
        7.33368287031559,
        7.3195125793924545,
        7.318473954042634,
        7.261771942191972,
        7.222447098914794,
        7.220809967563391,
        7.232740942938387,
        7.236277764489742,
        7.236625960356696,
        7.256310863159101,
        7.269510890214106,
        7.283843764602708,
        7.301211512814251,
        7.307917548381662,
        7.310771947874309,
        7.2830726836987125,
        7.269853599969696,
        7.271533122298744,
        7.259948359042029,
        7.305257345455306,
        7.2990092560476,
        7.313215536743703,
        7.316293843249152,
        7.3256604916494314,
        7.31212634090362,
        7.306996992410152,
        7.295317413523792,
        7.301888179282858,
        7.330163912033718,
        7.342729847208113,
        7.339341806217458,
        7.338655277804224,
        7.335829481826992,
        7.3407469239319845,
        7.344047023859674,
        7.3652887355027,
        7.362784398038022,
        7.349245023246816,
        7.354868107067839,
        7.370354335628481,
        7.379977621400237,
        7.372118098898634,
        7.387844813553811,
        7.405744390260817,
        7.402544971392606,
        7.398610730334942,
        7.385984729254933,
        7.383987166703001,
        7.385752994905841,
        7.393152332198387
    ],