{
    "seed": 987654321,
    "n_nodes": 19,
    "lambda": 0.02857142857142857,
    "b": 256,
    "k": 64,
    "income": [
        3726.1557763706714,
        3511.432075005866,
        3370.0952001107025,
        3125.5064633347856,
        2980.824924380042,
        2808.8524936827316,
        2716.47544520436,
        2535.910756378863,
        2339.2416070189943,
        2105.7505682652345,
        1882.6758191755976,
        1768.6225381486497,
        1533.1480300924873,
        1462.8617887386324,
        1192.6770573599497,
        1069.285865169416,
        918.19973434856,
        653.8607687415758,
        487.67222740904185,
        399.7047730904583,
        262.56172867871055,
        -16.872785628577276,
        -152.82459952774525,
        -366.0617982296021,
        -498.93732404047523,
        -802.6610499838978,
        -908.7637200769486,
        -1171.138347382832,
        -1218.8623222919964,
        -1342.70588363487,
        -1652.7733224922702,
        -1726.9951120317603,
        -1923.265225746579,
        -2141.4571150999745,
        -2307.496002768515,
        -2400.731010728466,
        -2556.7430558415545,
        -2832.531293894329,
        -2923.988366114254,
        -3188.086311074473,
        -3394.9745349266723,
        -3478.3253700084438,
        -3671.934118519069,
        -3707.3081522952552,
        -3889.297352453528,
        -4162.275706976308,
        -4435.821773111964,
        -4400.358774648093,
        -4639.488858967262,
        -4770.231947674425,
        -4984.868674130219,
        -5097.238243896883,
        -5400.3010451216305,
        -5498.35846373271,
        -5640.923693523999,
        -5912.165104543389,
        -6042.888952454044,
        -6268.963109912494,
        -6258.910834443517,
        -6465.539601552795,
        -6650.265258722771,
        -6843.789355569213,
        -6983.579134757567,
        -7283.103496559692
    ],
    "avg_wait_system": [
        19.355577821930147,
        19.180256672475437,
        18.985264194446813,
        19.28914950175175,
        19.219416367165508,
        19.468600686195686,
        19.367241939546943,
        18.61551898409499,
        19.287871036375122,
        18.686343809112884,
        19.401404313749026,
        19.50750614794606,
        18.74175580405904,
        19.25035517249546,
        18.92748095246543,
        18.8428014379175,
        19.165054734664295,
        19.597653662624907,
        19.024515048165654,
        18.614372765388794,
        19.129310717288945,
        18.95643046967291,
        19.399835427499625,
        18.478153626752942,
        19.24929812417838,
        18.416855408362608,
        19.03315058451949,
        18.942339712222633,
        19.802674878838616,
        19.672075621551585,
        19.423623891319494,
        19.256870561348478,
        19.06527319818929,
        19.110582875527825,
        18.762687463360635,
        19.12064315598036,
        18.371790618282603,
        19.201262142785026,
        19.718984626117617,
        19.310738386978983,
        18.8501663506147,
        19.627125247062622,
        19.369589206788305,
        19.68367153439567,
        19.286726275720866,
        19.272493561813462,
        18.758497621578044,
        18.799898629093377,
        19.250756838637926,
        18.947304903008444,
        19.202943826558794,
        19.20626157063407,
        19.193164921634434,
        19.038717959310816,
        18.953126329490942,
        18.872188250258265,
        18.913128265067144,
        19.270195217131004,
        19.6606031435781,
        18.945497933313163,
        18.733006021868277,
        18.70218284666089,
        19.229977794696424,
        18.983721088504353
    ],
    "avg_wait_ticket": [
        5.573780588995519,
        5.6030631321435855,
        5.341291891614201,
        6.349004388204812,
        5.692701126054232,
        5.98257812582206,
        5.590546748591672,
        5.131764292519133,
        5.768014435025737,
        5.806860458566945,
        5.916691912945191,
        5.792095494190897,
        5.357486850253749,
        5.880399974871993,
        5.584119141801323,
        5.208066090443115,
        5.674400238588182,
        5.870753000677853,
        5.495012146234897,
        5.237635645335682,
        5.825671093744494,
        5.781871602719353,
        5.801922301296426,
        5.561784870249994,
        5.664264098041778,
        5.630083331100271,
        5.626152103008803,
        5.632601678045873,
        6.1095231154389555,
        5.771465760040687,
        6.0936625445124415,
        5.865153233068871,
        5.584855761796205,
        5.145875494501867,
        5.481665682171577,
        5.186099655943967,
        5.171294808689882,
        6.00555257999305,
        6.32343115050297,
        6.113175809759179,
        5.833854855164586,
        6.179148129183047,
        5.804013929452536,
        6.094705272340159,
        5.845544617710694,
        5.754877186311863,
        5.59409183219257,
        5.28691571535292,
        5.638622000324935,
        5.656911523894497,
        5.63391861825978,
        5.588454626953171,
        5.201390930975583,
        5.816542202322125,
        5.487303805033055,
        5.305443752511286,
        5.890863226761341,
        6.159724407050817,
        6.152046947927946,
        5.663779626292733,
        5.4634212036562815,
        5.581121534457209,
        5.51678200999343,
        5.63649773269844
    ],
    "avg_delay_arcades": [
        0.14856155654841222,
        0.19534218417769222,
        0.15883972605097965,
        0.06366884879378563,
        0.22305364681758846,
        0.12857152110785847,
        0.14702697134072415,
        0.08442419073516678,
        0.05713536562335442,
        0.1548634347415127,
        0.339416481559401,
        0.13024697962739182,
        0.31037490238965276,
        0.19532960764757556,
        0.20853686916497258,
        0.18382794674326897,
        0.09054350970482367,
        0.22010126111563497,
        0.2110225969453206,
        0.06503034398547942,
        0.035941409953081524,
        0.12468024925392558,
        0.07004343231980134,
        0.10196706143438053,
        0.11836669314808701,
        0.09151242234836354,
        0.17656977854782102,
        0.21762309592801665,
        0.14896712527998113,
        0.12993142271541594,
        0.1250966176226472,
        0.016970479763991183,
        0.16759523136898866,
        0.12866807271842345,
        0.020949654201486784,
        0.2640340562209344,
        0.1656197710768692,
        0.03765567038378931,
        0.12049871462893835,
        0.2378101092910531,
        0.08976172668352429,
        0.2909439521493333,
        0.17969821261433053,
        0.1804352850560026,
        0.08403826365210898,
        0.07001520091754732,
        0.22120212950661564,
        0.02992351662741337,
        0.12615370515747956,
        0.06895352027512264,
        0.13575021880529725,
        0.052298705771497776,
        0.46117043385489476,
        0.1845703527133698,
        0.0124429540856553,
        0.1031474503172331,
        0.17626273344420476,
        0.10286118285283448,
        0.024026084157001033,
        0.09942354432960451,
        0.09864702477486638,
        0.012096203972298625,
        0.07709572129643039,
        0.31752799416701566
    ],
    "final_wait_ticket": 5.685853467389505,
    "final_std_ticket": 0.28580979547270113,
    "final_w_ticket": 0.07445556932828236,
    "final_delay_arcades": 0.14080754691062344,
    "final_std_arcades": 0.08946815626086574,
    "final_w_arcades": 0.023307117588944732,
    "final_income": -2148.258001320129,
    "final_std_income": 3017.5964486374905,
    "final_w_income": 786.1062326947683,
    "final_wait_system": 19.114856994836092,
    "final_std_system": 0.33449006837561374,
    "final_w_system": 0.08713714109893467,