{
    "seed": 250910117,
    "n_nodes": 3,
    "lambda": 0.1,
    "b": 1024,
    "k": 64,
    "avg_wait_ticket": [
        8.43914440200013,
        9.46338180219548,
        8.760301531798804,
        7.964996535274842,
        8.67005418503211,
        9.173367648524383,
        7.883353056942379,
        7.339653331995888,
        8.578892743828892,
        8.952184360161025,
        8.475886548227939,
        8.146994782625653,
        7.577066983722737,
        7.834693467479848,
        7.976534006693814,
        7.725966330392103,
        7.712330590838819,
        8.256439013418992,
        8.035313966231959,
        8.167342667734204,
        8.869077379027647,
        9.032385834526055,
        8.307502602684849,
        8.02421941767271,
        8.022137270780009,
        8.13061644736079,
        8.472874523373944,
        9.529333693399128,
        8.530151167402849,
        8.55756860588761,
        8.213609386717305,
        7.851888823380806,
        8.340241329431475,
        7.695454677158484,
        7.631917607975434,
        8.451804983975734,
        8.420419141134387,
        9.207064083900171,
        7.951929235586245,
        8.215683268269096,
        8.09567102258146,
        8.053975447621264,
        7.963328397686937,
        8.103738412227326,
        8.13127520753527,
        8.151779563983654,
        7.572579612619453,
        8.128459348259476,
        8.405671766276221,
        7.036437931954887,
        8.770317280494798,
        8.566136735726838,
        7.729543633505128,
        7.244182409538745,
        7.764004092199559,
        8.535696700339535,
        8.026273636199932,
        9.115902303212396,
        7.813892541955257,
        8.537802167881411,
        7.803977547679385,
        7.839006860398575,
        8.273400770062352,
        8.162814829238613
    ],
    "avg_delay_arcades": [
        6.461292113873379,
        7.414291647698682,
        7.733087997628588,
        7.303249631102214,
        7.0146499477917885,
        7.728719388817844,
        6.362808959861795,
        6.448274753035689,
        7.77695892945727,
        8.651984553718046,
        9.040643726524879,
        7.061443004637073,
        8.98786365784391,
        7.900279207949502,
        7.009362896897666,
        6.448011029132381,
        7.290096790324841,
        6.917356606694416,
        7.803632990698904,
        7.643157740704112,
        7.769140982035052,
        7.307465298611191,
        7.9162271899151415,
        6.972546724394452,
        5.4616922561704895,
        6.564700225169051,
        6.732864238246489,
        7.356323097515379,
        8.338709199187404,
        7.351000590978721,
        7.962889591963251,
        9.059221138652147,
        7.632968914795881,
        7.799032529143807,
        6.546545199454876,
        6.238208556129391,
        6.757032732871431,
        6.944040319809605,
        7.244761426072981,
        6.615952356125569,
        9.091077190636877,
        6.406984598164576,
        6.274200658890579,
        7.035332575913439,
        7.176178188797831,
        7.523691082599534,
        7.855586785455067,
        6.5351873368421325,
        9.172250574400158,
        7.0598251298964145,
        6.823699721424984,
        9.422450110179971,
        6.447034963752155,
        6.936491420484401,
        6.608444770412472,
        7.380808025481719,
        7.674567106943967,
        6.2474626037583185,
        8.541536793540432,
        8.610758551168102,
        7.244652141628907,
        6.661994603663831,
        10.03744605631205,
        8.456437901812269
    ],
    "final_wait_ticket": 8.196463689711232,
    "final_std_ticket": 0.4921163178792409,
    "final_w_ticket": 0.12819994697115472,
    "final_delay_arcades": 7.431344427391542,
    "final_std_arcades": 0.9433381787330656,
    "final_w_arcades": 0.2457465848940226,
    "correlation_delay_arcades": [
        0.06021895643803712,
        0.6391928558172294
    ]
}