{
    "seed": 238927874,
    "n_nodes": 5,
    "lambda": 0.07142857142857142,
    "b": 256,
    "k": 64,
    "income": [
        2990.528587452174,
        2919.175654743911,
        3113.858762471178,
        2994.4720274996307,
        3034.873502608278,
        3069.8245602315947,
        3160.3318120403055,
        2974.3216140887853,
        3039.533824770536,
        3008.9145799205726,
        2922.304058349141,
        2886.126769937027,
        3084.780278680385,
        2927.9519996354993,
        3099.401302167771,
        3075.8061291099702,
        2971.501514373799,
        2954.7092654590674,
        3096.135180947114,
        2869.1747788720304,
        2957.184922792402,
        3032.3225547592992,
        2932.0856648607446,
        3138.1178861331327,
        2947.7571710389775,
        2984.083574518063,
        2974.1347855327012,
        2779.3744257444364,
        3163.076519000663,
        2941.9470882999576,
        2972.848059935237,
        3187.409889220838,
        2840.3404780287574,
        3075.619405204794,
        2847.6685251202425,
        2983.526239860656,
        2993.756611272209,
        3041.0742352157176,
        3027.9008313550057,
        3117.6950089115358,
        3036.903439430105,
        2932.9097471576138,
        3006.529520378501,
        2999.9912062389394,
        2995.091469839833,
        3136.0444701554215,
        2887.849077417279,
        2959.59067497618,
        3090.1758502005177,
        2875.800061176794,
        3020.552359654357,
        2870.745280416413,
        3124.371775248784,
        3077.8968768990935,
        2989.150157013514,
        3004.1494886452033,
        2950.6501139118113,
        3031.9556473705215,
        3010.738792710417,
        3116.0560865828156,
        2954.9890955323854,
        3025.417861929736,
        3018.439081567057,
        3091.6629281203577
    ],
    "avg_wait_system": [
        22.99263079824071,
        21.538889087226675,
        22.891625084345304,
        22.29001106131679,
        20.90815255165407,
        22.58258081286057,
        21.463734487453124,
        22.055673328628487,
        21.50002536639778,
        22.11851822994157,
        21.83256873924367,
        22.287238097329777,
        21.295493117830517,
        20.918780100171404,
        20.834144791302833,
        21.621996369760268,
        22.41295745175836,
        22.728023401745418,
        20.40289382409111,
        22.773595694239532,
        21.90511048881973,
        22.258384150545453,
        21.63906410767919,
        21.307291331544263,
        22.1501010388929,
        21.86102846578217,
        21.301835719474468,
        22.30206569772355,
        21.448883876250818,
        21.93242687018369,
        22.172801662179666,
        22.358095673385208,
        23.013570875244625,
        21.737279762854428,
        21.72345837395295,
        21.31506098559845,
        21.543030489543412,
        20.749297191186315,
        21.58618554963732,
        21.334847629128376,
        22.44293087986955,
        22.177204100113116,
        21.678192676865706,
        21.463531021704398,
        21.009534085990733,
        21.7648637712623,
        24.512465686555743,
        23.083468320695033,
        22.1947887720022,
        22.27415527882897,
        21.27735416348912,
        20.422959238095586,
        21.12459178950985,
        21.66491347185094,
        21.545353079273013,
        21.520468463187854,
        21.996554856195075,
        21.95331245766704,
        21.515587180521038,
        19.632154558128946,
        21.84910504536458,
        21.40469298763901,
        20.672747370823345,
        22.00888250460332
    ],
    "avg_delay_ticket": [
        2.1683908904340927,
        1.6178089183612807,
        2.921725341546747,
        1.2831563861974649,
        1.370146683152456,
        2.1650633022551755,
        1.631178990008806,
        1.5918105003288519,
        1.6398920956453724,
        1.5101514884219964,
        1.6117523954079507,
        1.9301347792103722,
        1.384342058100147,
        1.7663836827107176,
        1.5963279878212364,
        1.4050767861888458,
        1.942747809971773,
        2.2076147058000744,
        1.6557799148944852,
        2.208956296438223,
        2.0742726443385804,
        1.8973578486764007,
        1.6257186814918767,
        1.2149178500138498,
        1.8273507185740527,
        1.5740644961543877,
        2.6741171481197092,
        2.2507267846097414,
        1.4105958187532606,
        1.9219146072452922,
        2.2872928888399513,
        2.4194536388038412,
        1.9828545707511478,
        1.8360224625224733,
        1.1304426630992053,
        1.744232516612357,
        1.0583070461635704,
        0.8916604418861657,
        1.7920895431228523,
        1.6905679893024708,
        2.705589788428744,
        2.4130718670179565,
        2.0331654476302754,
        1.90180359355325,
        1.4737459335960739,
        2.0770491382275025,
        2.5997223962682394,
        2.3990040257688996,
        1.834451232753539,
        1.7159902636225988,
        1.1827323725451178,
        1.2263147187755767,
        1.9732137547110211,
        1.597033541483315,
        2.2232060853635325,
        2.2148972326308147,
        2.044669694402495,
        1.681169679598317,
        1.4953179232775886,
        0.8058382039492562,
        1.0645555422165924,
        1.9262386877732567,
        1.2190923850666604,
        1.8734113905810317
    ],
    "avg_delay_arcades": [
        2.1845375745440823,
        1.9743563220019833,
        1.6023606979628777,
        2.2532766676791804,
        1.2875858605059338,
        1.9118999879888938,
        1.2625114534378041,
        2.3944766584925032,
        1.8913539205570522,
        1.7370246690368603,
        1.9208977425872789,
        2.1926208457347403,
        1.4772276648787614,
        1.5680437605857076,
        1.0628564694544533,
        1.6631619654880114,
        1.9372135543950684,
        2.3911540934074242,
        1.180600502002457,
        2.6298261291789506,
        2.2998589604320374,
        2.0857153636133012,
        1.9322962105949848,
        1.0988592972067055,
        2.1361409797823088,
        2.1414029566508,
        1.4321293840140439,
        2.4860234717711647,
        1.371481907849867,
        1.8156527061901215,
        1.8699552560464188,
        1.3919429718893759,
        2.3364856098477476,
        1.635998326574607,
        2.3951204064511975,
        1.49802978348469,
        2.1712412636378167,
        1.8089362405009883,
        1.383858732322344,
        1.688156624661622,
        1.5747182532120854,
        1.7448413685303419,
        2.267968241487106,
        1.5321686227592857,
        1.6235813015195841,
        1.0200717556234715,
        3.13526782602168,
        2.2382953506362777,
        1.6164844166124959,
        2.3599235243014647,
        1.7585926170837065,
        2.099942103200619,
        1.4018007144784073,
        1.8560850145320136,
        1.890978378850831,
        1.5940781620522575,
        2.028559683926496,
        1.7096347041450362,
        2.162817368901988,
        1.1150568811951405,
        2.3351392563933993,
        1.4275331076126876,
        1.493982417026854,
        1.691373821839706
    ],
    "final_delay_ticket": 1.776710078911322,
    "final_std_ticket": 0.4325849592608041,
    "final_w_ticket": 0.11269158697428673,
    "final_delay_arcades": 1.8194439437199497,
    "final_std_arcades": 0.4347887195429012,
    "final_w_arcades": 0.11326568285576351,
    "final_income": 3005.3546018428488,
    "final_std_income": 87.70434701188138,
    "final_w_income": 22.84763221125702,
    "final_wait_system": 21.74276680107086,
    "final_std_system": 0.7434122717449747,
    "final_w_system": 0.19366440484259287,