{
    "seed": 987654321,
    "n_nodes": 3,
    "lambda": 0.1,
    "b": 2048,
    "k": 64,
    "avg_wait_ticket": [
        7.410915327641692,
        7.757919978038544,
        7.864561202151648,
        7.850662703381271,
        7.925427268199196,
        7.914848544551636,
        7.883068090903509,
        7.922799534590576,
        7.9248447004415965,
        7.949244081868055,
        7.994475478137835,
        7.992411422211889,
        7.987873311756543,
        7.995619718473079,
        8.040245914250088,
        8.04993484525768,
        8.052149776579043,
        8.072290845178603,
        8.070276326076256,
        8.085967078500246,
        8.064725206066676,
        8.067368176366884,
        8.070052258824353,
        8.052753787979041,
        8.050642696923447,
        8.056060595008661,
        8.045947761611798,
        8.068548731483652,
        8.06452488547806,
        8.055183400329557,
        8.058830359305047,
        8.067463606469902,
        8.071983295687733,
        8.065347773044657,
        8.070126228735338,
        8.072578395055045,
        8.069886787940154,
        8.068466868840636,
        8.082068563253069,
        8.098492756458848,
        8.11485279461056,
        8.114683772340813,
        8.106898159032209,
        8.092680864595572,
        8.07699834161691,
        8.076549291206373,
        8.073526292381823,
        8.071744676054578,
        8.071146034167684,
        8.089437401027189,
        8.091701870566204,
        8.08793999113145,
        8.082518728289081,
        8.075921208659077,
        8.072320033531378,
        8.069052471704238,
        8.070869387399865,
        8.073311608656887,
        8.07060451122083,
        8.075538498949694,
        8.083498791459128,
        8.082919496591302,
        8.082644464045435,
        8.083346517865351
    ],
    "std_ticket": [
        0.529455685322931,
        0.07555234887475269,
        0.01955274300496755,
        0.02529691043189302,
        0.015905248646650626,
        0.017099904969766065,
        0.020896193944476796,
        0.016109379761778654,
        0.00930718983411489,
        0.01625761514701312,
        0.01089447524966102,
        0.00981642187420305,
        0.008351117668715843,
        0.016447879590308506,
        0.007217216888007809,
        0.005041485286967995,
        0.005141772274030747,
        0.00659693071938087,
        0.00752847826188031,
        0.005726267804961291,
        0.002715606573208535,
        0.0035791623189763305,
        0.004550292072949067,
        0.004388795660904319,
        0.0024226715587263815,
        0.0032117060038713186,
        0.0034969764347695183,
        0.005469409515764379,
        0.00223974180204157,
        0.0033641241244281314,
        0.002203161425441935,
        0.004289603527071115,
        0.003657798972584781,
        0.004917071663215763,
        0.004594058497805561,
        0.005312912777222299,
        0.003086687741673194,
        0.0021833743200429813,
        0.01026537688785956,
        0.005878077316566764,
        0.002830495160951563,
        0.0012084241925647782,
        0.004519642498522255,
        0.00485916663544062,
        0.0022126821576532543,
        0.0026031598111249886,
        0.002930349108890313,
        0.003689575914801462,
        0.004556297924670295,
        0.004365238436905473,
        0.002777215750936448,
        0.0018484225512663635,
        0.0011473561356462796,
        0.0026787005506623547,
        0.00193127105047835,
        0.0028397998521795943,
        0.0012873391887173987,
        0.0012711250617688371,
        0.001756244268876068,
        0.0028991648548328617,
        0.0017901990108429443,
        0.002723560120621392,
        0.005438747159936256,
        0.002608454872619254
    ],
    "w_ticket": [
        0.022949628086238995,
        0.0032748695609148,
        0.0008475273615319165,
        0.0010965123281068301,
        0.0006894241599033006,
        0.0007412073762637986,
        0.0009057601849173909,
        0.0006982723662837082,
        0.0004034266722259903,
        0.00070469773304179,
        0.0004722286720218309,
        0.0004254996922229178,
        0.0003619850535452304,
        0.0007129448788043312,
        0.0003128353287895628,
        0.0002185267162965533,
        0.0002228737261007371,
        0.0002859485896881707,
        0.00032632717138565985,
        0.0002482090949045365,
        0.00011770987187656633,
        0.00015514130144940753,
        0.00019723560186958624,
        0.00019023542660198404,
        0.00010501239818393415,
        0.00013921364970560514,
        0.00015157889664619035,
        0.00023707539217672206,
        9.708317955771045e-05,
        0.0001458203200603656,
        9.549757747336577e-05,
        0.0001859358739790596,
        0.000158549862362602,
        0.00021313392050055865,
        0.00019913268825653903,
        0.0002302919312642955,
        0.00013379464543202763,
        9.463989150946452e-05,
        0.0004449599622256564,
        0.0002547893846773702,
        0.0001226897983050597,
        5.23799943197516e-05,
        0.00019590707456579914,
        0.00021062398645206064,
        9.591026028972873e-05,
        0.00011283578809419048,
        0.0001270180377246426,
        0.00015992725621407407,
        0.0001974959297254657,
        0.00018921432220268385,
        0.00012038036490317764,
        8.012117212776072e-05,
        4.973295655421318e-05,
        0.00011611015444023245,
        8.371229844319252e-05,
        0.00012309311667345227,
        5.5800620185776616e-05,
        5.509780747920308e-05,
        7.612563981574992e-05,
        0.00012566633435719495,
        7.759743192509093e-05,
        0.00011805462396848127,
        0.00023574631085412914,
        0.00011306530624907257
    ],
    "avg_delay_arcades": [
        6.820630633224249,
        6.855309290375442,
        6.715481524460465,
        6.687307944650616,
        6.881737653918139,
        6.974309462094044,
        7.0344168457616165,
        7.06937929267986,
        7.055418253471566,
        7.085143580824018,
        7.047734291765335,
        7.032720040404834,
        7.033779219307162,
        7.03763089621685,
        6.99715668703597,
        7.009578118350924,
        7.039724594691718,
        6.989919063582679,
        6.96929393939475,
        6.9888022938833805,
        6.997221805566656,
        7.011297707126685,
        6.988266221162947,
        6.974589314891425,
        6.993071851076441,
        7.016461986458587,
        7.033150360410503,
        7.032508550894166,
        7.011313981755734,
        7.035176403759773,
        7.048948579510705,
        7.071391618655916,
        7.09278141756463,
        7.095656492458436,
        7.106620771397923,
        7.153172539402617,
        7.1667229095292875,
        7.159944224238976,
        7.1764577843812996,
        7.174957175190996,
        7.177343962409791,
        7.1645464140114425,
        7.1582306653810805,
        7.164901200093965,
        7.168064443713806,
        7.175145884237625,
        7.176014372003188,
        7.194125071223344,
        7.213946224842566,
        7.249782703586277,
        7.256477821722949,
        7.252623128985279,
        7.254624828406347,
        7.258210724325861,
        7.255098476672236,
        7.2721557949874445,
        7.273765670268233,
        7.2776213987044684,
        7.277019025807235,
        7.2791405757165215,
        7.273499105211027,
        7.272894399710924,
        7.282462903949805,
        7.2906317599996315
    ],