{
    "seed": 539458255,
    "n_nodes": 5,
    "lambda": 0.07142857142857142,
    "b": 256,
    "k": 64,
    "income": [
        3002.9427769809477,
        2828.1115722155264,
        3017.7165463974,
        3082.1479389014603,
        3077.935396781414,
        3012.046863597788,
        3048.198483149001,
        2966.016122244571,
        2888.051200968952,
        3155.4326402683464,
        2918.278370446057,
        3164.9581706393433,
        2988.256796734625,
        3078.445630843489,
        3098.9000690808343,
        3142.951266781143,
        3000.2212928405315,
        3032.300130077723,
        3109.1933675076325,
        3055.3640499883595,
        3080.9984913875314,
        2961.1821631703906,
        3001.7626995324244,
        2902.898554711453,
        3020.7757054495187,
        3031.3997025384397,
        3010.9742869014094,
        2918.8537881363877,
        3015.5374756073516,
        2771.963302207474,
        2925.9632047207806,
        3140.637293699756,
        2985.923993333403,
        3051.991599770391,
        2798.690875485274,
        3144.672758081804,
        2996.1800355872274,
        2834.936687812082,
        2848.2838365233724,
        2917.457748695163,
        3108.89623118495,
        3052.945304298962,
        2999.8298928753948,
        2999.3854216337254,
        3090.0174823470934,
        2933.872995801926,
        3051.419212973905,
        3159.5840951568052,
        3033.1926430231906,
        3062.3147865522533,
        3053.411485516466,
        3070.8054492709794,
        3181.364255871683,
        2976.467223537057,
        3017.637639410993,
        3052.2587967891395,
        3049.078949105099,
        3076.158420500061,
        3004.828479910835,
        2791.931654551752,
        2924.983005154975,
        2998.1217885136075,
        2999.5743372430297,
        2944.649828171832
    ],
    "avg_wait_system": [
        20.27551952973337,
        21.384624357135394,
        21.86846975997897,
        20.87713000506696,
        21.75223498176193,
        22.272850263383134,
        21.24531960004903,
        21.051715743644223,
        22.885412936886325,
        21.78700080689488,
        22.155938010767727,
        22.269371384566085,
        22.047036423946025,
        20.429938894273448,
        22.29071266080581,
        20.747667297537873,
        21.09799546299209,
        21.7326040827447,
        21.906782928141553,
        21.687426194948557,
        21.784458775649796,
        22.379727258737432,
        22.1279345387415,
        22.27292994171637,
        21.966257653780644,
        21.45641860156246,
        21.122749556848646,
        22.64844574869022,
        22.969835594913206,
        23.372397307525432,
        22.06559457642097,
        21.407253212589126,
        22.11304591017904,
        21.579694686045684,
        22.710530299144523,
        21.45365396074027,
        20.991403461063385,
        21.94253790033099,
        21.209699053693043,
        22.19760199560859,
        20.324603308201972,
        21.074362758224197,
        22.111006095137782,
        22.4926328321867,
        23.45559875937522,
        21.476707815375335,
        21.197993981217678,
        21.189970314477023,
        21.419436357785003,
        22.31914917361553,
        21.754943089313997,
        20.26379394823391,
        20.89318143121568,
        20.163193744902742,
        22.50315982298834,
        21.974084733719792,
        22.902675273560476,
        20.529985002144787,
        22.763197190250708,
        21.655076976293344,
        22.668388307828764,
        21.334276430733325,
        22.83351156693061,
        22.119661860459928
    ],
    "avg_delay_ticket": [
        0.7474826231541173,
        1.4372965751907296,
        2.0789789437673485,
        1.032778087704551,
        2.1155365481075123,
        1.8400903822322359,
        1.6762795732146605,
        1.2759502453327998,
        1.8894786984016676,
        1.8428351879342977,
        2.0718265724062106,
        2.142956575899604,
        2.0511939114400164,
        1.5816336972413596,
        2.6416020180830784,
        1.2593247941914518,
        1.181596883317382,
        1.7758439363722434,
        1.5710570667066956,
        2.108250319783855,
        1.4820568864532875,
        2.354381951021952,
        1.653940069244054,
        2.0105912616768014,
        2.183391704584637,
        1.3190503016854496,
        1.3117986482838375,
        2.42957049852696,
        1.9641078747559577,
        1.5542176402780477,
        2.042557577556086,
        1.5179742746185394,
        2.1248399058726015,
        1.4189578199389294,
        2.341804219502519,
        1.0264436481976695,
        1.2271023172669964,
        2.2583393418775493,
        1.5562977897688022,
        1.411438820405833,
        1.006442380368947,
        1.6023536777644738,
        1.5559322645399898,
        1.9058307755102668,
        3.6632069990773397,
        1.576317206999628,
        1.5931191844102417,
        1.6512693159014067,
        2.0748809846363025,
        1.7302931803676005,
        1.820710275452196,
        1.1199131540457739,
        1.3130242929897014,
        1.1744109372741915,
        2.0068786065144546,
        2.17095389619334,
        3.003056292317314,
        1.822834057587288,
        2.3693436578173483,
        1.47059676853636,
        2.194731422138472,
        1.5590463935057253,
        2.1465789716432764,
        1.4923899990583147
    ],
    "avg_delay_arcades": [
        1.802142334251453,
        2.315725477208538,
        1.5372380017734744,
        1.403014925691474,
        1.547055167280757,
        2.3765758652792783,
        1.2283681019469956,
        2.325550267522735,
        2.4904471051079886,
        1.2321338573827867,
        2.1642084458442645,
        1.7273012305955937,
        1.584458735870397,
        1.1843259470394587,
        1.7722588853660377,
        1.162114205441069,
        1.4299640402401192,
        1.841654414509349,
        1.785684231213878,
        1.0976653963579945,
        1.6917678026171519,
        1.8613547810597748,
        2.0420777579504312,
        2.0297968178123194,
        1.5677516728316674,
        1.7474283530608372,
        1.5815554236883334,
        2.048023174894598,
        2.4173559268224674,
        3.2816397231276846,
        1.9534120592159545,
        1.4081524503904908,
        1.9299156996505122,
        1.6271807537392526,
        2.581084105518494,
        1.7531646077474423,
        1.7933921671226927,
        1.9813505325649885,
        2.108500771711488,
        2.480759608914269,
        1.3428294347893739,
        1.458873155540053,
        1.8129456349390403,
        1.7522665231727999,
        1.8423651372510386,
        1.7403854367098,
        1.5276610874409093,
        1.434988796492944,
        1.660178405693248,
        1.830383174874956,
        1.5545650766014805,
        1.4764687950087392,
        1.3800711295745467,
        1.4487591966809548,
        1.8394693103716235,
        1.706072771020891,
        1.3812986910124212,
        1.0247823399343887,
        2.3185418817988213,
        2.385759874178352,
        2.5852982278583156,
        1.6545382900636327,
        2.4741099077535624,
        2.2740999546469025
    ],
    "final_delay_ticket": 1.8039738942805255,
    "final_std_ticket": 0.4840676232809395,
    "final_w_ticket": 0.1261032023943117,
    "final_delay_arcades": 1.8123690386808058,
    "final_std_arcades": 0.4401631239191254,
    "final_w_arcades": 0.11466575501553804,
    "final_income": 3012.172723911619,
    "final_std_income": 93.27459743729274,
    "final_w_income": 24.298723717897577,
    "final_wait_system": 21.80921280802496,
    "final_std_system": 0.7628715753780069,
    "final_w_system": 0.1987336976158971,