{
    "seed": 482548808,
    "n_nodes": 12,
    "lambda": 0.06666666666666667,
    "b": 32,
    "k": 64,
    "income": [
        357.509366770566,
        357.17486661356935,
        356.4984695126138,
        334.4569703190985,
        358.76459567000467,
        376.10647366594156,
        308.5454210717265,
        277.87649412157384,
        325.04823830858675,
        363.30352384834987,
        317.561094913913,
        378.2555810354388,
        326.66070541685866,
        377.67584512410394,
        277.1253112556762,
        368.64644850749755,
        374.7888525392045,
        316.8863421360467,
        380.8113813762975,
        345.97797648310575,
        339.9708957413435,
        364.0238427106607,
        326.5912298278118,
        316.12954661022616,
        352.16048117135506,
        324.00729333957133,
        344.110969255089,
        300.60950447886955,
        361.24556819631835,
        367.02422125657756,
        255.21119510295102,
        351.3179356045439,
        320.2700915690584,
        328.93101637808263,
        378.19608818633634,
        356.6513207704062,
        339.7747476846683,
        371.1370946268347,
        334.26918210476,
        356.4313148050642,
        373.8939986793266,
        374.8945002200208,
        355.4761032016686,
        350.53746389173466,
        343.4363235482888,
        344.2662320565744,
        348.0705925609135,
        366.9931185451181,
        379.90928361568365,
        359.6928030368581,
        323.5913202625088,
        347.0997543197807,
        356.06326378883386,
        326.5755302341054,
        360.0864575790668,
        386.25,
        260.77078831100755,
        309.6817310131858,
        351.7810483039066,
        386.25,
        337.8478174451195,
        345.88136507591116,
        361.3623324082776,
        326.44263785220875
    ],
    "avg_wait_system": [
        22.47671409124115,
        18.960797713363263,
        19.150205404615008,
        20.213416716085703,
        19.380819548928173,
        19.970642869098242,
        22.013396952450478,
        20.31781876858315,
        27.932700900838938,
        20.300180100677096,
        20.943769806083537,
        18.617337117675675,
        23.987530284048944,
        20.08508600345965,
        23.17158364230818,
        19.588590719446074,
        18.437691113838014,
        22.338235677834064,
        21.299573902306975,
        21.15595539371759,
        19.696239051416683,
        21.414524649827626,
        23.538474328786265,
        23.77774575210924,
        19.541713546532037,
        19.531018997769138,
        18.939611733296147,
        22.909402490732305,
        19.556798284275715,
        22.829982549278157,
        21.97594125800265,
        19.916820070001904,
        20.88019736272895,
        20.357545774313394,
        18.93919612928414,
        21.09787024971297,
        22.04469090982184,
        19.98901949352603,
        25.0303998975146,
        23.041448002587458,
        17.983205922781394,
        20.555869539837545,
        20.381238417141276,
        22.99684513311979,
        23.183878428513594,
        20.597904519164786,
        21.3582487813203,
        21.01966225550086,
        21.018300424935887,
        18.404731276343227,
        22.961316717095997,
        18.553216257799022,
        20.76143847504204,
        20.196293846358913,
        20.7673050315168,
        20.31006136308133,
        21.922444813779293,
        24.279940376564355,
        20.51084811434839,
        20.966069942192462,
        20.666596516633035,
        20.359507494751142,
        20.03182032639006,
        20.75975298133244
    ],
    "avg_wait_ticket": [
        7.883350351343122,
        4.663073311031476,
        5.373368461755738,
        5.78852584620733,
        6.747466829133621,
        6.0903994082444415,
        5.7458108695146075,
        6.157545819475975,
        16.7285307183897,
        6.888653396275834,
        6.677737155726034,
        4.365302239097487,
        8.878866422455369,
        7.037866977715718,
        7.364669160289913,
        6.893787025128684,
        3.9148061930874247,
        8.035967857098932,
        8.145640762823708,
        5.85182496824914,
        6.135706346065563,
        6.36973355004775,
        7.746508025329415,
        7.189553501680254,
        5.870435277720231,
        5.392591052985865,
        4.478990711821888,
        7.009955246407238,
        5.766309203560086,
        8.55611570788285,
        6.954366084444768,
        5.868434571842254,
        6.773876745402132,
        5.601073858067684,
        6.126771615173528,
        7.274342399457544,
        6.210814027357628,
        6.710796773990454,
        11.566674192216547,
        7.816908925915674,
        6.3601234844751335,
        6.332986179284635,
        4.720969910485655,
        9.700863933773993,
        7.901832148322184,
        5.616394210940968,
        5.513442449196979,
        8.281045676953303,
        7.687880521433376,
        4.7803429542195355,
        8.459356735008813,
        3.6478418079671733,
        8.334999899242272,
        4.795021880649074,
        7.313247682034906,
        6.752084170333109,
        7.171201229259326,
        8.316466859167642,
        6.9265299940295035,
        7.330813307485187,
        6.17918123741105,
        5.256359939196382,
        8.097033358079154,
        6.574920936163835
    ],
    "avg_delay_arcades": [
        0.29938159613993776,
        0.30286597277531907,
        0.3099117759102733,
        0.5395107258427237,
        0.28630629510411787,
        0.10566173264644224,
        0.8094226971695156,
        1.128890686233606,
        0.6375183509522218,
        0.23902579324635553,
        0.7155094279800728,
        0.0832751975475124,
        0.6207218185743891,
        0.08931411329058392,
        1.1367155077533728,
        0.18337032804690048,
        0.11938695271661952,
        0.7225381027495131,
        0.056652277330234334,
        0.4195002449676481,
        0.4820740026943389,
        0.23152247176395102,
        0.6214455226269603,
        0.7304213894768105,
        0.35509915446505147,
        0.6483615277127986,
        0.4389482369261562,
        0.8920884950117752,
        0.26046283128835057,
        0.20026852857731683,
        1.3649875510109268,
        0.36387567078600114,
        0.6872907128223081,
        0.5970727460616391,
        0.08389491472566339,
        0.3083195753082691,
        0.4841172116180385,
        0.1574260976371382,
        0.5414668530754171,
        0.31061130411391485,
        0.12870834709034776,
        0.11828645604144994,
        0.3205614249826188,
        0.37200558446109727,
        0.44597579637199186,
        0.4373309160773499,
        0.3977021608238179,
        0.20059251515501983,
        0.06604912900329508,
        0.2766374683660615,
        0.6526945805988665,
        0.40781505916895094,
        0.3144451688663139,
        0.6216090600614027,
        0.27253690021805393,
        0.0,
        1.3070751217603376,
        0.7975861352793142,
        0.3590515801676399,
        0.0,
        0.5041894016133383,
        0.4205066137925921,
        0.25924653741377474,
        0.6229933557061588
    ],
    "final_wait_ticket": 6.883262902086485,
    "final_std_ticket": 1.9119479053926474,
    "final_w_ticket": 0.49807659526359177,
    "final_delay_arcades": 0.4402860606171955,
    "final_std_arcades": 0.3104250086331391,
    "final_w_arcades": 0.08086801473438283,
    "final_income": 343.98253818074926,
    "final_std_income": 29.800800828781355,
    "final_w_income": 7.7633294145007525,
    "final_wait_system": 21.0849341714726,
    "final_std_system": 1.8262824421049504,
    "final_w_system": 0.4757601073688801,