{
    "seed": 430131813,
    "n_nodes": 5,
    "lambda": 0.07142857142857142,
    "b": 256,
    "k": 64,
    "income": [
        3433.837722608662,
        3298.5287594944875,
        3271.012226700498,
        3300.0573692407834,
        3210.419540510801,
        3295.005098077656,
        3085.2632976226078,
        3256.65362072498,
        3357.1104859718885,
        3310.241540632292,
        3356.786755692474,
        3423.585571199632,
        3379.9157478582238,
        3441.0907972044106,
        3415.8680383288256,
        3178.0776778855493,
        3337.476954378034,
        3266.824567268759,
        3527.302804320571,
        3276.9997155873143,
        3192.8119910218056,
        3439.7292163867105,
        3414.9372438377673,
        3407.517023732511,
        3420.651373676539,
        3397.499232361201,
        3429.4015373887396,
        3226.49026311515,
        3403.4749987021055,
        3381.5553331246138,
        3265.3904889765327,
        3292.2405070273753,
        3347.651502786011,
        3296.6760169135555,
        3237.746083712842,
        3382.0777976835343,
        3361.5413122564373,
        3267.5246140444488,
        3390.4667471500916,
        3413.6243351324515,
        3347.199182943339,
        3472.0145551533524,
        3305.7489570884477,
        3311.834658251066,
        3262.4915721409457,
        3426.638474785562,
        3414.049525264041,
        3264.0210990960995,
        3097.3034012361036,
        3357.107646694007,
        3300.0011724622063,
        3279.071395944637,
        3223.365319796152,
        3284.568075283263,
        3016.019128105866,
        3157.2865984106375,
        3438.4193181709416,
        3319.1578166328554,
        3418.819157642923,
        3438.426907549198,
        3417.370158421716,
        3380.4727334234535,
        3328.384221732824,
        3353.196179680618
    ],
    "avg_wait_system": [
        20.127681508641274,
        22.22903681629839,
        23.197738797577472,
        20.539388871727894,
        21.781050949264667,
        21.723299731170684,
        23.015363546533564,
        20.941612485349168,
        22.827581029922015,
        21.76794602913796,
        22.068986570022872,
        22.128878370304164,
        21.49205006431481,
        22.523555110151904,
        21.395784932235614,
        21.72644152032072,
        21.33741418990411,
        22.35493950375752,
        21.675178918107974,
        22.184088550184867,
        20.456143478798367,
        20.825981707419032,
        21.224338105591187,
        21.04887670737378,
        22.32787463316845,
        22.604739914641073,
        21.257545292513385,
        21.823694212349153,
        22.43857129992881,
        20.429020869895226,
        23.305596707965606,
        21.9705247655084,
        21.92040128009421,
        21.069327506246054,
        22.528663944990058,
        21.432079520069692,
        20.56104636722307,
        22.556853183688077,
        22.078438676791166,
        21.468370499380512,
        21.713944319811162,
        20.982994486105667,
        22.652326630529956,
        23.12001322268884,
        21.851874043928092,
        21.59049105007864,
        22.267393958429693,
        22.48058641101602,
        23.19999091297916,
        22.067482756599816,
        22.735779118514415,
        21.745896828511036,
        22.339599415336465,
        21.658691681237656,
        24.35080102573602,
        22.598322045122586,
        22.20967028622215,
        21.739996279254115,
        21.993067158426697,
        21.72034004085606,
        20.493124805126627,
        21.42094250267064,
        21.77357952743803,
        21.54581306313912
    ],
    "avg_wait_ticket": [
        5.640479411248316,
        7.199322793955458,
        7.645430820739635,
        6.114246107691752,
        7.501168649324839,
        7.860384307945166,
        6.707426696727876,
        6.299521781874873,
        8.028127668109498,
        6.717676130420035,
        7.107957526525941,
        7.689506380637909,
        6.4354028867874575,
        7.969568013803724,
        6.613428490399214,
        6.466051382992601,
        6.286181441183811,
        6.530307768982492,
        6.667390338432118,
        7.113793430664546,
        5.85964379131205,
        6.789330299913272,
        6.394359490567897,
        6.589961897571785,
        8.510389524705005,
        7.510806247243776,
        6.440474049859733,
        6.669321005487148,
        7.781795365993413,
        6.424993694349294,
        7.783362802442965,
        6.502087222307569,
        6.996774478826105,
        6.509712897540469,
        7.522978595079033,
        6.333972640877253,
        6.465488291814578,
        7.28028781031259,
        7.911076400856656,
        7.00691997060625,
        6.578804563392395,
        6.670696021838642,
        7.104742535286889,
        7.842227323158122,
        6.205746199369281,
        7.478226530335678,
        7.882730352745145,
        7.546603982411594,
        7.778020578688044,
        6.522698846922281,
        7.3399568174038095,
        6.6825839746593685,
        7.421138398467247,
        6.713720389607279,
        8.170166678957973,
        7.187068190582977,
        7.143021090329297,
        7.647508747416578,
        7.226343427892148,
        7.355634835551695,
        6.073507222812925,
        6.5992026456265656,
        6.047259402042703,
        6.910163381895837
    ],
    "avg_delay_arcades": [
        1.3444682974269624,
        2.080347514661037,
        2.358005354675009,
        1.6247131537960828,
        1.9222544175925975,
        1.6499745096117198,
        3.1890042220763988,
        1.991800227810018,
        2.013925368810176,
        2.2397998041817244,
        1.8698619156640937,
        1.619747236130813,
        1.7574943423891967,
        1.7557412085844895,
        1.507960788639877,
        2.4539373931577817,
        1.8903563201071498,
        2.449038230030079,
        1.3435722502602174,
        2.112654454266214,
        2.1609400448909737,
        1.391564798113606,
        1.587349422650524,
        1.5486974452072653,
        1.3328620966727596,
        1.8920036846662363,
        1.5170775511478234,
        2.2877528043517206,
        1.7170564578930374,
        1.217223334376932,
        2.241997614748622,
        2.2552878692223772,
        1.9871701478096249,
        1.9425769659989087,
        2.3049171409983256,
        1.7469904565982133,
        1.6985731644582658,
        2.085944521092875,
        1.556897564979144,
        1.5937279264820177,
        1.7688203284407877,
        1.3854134428063594,
        2.40279383065284,
        2.3031936403948836,
        2.3992343283502633,
        1.303417337120187,
        1.5168315840778483,
        2.3205452675493135,
        2.638482993819482,
        2.1572542787537503,
        2.1457432916815895,
        1.9552029829894473,
        2.1568661828289972,
        2.0021242199183793,
        3.254226527872267,
        2.908290652851755,
        1.622075575079799,
        1.605853195189102,
        1.5684899223825597,
        1.397917524150253,
        1.4251257546691471,
        1.6058478362932884,
        2.2237557356824444,
        1.7394472831969732
    ],
    "final_wait_ticket": 7.02342335849789,
    "final_std_ticket": 0.6204742749385207,
    "final_w_ticket": 0.16163814580845356,
    "final_delay_arcades": 1.9273447903070586,
    "final_std_arcades": 0.44423438918458097,
    "final_w_arcades": 0.11572634978180422,
    "final_income": 3328.3432848034117,
    "final_std_income": 100.0651950080821,
    "final_w_income": 26.06772469764414,
    "final_wait_system": 21.90874969573461,
    "final_std_system": 0.754130418552268,
    "final_w_system": 0.19645656149825008,