{
    "seed": 1757116804,
    "n_nodes": 3,
    "lambda": 0.1,
    "b": 1024,
    "k": 64,
    "avg_wait_ticket": [
        8.395130847111254,
        7.964384335227992,
        8.583937984487884,
        8.226597953882697,
        7.72547223845647,
        8.790356151830592,
        8.37349282377681,
        8.286906442678626,
        8.31025077647774,
        7.395199481158497,
        7.981214540573015,
        7.982398842339316,
        8.249456698909603,
        8.32567755850157,
        8.588587376483973,
        8.656869936633656,
        8.33727563595024,
        8.764484723450938,
        7.942212806965923,
        7.816076203884552,
        9.121785149465252,
        8.39621442487356,
        8.005347931099937,
        7.729098450833374,
        9.036238707006019,
        8.45497432365863,
        8.978183825518132,
        8.077812312383966,
        8.279604768533282,
        8.74154320911662,
        8.171412142291599,
        8.2540255347588,
        9.42930304599289,
        8.296898827758197,
        7.429877054681836,
        7.884148076799932,
        8.254938177448253,
        8.642812571151508,
        8.836163347601683,
        7.897860789483201,
        7.989537326051865,
        7.396296441686152,
        7.412725016097174,
        7.462046320131776,
        7.9579583638266636,
        8.228680025643548,
        8.42222380008922,
        7.805165074209999,
        8.495863781108497,
        7.854026165303866,
        8.143819614572022,
        7.592161361468257,
        7.68255543829259,
        7.895184874729109,
        8.703952347629627,
        8.802890414100682,
        7.6576826837611485,
        7.66906336906725,
        7.597077773328443,
        7.488258740924361,
        8.338577800557616,
        8.689042836778087,
        7.552458548426129,
        7.555229836989215
    ],
    "avg_delay_arcades": [
        7.674262533553132,
        6.453503372519312,
        8.1965602310327,
        7.38219902293103,
        6.002270594161945,
        9.417129922082582,
        6.386316178884402,
        6.243786868717707,
        7.627380548648584,
        6.3319215635237285,
        7.028435700393106,
        6.851406855564821,
        7.577642960057299,
        7.109689629182969,
        6.855141492869843,
        6.642787127846866,
        7.341250097972818,
        8.623629225950458,
        6.783782509305394,
        6.447169719023489,
        10.96807142168465,
        8.056151512447657,
        6.728397065230575,
        7.398296839835349,
        7.223071125757701,
        6.3575477743127,
        8.289240731484368,
        7.812436026329652,
        7.7994563946016555,
        8.243552360158402,
        6.136999926471199,
        7.870110902676511,
        6.903306889198774,
        8.561999058141419,
        7.337116933782592,
        7.0630584795272595,
        7.1997446265055975,
        6.888016797784775,
        6.810167871731271,
        6.470838218388132,
        7.240185337953384,
        9.32761480802724,
        8.66270070662481,
        6.267643650526591,
        8.28226047065186,
        6.674363812080919,
        8.045826071184964,
        6.3513020787538,
        7.14899570076463,
        7.8774104589789715,
        7.563644127756507,
        7.1012657884579085,
        6.369890297200933,
        6.852816328512794,
        7.925480017935207,
        8.60122902671841,
        8.17798409397894,
        7.503695687305911,
        8.157890750873497,
        8.00641402959964,
        8.409697669219709,
        6.740215479893023,
        6.694970340698099,
        6.248000256668779
    ],
    "final_wait_ticket": 8.163944214388357,
    "final_std_ticket": 0.4902262936433426,
    "final_w_ticket": 0.12770758165423016,
    "final_delay_arcades": 7.39364698234338,
    "final_std_arcades": 0.9492236358124733,
    "final_w_arcades": 0.24727979006944256,
    "correlation_delay_arcades": [
        -0.09276383085127785,
        0.4696139844990272
    ]
}