{
    "seed": 987654321,
    "n_nodes": 3,
    "lambda": 0.1,
    "b": 1024,
    "k": 64,
    "avg_wait_ticket": [
        7.483310342919588,
        8.010561339133176,
        7.507769206590189,
        8.58421589194115,
        7.911539093069794,
        7.695384997436262,
        7.704450969298235,
        8.334226752333915,
        8.242393337338145,
        7.483959690258268,
        8.386010293646835,
        7.5326570172331,
        7.358675464003369,
        8.202924046401286,
        8.62876466845727,
        7.934711652641624,
        7.435116096759478,
        8.33900847101126,
        8.428546436294562,
        8.206597328765922,
        8.586537465123364,
        7.600404887906649,
        7.8055892882989,
        8.596846240833518,
        7.716846411617946,
        7.765432152035115,
        8.38942426028588,
        9.13041237711925,
        8.438376344605288,
        7.845547616038037,
        8.429048374949307,
        7.894474697778697,
        8.062756658013628,
        8.857291107999767,
        8.080395275287131,
        8.050504426936321,
        7.83834596757786,
        9.024005017766282,
        8.01853966205864,
        7.420944082512442,
        7.654093912501225,
        8.161332472884279,
        8.315520437680883,
        8.156276522733863,
        7.8403096070206635,
        7.767138788566421,
        7.706422171467287,
        7.970805794120149,
        8.083502316034195,
        7.928496082544792,
        8.51458206674175,
        7.665040606812848,
        7.655260777083153,
        8.665208384901248,
        9.129449169030318,
        7.706601023427888,
        7.945119198981266,
        7.786772961839941,
        7.692487120457266,
        8.272589688813953,
        8.202595188574438,
        8.162884843030833,
        8.22775031131582,
        8.346571939208417
    ],
    "avg_delay_arcades": [
        6.889431060819855,
        7.068476759428644,
        6.481412464611361,
        6.337423554360952,
        7.049762599261057,
        6.1084466740543135,
        6.591342797964355,
        6.932246982897309,
        8.834424637406206,
        6.604472064774285,
        8.180861384567175,
        5.901009451125399,
        8.133732124960465,
        7.194315122498675,
        7.872366201291963,
        5.517743208574335,
        7.463111357446468,
        8.05615065073424,
        7.228052140240507,
        6.264632402377281,
        6.521300639234035,
        7.086845821721952,
        6.49907962673728,
        7.398034396592237,
        7.158570541550756,
        6.542169987545649,
        7.548112171432531,
        6.649777487257002,
        6.191144733032068,
        6.305417273144003,
        7.710043354947459,
        8.511000972594653,
        7.075896237770771,
        5.6770284992999605,
        6.163883767836303,
        6.452233723964394,
        6.472248822854564,
        7.084455957311195,
        7.82527098037793,
        6.795017360191451,
        7.580485899550452,
        7.256477297286664,
        7.247171752011148,
        6.601044353785987,
        5.896299975619404,
        6.750521780879514,
        6.8475564865136604,
        7.113764098169987,
        7.7457888699546045,
        7.126832966665925,
        8.103889387266397,
        7.465589428319238,
        6.906905961810625,
        6.794892155091496,
        7.920529726894617,
        5.974721224018235,
        6.103796558957442,
        7.399727176197852,
        8.564297269732302,
        7.326352826622094,
        7.724857915441729,
        6.738445734628712,
        9.19720794169707,
        6.348488389046285
    ],
    "final_wait_ticket": 8.08222500025777,
    "final_std_ticket": 0.4185594545632048,
    "final_w_ticket": 0.1090378390834941,
    "final_delay_arcades": 7.072264122195528,
    "final_std_arcades": 0.7944093135431501,
    "final_w_arcades": 0.20694951207574938,
    "correlation_delay_arcades": [
        -0.041132660547793104,
        0.7489091150020528
    ]
}