{
    "seed": 539458255,
    "n_nodes": 12,
    "lambda": 0.06666666666666667,
    "b": 32,
    "k": 64,
    "income": [
        315.1234348464168,
        318.54659758494336,
        384.67962748455466,
        335.0543938974713,
        297.4960875807604,
        326.48391484178967,
        354.2205791789893,
        359.50846597747295,
        331.1757037911423,
        357.2115615956485,
        360.72903523196146,
        296.519409310662,
        386.25,
        359.7623266102397,
        356.36443183252896,
        333.4367805189977,
        326.4374710624181,
        305.65783287753584,
        287.21868257314054,
        357.02776975899906,
        358.41011711360625,
        344.4308399949077,
        299.7186743380258,
        344.50270591348914,
        294.1580821238283,
        343.44885918915196,
        321.6585183601865,
        381.0910189043323,
        305.4561042918649,
        287.96578113262274,
        377.11014082121255,
        368.37459175231635,
        355.6807040337226,
        386.25,
        344.7806557793253,
        355.0809916385949,
        310.4160263312151,
        355.54766083524254,
        372.3991110591887,
        307.5968101478259,
        319.54941992192084,
        340.32419430730806,
        347.1070409831106,
        302.9243636813495,
        290.39687182228226,
        374.59681193126016,
        280.5119674644028,
        258.4062487663663,
        276.6380028525746,
        297.92476880536316,
        371.58473142964067,
        343.2623679394601,
        386.25,
        386.25,
        271.73700430674944,
        346.7762925426505,
        255.01530820319604,
        367.665349895348,
        365.97481700245214,
        366.7797956065624,
        344.4873820553863,
        326.5703103678437,
        371.79226759512676,
        333.2877695334755
    ],
    "avg_wait_system": [
        20.365587791723044,
        19.381014856840125,
        19.926887119915023,
        22.649091107129777,
        23.918034033404467,
        22.950590611887094,
        20.331243914299364,
        20.618419790332723,
        23.314489036023645,
        18.30719401679164,
        22.122930369915252,
        22.526785418436816,
        20.193356072494794,
        20.393009798178014,
        19.865602171299884,
        26.40445711682628,
        19.35914845553725,
        22.31023053861611,
        22.12712816158637,
        19.002933411983804,
        20.688665888782793,
        22.02964450959189,
        19.93406133306678,
        20.949701067342744,
        20.44543597680274,
        20.88657159233105,
        20.198531912309363,
        19.648512519778933,
        19.34396408024338,
        22.79803386975732,
        20.035113414922762,
        24.308057222806383,
        20.756387397993308,
        18.75688405401729,
        21.62216150576444,
        22.231961157706678,
        20.061334079261997,
        21.416589214354985,
        22.248892404788194,
        21.0334436164228,
        22.844777684841574,
        22.5852435366304,
        22.16490519279455,
        20.905576516903466,
        20.66536377851253,
        17.445931543543338,
        23.99177040919426,
        21.074977506770665,
        20.99955011227894,
        25.680757648967756,
        18.861640917491968,
        21.194125260840792,
        18.990477814194264,
        21.95583727326607,
        20.363506972266578,
        20.188101124202603,
        23.140468167725203,
        19.276561836845303,
        20.671414016624567,
        19.174702294721783,
        22.54712667618469,
        21.849232640562605,
        20.551235088367548,
        19.731866365767246
    ],
    "avg_wait_ticket": [
        4.360835124720575,
        5.561551288472401,
        6.578615662559135,
        8.109452877198237,
        8.997097710039304,
        7.314431483332191,
        7.140237299288201,
        6.970660434277464,
        8.643821710316978,
        4.938273823764792,
        6.566765649779457,
        6.942805894330377,
        5.860345982022284,
        6.253787609752035,
        6.414879924990601,
        10.689892838525514,
        4.766517358349609,
        7.320242254931145,
        8.449099394671649,
        5.401218886088687,
        7.881351204470303,
        7.693886756689328,
        4.568322425862355,
        6.249083064024254,
        6.806849849005529,
        7.871778549538166,
        7.090819237912608,
        5.733080271806102,
        5.815932891320154,
        6.438568250783127,
        6.040641372147897,
        8.451266539070568,
        6.1116366327595255,
        6.638638094983587,
        6.6773915543300975,
        6.969688401323895,
        5.2587300264828585,
        6.592336728777119,
        7.528934439554746,
        6.606622046401613,
        7.947227751799194,
        8.700689442114058,
        7.487265625355856,
        5.436262224348236,
        5.4185977684762925,
        5.277747993417613,
        9.181425768663454,
        5.501326973892995,
        5.30141825249383,
        11.807475939105498,
        5.932923561129428,
        6.0026110117295115,
        5.443172416446032,
        7.821302409395716,
        5.449665756827744,
        6.407578002691735,
        6.940547523674091,
        5.840531677639285,
        6.541723161992559,
        4.526707671240096,
        7.506380729265873,
        6.59280624492385,
        6.673031143297312,
        4.153622211370223
    ],
    "avg_delay_arcades": [
        0.7409017203498252,
        0.7052437751568403,
        0.016358047035888983,
        0.5332875635680075,
        0.9245199210337458,
        0.6225633870646908,
        0.33363980021886164,
        0.2785576460679901,
        0.5736905855089339,
        0.3024837333786612,
        0.26584338300040145,
        0.9346936530139374,
        0.0,
        0.2759132644766699,
        0.31130800174448975,
        0.5501377029271074,
        0.6230471764331447,
        0.8395017408590016,
        1.0315762231964527,
        0.3043982316770932,
        0.28999878006660157,
        0.4356162500530445,
        0.9013679756455648,
        0.4348676467344881,
        0.9592908112101214,
        0.4458452167796672,
        0.672827933748057,
        0.053739386413205165,
        0.841603080293074,
        1.0237939465351802,
        0.09520686644570257,
        0.18620216924670482,
        0.31843016631538984,
        0.0,
        0.43197233563202847,
        0.324677170431303,
        0.7899372257165093,
        0.31981603296622374,
        0.14428009313345078,
        0.8193040609601465,
        0.6947977091466581,
        0.47839380929887443,
        0.40773915642593134,
        0.8679753783192762,
        0.9984700851845597,
        0.12138737571603997,
        1.1014378389124706,
        1.3317057420170182,
        1.1417916369523482,
        0.9200544916108003,
        0.15276321427457637,
        0.4477878339639574,
        0.0,
        0.0,
        1.1928437051380267,
        0.4111844526807242,
        1.3670280395500412,
        0.19359010525679174,
        0.2111998228911236,
        0.2028146290983083,
        0.43502727025639215,
        0.6216634336682949,
        0.15060137921742958,
        0.5516899006929634
    ],
    "final_wait_ticket": 6.7264612975499105,
    "final_std_ticket": 1.4326863207281375,
    "final_w_ticket": 0.373225401537521,
    "final_delay_arcades": 0.5277099768200044,
    "final_std_arcades": 0.3627857612829456,
    "final_w_arcades": 0.09450837874832749,
    "final_income": 335.58984222527954,
    "final_std_income": 34.82743308316278,
    "final_w_income": 9.072804359839438,
    "final_wait_system": 21.1665775019193,
    "final_std_system": 1.739906687412978,
    "final_w_system": 0.4532585833006992,