{
    "seed": 725267564,
    "n_nodes": 5,
    "lambda": 0.07142857142857142,
    "b": 256,
    "k": 64,
    "income": [
        2908.911216558234,
        3097.5300827500814,
        2991.2461522109506,
        3028.3386833526893,
        2995.025767548481,
        2989.9435493898814,
        2850.784276855542,
        2834.7357488066145,
        2878.2174610543366,
        2854.3050387772564,
        2952.437111778265,
        2998.1224643717333,
        2958.748264749215,
        2972.8382356742304,
        3023.831537640146,
        2850.2391990510905,
        2993.8166105876435,
        3085.890680160423,
        3041.82717779188,
        2967.5319435059732,
        3001.194892468434,
        2895.1394728763885,
        3039.6275000709184,
        3018.5828310563147,
        2946.232320195134,
        2990.484333284111,
        3072.559784844453,
        3112.6531493817906,
        3106.7746689262444,
        3116.6124584346417,
        2986.0649948523865,
        3032.91660774096,
        3164.5200675840533,
        2909.9650060387003,
        3015.017305401834,
        3136.7328313719454,
        2880.472426017218,
        2831.523933878493,
        3012.904640600006,
        3055.666823816721,
        2954.9663169840096,
        2935.1268076885463,
        3088.2679267286157,
        2981.3154692010376,
        3028.987379022098,
        3046.940730572216,
        2943.600844686832,
        3031.671846832097,
        2895.415559856368,
        3008.431331635905,
        2918.6407063893266,
        3029.1465725423914,
        2917.4263262163536,
        3059.7734287315616,
        2952.4321164965922,
        2908.3531628511714,
        2898.4235297120285,
        3070.836521594706,
        3227.29646023402,
        3011.044238480812,
        3124.7054721859986,
        2825.1448571253895,
        3110.026356513378,
        3049.0085570113015
    ],
    "avg_wait_system": [
        21.59832614164097,
        21.16888426601915,
        21.51595972062156,
        22.395279299026306,
        22.669883590284563,
        21.827149521784094,
        21.784100578136588,
        22.1698527257589,
        21.75298556719673,
        23.848612143772357,
        22.716619554336717,
        20.716832423843954,
        21.55096834677954,
        23.256123098474177,
        20.489136455949705,
        22.528802799378383,
        22.334005450566593,
        21.14319955999366,
        21.520808312254758,
        22.267177570943034,
        22.006380029974537,
        21.055315638897753,
        21.650691242348614,
        21.793679793067156,
        22.567612932385146,
        21.07154735305653,
        20.763869017482477,
        22.38586259146257,
        21.96662116067887,
        22.504092638178122,
        21.417172937475016,
        21.51479284160814,
        21.283778855008848,
        21.946449411709466,
        20.670048885679364,
        21.815132074942255,
        22.614554967030926,
        23.21614351955327,
        21.486497501856775,
        22.08555577894549,
        21.33133569440713,
        20.649023491201888,
        22.317212467679383,
        22.447492283490533,
        22.27035485261672,
        22.189253022360845,
        21.785439412072378,
        21.179060036469878,
        21.451535644197634,
        21.84872234531886,
        22.696265841368813,
        22.526083266414958,
        21.86186291195304,
        21.990971103518973,
        22.868630673800112,
        22.38345466859323,
        21.67063300826885,
        20.932508826940307,
        21.605572668719788,
        22.482006999759847,
        22.622592072416296,
        23.624610344760413,
        20.95523365164786,
        22.683771466611006
    ],
    "avg_delay_ticket": [
        1.1681795690379606,
        1.8918927929741358,
        1.3136843768722126,
        2.3584303338433634,
        2.2119187516285668,
        2.0441485930073378,
        1.219363069954474,
        1.3588660796995282,
        1.2022306477720783,
        2.396980059443151,
        1.570978991848895,
        1.3783171495679245,
        1.397238448794008,
        2.323515019630161,
        0.8763555447905009,
        1.4104308511943764,
        2.2712417812506174,
        1.4960308890227048,
        1.844675203892799,
        1.8307178811756473,
        1.7298690611866072,
        1.1023144098861795,
        1.4691257460896776,
        1.9945646500157757,
        2.1638001060298113,
        1.457978548138708,
        1.4528365331161694,
        2.4610928090521624,
        1.3770641840443936,
        2.648139696868124,
        1.3060203187080193,
        2.229568366048268,
        2.0240415625038706,
        1.5617713731553522,
        1.433728994739275,
        1.663873518876881,
        2.038361648586724,
        2.4873818775253205,
        1.3904197696027825,
        2.0201791910397575,
        1.3772431205444198,
        1.219487674510534,
        2.568894847607047,
        1.823120824288428,
        2.308995199356072,
        1.5048278494602683,
        1.977603968851429,
        1.7153959023756518,
        1.5481139925288576,
        1.9719305801005482,
        1.8630506471323043,
        1.8429930737830171,
        1.828547774550036,
        1.9151366829041216,
        1.976230144687888,
        1.8543278340062854,
        1.8060915290327568,
        1.4850273194848702,
        1.8498037861531655,
        3.043905729650413,
        2.5977532534978187,
        2.165818671123326,
        1.3844061002773693,
        2.0362353421491948
    ],
    "avg_delay_arcades": [
        2.01376429096377,
        1.1780508820131774,
        1.9359591374902319,
        1.9309338858802625,
        2.281648249176495,
        1.8396434283055811,
        2.4866991408396175,
        2.4845935959511567,
        2.0620038538285517,
        2.9687324821703798,
        2.2844783476426085,
        1.7140190735415406,
        2.112478491295837,
        2.1551795510501943,
        1.729028859542547,
        2.622475054824661,
        1.9674549946925932,
        1.3387480783600751,
        1.556447774794357,
        2.1525483115676662,
        1.864995100898176,
        1.718001571192697,
        1.4594658951070794,
        1.8628018436532003,
        2.1919019083821896,
        1.5666484923147677,
        1.6635598413390227,
        1.8128508691019896,
        2.0120057029883567,
        1.6716648346765886,
        2.1261471206390787,
        1.3641284562641316,
        0.951403100935021,
        2.1878760524011134,
        1.3909714414403824,
        1.5507976479118069,
        2.4872701882769013,
        2.8000722734088876,
        1.51503497523276,
        1.7351596451398226,
        2.0672514909730557,
        1.501260604110498,
        1.826803747589191,
        2.426124513319002,
        2.2396634196741205,
        1.9589954234138436,
        1.716966228965407,
        1.557201166728404,
        1.7782423447325955,
        1.8408230978536362,
        2.2138074310612037,
        2.2672614545785263,
        1.7507607412221748,
        1.4810906485428776,
        2.2282593217691424,
        2.446509760915567,
        2.1452557039166322,
        1.4624188938334044,
        1.473748344231969,
        1.7937954785455816,
        1.5709943431422826,
        2.7487712734333662,
        1.3487564965520478,
        2.1690057102367484
    ],
    "final_delay_ticket": 1.8085013862657082,
    "final_std_ticket": 0.44195527177589905,
    "final_w_ticket": 0.11513262281051986,
    "final_delay_arcades": 1.928378398137152,
    "final_std_arcades": 0.4143962667456029,
    "final_w_arcades": 0.10795329781132583,
    "final_income": 2993.1820605979365,
    "final_std_income": 89.24742640854345,
    "final_w_income": 23.24961582699419,
    "final_wait_system": 21.946094727089722,
    "final_std_system": 0.7402658474249827,
    "final_w_system": 0.19284473799490523,