{
    "seed": 258621233,
    "n_nodes": 3,
    "lambda": 0.1,
    "b": 8192,
    "k": 64,
    "avg_wait_ticket": [
        8.030791107949357,
        8.2565813302941,
        8.325838483516423,
        8.258935189086682,
        8.196109532784902,
        8.217300150833033,
        8.195427993562543,
        8.191195090341392,
        8.17554244580105,
        8.174060212299793,
        8.17586174272736,
        8.165140429325527,
        8.1630522899178,
        8.175332662447929,
        8.181062939058217,
        8.170231572234995,
        8.169438952624025,
        8.160594490452151,
        8.154130159361241,
        8.138717559535326,
        8.138220998997122,
        8.13883224813288,
        8.14228417984668,
        8.138583184764624,
        8.13654320794116,
        8.145271680992392,
        8.148498422412873,
        8.164919659821551,
        8.171280124087808,
        8.175505449515773,
        8.173598642277984,
        8.175663197685864,
        8.175806767030057,
        8.17660671240458,
        8.180770446980048,
        8.181752085393713,
        8.187641020588698,
        8.189426663804802,
        8.18734166996423,
        8.18735937305965,
        8.188177851892581,
        8.190016707584022,
        8.191062133928579,
        8.189883259444406,
        8.185325219963914,
        8.183643212163444,
        8.186518521204574,
        8.187652226646144,
        8.185987257227868,
        8.187595165867991,
        8.189096790255158,
        8.185809988402173,
        8.187203328455666,
        8.185020344384874,
        8.18354604343024,
        8.17884168293146,
        8.178973930920513,
        8.177139517533021,
        8.177745398604229,
        8.177729437163636,
        8.178040964153835,
        8.180221260622712,
        8.186232921336398,
        8.188895335725814
    ],
    "std_ticket": [
        0.3107067342801475,
        0.08772766030959749,
        0.04005350575429962,
        0.020238295916658038,
        0.015833594691666626,
        0.015903099298028776,
        0.02185090188311938,
        0.009418905089914345,
        0.011788709036152378,
        0.00747855036372138,
        0.00617050980290405,
        0.0045588032101139585,
        0.0042766963432413685,
        0.012293718105449717,
        0.004132509816605617,
        0.006515654545121557,
        0.006650737147975624,
        0.0038690706359512674,
        0.0035527965281204857,
        0.003132208520384383,
        0.0027785979197182857,
        0.0021088491147035664,
        0.0015961489910653564,
        0.0026635604946344846,
        0.0012387026507123136,
        0.003962056341101918,
        0.0029332465007391125,
        0.004590105966322162,
        0.0017527273361633761,
        0.0015845352667241026,
        0.0020301710649162337,
        0.0020153740697858623,
        0.0021282306368825667,
        0.0021982833330700135,
        0.0010901376265341337,
        0.0013196947368097687,
        0.003423671945060429,
        0.002599452094451559,
        0.0010140715242266804,
        0.0008351376548041303,
        0.0012471118329557196,
        0.0016044846572856708,
        0.0007911441661408941,
        0.0016471912713231045,
        0.0010006697052827457,
        0.0013388488327013368,
        0.0010852211279951088,
        0.0006750576141871952,
        0.0013981565138368908,
        0.0008024416577374793,
        0.001232717660175828,
        0.0018087308905498601,
        0.0019390473339605983,
        0.0007413994062177321,
        0.0013472293519739941,
        0.0012194345705265652,
        0.0012892348998955676,
        0.0009125994701181495,
        0.0006752590833041165,
        0.0012374451823007465,
        0.0010037266938593057,
        0.002749243341647305,
        0.0007919503069969842,
        0.0009386707936452652
    ],
    "w_ticket": [
        0.006729680926886343,
        0.001900117046750423,
        0.000867529679889739,
        0.00043834670767133624,
        0.0003429440962952635,
        0.00034444951530347966,
        0.0004732745750708663,
        0.00020400660475738944,
        0.0002553348273477585,
        0.0001619799386070481,
        0.00013364873544172119,
        9.874034781901536e-05,
        9.263011913107076e-05,
        0.00026627295493430336,
        8.950714427678352e-05,
        0.00014112431846729538,
        0.00014405010898190177,
        8.380124403760285e-05,
        7.695097786597323e-05,
        6.784134881240164e-05,
        6.018240147622379e-05,
        4.567613153857711e-05,
        3.457142133249134e-05,
        5.769077487128979e-05,
        2.6829394676286692e-05,
        8.581524649517813e-05,
        6.3531976787094e-05,
        9.941834265521154e-05,
        3.796279392378988e-05,
        3.431987654582772e-05,
        4.397202244597848e-05,
        4.365153033905714e-05,
        4.6095921152871216e-05,
        4.761321138638304e-05,
        2.3611584763248747e-05,
        2.858362410520965e-05,
        7.415423370841687e-05,
        5.6302233747571386e-05,
        2.1964048545319527e-05,
        1.8088471625441202e-05,
        2.70115314216819e-05,
        3.4751965774521885e-05,
        1.7135604793474732e-05,
        3.5676959842016024e-05,
        2.1673774935571297e-05,
        2.8998487832228246e-05,
        2.350509699586322e-05,
        1.4621254866812316e-05,
        3.028304888778595e-05,
        1.738030020986261e-05,
        2.6699764152653863e-05,
        3.9175790007269506e-05,
        4.19983489894967e-05,
        1.6058169626699098e-05,
        2.9180003758612235e-05,
        2.6412062132709338e-05,
        2.7923886285260297e-05,
        1.976623796767544e-05,
        1.462561854073346e-05,
        2.6802158828936648e-05,
        2.1739987075340487e-05,
        5.954660275554668e-05,
        1.7153065215619048e-05,
        2.03309237929943e-05
    ],
    "avg_delay_arcades": [
        7.340432184854334,
        7.467077744043787,
        7.50739118414164,
        7.299891324455973,
        7.288771543085528,
        7.257135162595927,
        7.278240159715581,
        7.375552655907637,
        7.415299501870541,
        7.373803242171694,
        7.376075641167886,
        7.388494435022192,
        7.399871886782379,
        7.387752569924738,
        7.374911738210219,
        7.354928405918796,
        7.358468899815633,
        7.334247807917673,
        7.338966212210227,
        7.325415646391304,
        7.322653424870835,
        7.329505998966056,
        7.333364393751445,
        7.360726026332147,
        7.350783055648672,
        7.345038854859654,
        7.3569653268390915,
        7.380366978196561,
        7.40147404918331,
        7.408151666617521,
        7.409755363786531,
        7.4239727414877486,
        7.418174833742535,
        7.411778249473339,
        7.408724101878385,
        7.412993150085043,
        7.416544330924798,
        7.413735017598446,
        7.4223812131545746,
        7.421930593600905,
        7.4360451916367625,
        7.432622337852607,
        7.431835682532493,
        7.418916933084861,
        7.407428807212098,
        7.406034599976264,
        7.401329865215536,
        7.392568092333906,
        7.387714954014547,
        7.381342402655717,
        7.381785905543653,
        7.379848770220383,
        7.371683471755817,
        7.364982985916598,
        7.368105922190514,
        7.366827986061092,
        7.3718745535436,
        7.36316939007938,
        7.361105489976287,
        7.358266113121789,
        7.355674313924415,
        7.359686217351334,
        7.362646737981316,
        7.3601490861283025
    ],