{
    "seed": 482548808,
    "n_nodes": 19,
    "lambda": 0.07142857142857142,
    "b": 256,
    "k": 64,
    "income": [
        1257.0082295473806,
        1518.0829639758836,
        1273.568251699654,
        1285.790846520034,
        1425.4025643758634,
        1394.8042825304624,
        1340.2152587040737,
        1282.4673579392913,
        1282.041449891597,
        1080.0936558902577,
        1090.5378880250614,
        1289.6987028825722,
        1192.3628810721489,
        1366.2484599502204,
        926.4709557359993,
        1226.8658217301688,
        1393.318489753355,
        1477.8791774365768,
        1336.7999977099194,
        1661.072409352645,
        1225.28714671033,
        1314.1440657154783,
        1157.336438564882,
        1216.4830338667477,
        1066.9113540073795,
        1054.953089862045,
        1068.9456824200463,
        1229.9137990353918,
        1117.3911782243408,
        1266.394388733941,
        1282.283105122732,
        1250.5217132484624,
        1352.2846321227894,
        1377.5945102793046,
        1374.5154005708052,
        895.5231878907875,
        1178.5057198832767,
        1002.223324522336,
        1449.3231236468866,
        1246.4704338550207,
        1361.100310357233,
        1332.339201737287,
        1343.72117357269,
        1284.0910374939135,
        1132.125853582542,
        1464.8144462745804,
        1333.9330934800928,
        1512.5531640804152,
        1234.4228403793236,
        1103.2224813957723,
        1210.4706465071908,
        1204.3687711041264,
        1382.5846286179278,
        1489.9413407989236,
        1441.092303602559,
        1259.2432535316525,
        1615.5068182879018,
        1278.1029387195133,
        1204.5513389431082,
        1281.2957585497754,
        1474.3096627387736,
        1236.316932383414,
        1216.625726045546,
        1294.436687913018
    ],
    "avg_wait_system": [
        20.206724885705796,
        20.70514435382321,
        20.868455004824387,
        19.70806173906133,
        20.23852153090676,
        19.74738163965175,
        20.02502605444468,
        20.456336341812218,
        20.945537510088243,
        19.679033677822417,
        19.9610089366779,
        20.980390064890884,
        19.655877959248613,
        21.491309631426674,
        19.69321091414946,
        20.117677854591108,
        19.882950083448122,
        20.446615908834218,
        20.742587521621772,
        20.760243116910488,
        19.773967925222507,
        19.54466143534728,
        20.296797270976924,
        19.48382641173663,
        19.845429718945297,
        21.366640451430385,
        19.589736598714353,
        19.482920498424107,
        19.246115332198144,
        19.51350933704316,
        20.30279764264975,
        19.384607677782526,
        20.353638737534425,
        19.58601361116382,
        20.94510643956238,
        20.074006732257487,
        19.46339900885573,
        19.435124400372843,
        20.040328163984782,
        20.47661362973463,
        20.25894516071662,
        20.55277372295877,
        20.767079792008417,
        19.75251573235846,
        20.283726646615378,
        19.875247237510393,
        20.204010653055207,
        21.031646872268084,
        19.789904359509592,
        20.409871247598858,
        20.55483180000772,
        20.300426909275984,
        21.07353745242858,
        20.782992819054698,
        19.885196945922758,
        21.29548299089845,
        20.492900999420954,
        20.354303711438433,
        20.96437630606988,
        21.057621129328822,
        20.53389798988485,
        19.95695768446194,
        19.548392631980164,
        19.82356346818915
    ],
    "avg_wait_ticket": [
        6.86742847981809,
        7.404113911797663,
        7.431604150710513,
        7.298447111839045,
        6.562760403342167,
        5.8863858141521455,
        6.117116663198159,
        6.919603952523411,
        7.353223673391225,
        6.318822207883033,
        6.640036056316207,
        7.108726646966311,
        6.8331874182945604,
        7.673706822857707,
        6.323791434381281,
        7.171828026020084,
        6.698927556142553,
        6.55612306254312,
        7.456478228958271,
        7.435976300573807,
        6.45525199920002,
        6.031210829603346,
        6.842400648391443,
        6.54240681158944,
        7.229065664687225,
        7.815820908517211,
        6.290141814699346,
        6.170346626551984,
        6.234091213584925,
        5.856982254956174,
        7.3636861927038595,
        6.228274752933772,
        6.625378871664578,
        6.745192841675518,
        7.4575771335517915,
        5.803025782435144,
        6.06846564572849,
        6.020247849841908,
        7.007771544110488,
        6.706893610447462,
        7.01557908361276,
        7.37322340899556,
        7.327743316018165,
        6.295860253546273,
        6.880194990058017,
        6.422711111204102,
        6.858127550852889,
        6.981856101241956,
        6.526020559590002,
        6.983379216373141,
        6.8838376685129425,
        7.207193899479267,
        7.459669443784023,
        7.746162570174899,
        6.67644266501065,
        7.578668354665692,
        7.77477844553277,
        7.129168641472015,
        7.131571193585208,
        7.7516195890951645,
        7.298724098273407,
        6.288918925363734,
        6.266626721688172,
        6.322697651823617
    ],
    "avg_delay_arcades": [
        0.462878342241836,
        0.27837727308252036,
        0.37775346437305335,
        0.2797760025244624,
        0.839499048064638,
        0.4330185778783823,
        0.2400100680811746,
        0.3527913559468557,
        0.17053941263347527,
        0.10591105463181767,
        0.35829732152908195,
        0.4172516813803399,
        0.1716282959527147,
        0.7020969216039085,
        0.22413250015892372,
        0.2583007877487068,
        0.36134825037750945,
        0.24860231841051797,
        0.4436874500667064,
        0.34525346258133477,
        0.19961232756072333,
        0.3887921947539043,
        0.7013554782315483,
        0.23780865041528468,
        0.3115963802062525,
        0.24259039120266737,
        0.1755175922543624,
        0.26382512604736263,
        0.22246243766314075,
        0.2751893076931802,
        0.42916411346131084,
        0.24344371119888303,
        0.4360539231746684,
        0.4471804799510604,
        0.25805142039660606,
        0.7661727019611392,
        0.6108712678439647,
        0.5980793725086339,
        0.28276108907037983,
        0.38095552624554807,
        0.30489895380557913,
        0.20063224895700957,
        0.5619626496884689,
        0.31856203105008235,
        0.4013389813393669,
        0.2768028317591341,
        0.3961951277280607,
        0.6160530753980334,
        0.3222999560340669,
        0.30477005225228304,
        0.36300323648796057,
        0.4483525446452744,
        0.33872694816603727,
        0.49041346271520253,
        0.34390285631770784,
        0.4740243593739628,
        0.3469759227225626,
        0.27301331805053913,
        0.6354461041945504,
        0.5790730106894956,
        0.27425812502012464,
        0.1310658132005921,
        0.44981621582763603,
        0.34582474563560917
    ],
    "final_wait_ticket": 6.812195045406212,
    "final_std_ticket": 0.5467625001132194,
    "final_w_ticket": 0.14243568232486675,
    "final_delay_arcades": 0.372354409499101,
    "final_std_arcades": 0.1600310393872536,
    "final_w_arcades": 0.041689271454353694,
    "final_income": 1276.407584856008,
    "final_std_income": 151.40747896360236,
    "final_w_income": 39.4427700707399,
    "final_wait_system": 20.209652567223742,
    "final_std_system": 0.5663169749122496,
    "final_w_system": 0.14752976789205094,