{
    "seed": 987654321,
    "n_nodes": 19,
    "lambda": 0.07142857142857142,
    "b": 256,
    "k": 64,
    "income": [
        995.7339908922428,
        891.4098267941798,
        920.8647951547377,
        858.4210585331335,
        857.9435422269999,
        758.4771126982398,
        833.1187629642977,
        787.4538910370635,
        898.7839290743161,
        791.8920024769532,
        881.9631635756385,
        976.3493521821551,
        819.4684443926931,
        803.5912551823681,
        903.4724370614897,
        888.9603836759262,
        927.4696970369449,
        889.9704552992494,
        905.1263692848843,
        804.1839688059639,
        955.7797601558918,
        883.2783521822278,
        928.2635747627744,
        824.6818458005738,
        900.3869265518026,
        843.8358539254534,
        818.7503989120266,
        914.5606800632112,
        728.2326123706548,
        793.2377197336252,
        798.0522574038886,
        862.1733055271367,
        901.8212548073847,
        838.9941390080114,
        816.6092185272881,
        852.6190474734153,
        918.4975687091181,
        914.0606142287816,
        901.259569743085,
        705.413384860219,
        707.3459606561597,
        789.7637143904274,
        800.3978127923936,
        771.7280143958652,
        865.320331085798,
        814.5340178232938,
        833.9956325068272,
        858.13301293708,
        785.5723905906664,
        779.0001777432759,
        849.5898206153628,
        846.3648639318219,
        777.4958778448754,
        877.9755705398669,
        887.2756194190536,
        645.0295812200031,
        799.8593954710291,
        714.9299336709591,
        952.458329623231,
        813.4252839738363,
        883.0518676417751,
        878.1746100180208,
        887.3839735342734,
        882.8033646239628
    ],
    "avg_wait_system": [
        20.026732521912592,
        20.645530747063667,
        19.798345779774706,
        20.685076916193367,
        20.40506577987371,
        21.21079422046975,
        20.585309894024903,
        19.673453908241783,
        20.4092008016041,
        20.269851748679628,
        20.238139959002524,
        20.010530077226917,
        19.66396090708858,
        20.734078608685053,
        19.852522855008743,
        19.583796362930514,
        20.036975740339585,
        19.730515887216313,
        20.952182078048963,
        20.0365012197924,
        19.19409557785565,
        20.768654006691236,
        20.150124537164697,
        19.41651442695502,
        20.459058276833616,
        19.568215175539308,
        20.320439814237545,
        20.6535545976356,
        21.67946822632564,
        20.991729853534594,
        20.59897043293995,
        19.894361253474074,
        19.891469613858476,
        20.23588078086334,
        19.77636488622136,
        20.626900520470713,
        19.45425718813169,
        20.10631256894021,
        21.27942659064138,
        20.61750539460934,
        20.85605235053546,
        21.008837435198643,
        20.1021094030865,
        20.613101038932427,
        20.53950257071108,
        20.591771350382032,
        19.66859128322335,
        19.436986047588903,
        20.10758707007983,
        20.890471296513624,
        20.083319743554625,
        20.6521332443682,
        20.559684397910814,
        20.760809767608748,
        20.50145728854727,
        20.3046148848332,
        19.85816352441418,
        21.29591573042319,
        20.058990906924578,
        20.24412025802883,
        19.84602822764873,
        19.667453964037577,
        20.1749078817013,
        19.91534149192705
    ],
    "avg_wait_ticket": [
        6.749437360280559,
        7.116681730454602,
        6.230719233038209,
        7.552931896330775,
        6.817688647053676,
        7.746259320732042,
        6.568564250301601,
        5.953184171585542,
        6.8221619430784255,
        6.899683403685912,
        7.101117164278266,
        6.708513246792701,
        6.151505350946897,
        7.435984765917014,
        6.697108207792339,
        6.379574285058481,
        6.731705378807326,
        6.449323807898398,
        7.717610033390021,
        6.390563588018079,
        6.153085446355447,
        7.343543836395562,
        6.274617117077545,
        6.5242957574654,
        6.895671189164431,
        6.789059180325421,
        6.90005734222034,
        7.291187665908006,
        7.973566047082614,
        7.553085137258579,
        7.12665341697557,
        6.653320603659647,
        6.56649942101303,
        6.167362259662089,
        6.58389959813783,
        6.974645561455561,
        6.27539097222579,
        6.293575879883338,
        8.061060086915756,
        7.37968477246591,
        7.608528823413755,
        7.170416439246765,
        6.721244526816849,
        6.91315300958728,
        6.6164985743004285,
        6.677471992835291,
        6.486191956497917,
        5.882049296789644,
        6.594169998032016,
        7.1992443317816655,
        6.739681311160263,
        7.07650760575366,
        6.383223413025191,
        7.524433532337488,
        6.950350269437574,
        6.324977012212774,
        7.030163004459155,
        7.777554866195103,
        6.784183645855357,
        6.616894780140368,
        6.596775511501936,
        6.664618138833612,
        6.519932715291326,
        6.4819970005513765
    ],
    "avg_delay_arcades": [
        0.13908837170232372,
        0.3109112817931583,
        0.2894281221792414,
        0.32085848661243127,
        0.39729124551008105,
        0.5620383888247159,
        0.5017554522623552,
        0.5573215039416396,
        0.295983949242275,
        0.4571885195144403,
        0.27261646808270784,
        0.13896892270818795,
        0.4194521543006263,
        0.506872469390387,
        0.2089044504907618,
        0.2968284884635646,
        0.21855752634767295,
        0.23668630596862283,
        0.26397079413641406,
        0.48748184452234034,
        0.20004080613731495,
        0.28922785268933116,
        0.23630855311179286,
        0.42747592316956545,
        0.33054834025742447,
        0.2732586376553054,
        0.42091755324076197,
        0.2058182785589934,
        0.6588052169946477,
        0.5277465327951103,
        0.4258184004035215,
        0.3512737692537873,
        0.2319236581815888,
        0.4354956874838481,
        0.2907369358670418,
        0.4264677761578005,
        0.2941815889375137,
        0.16723013589094715,
        0.2909725308844434,
        0.6522175819179203,
        0.5390251869117997,
        0.5526833044368928,
        0.45837181062776833,
        0.5711128742018846,
        0.41935933782840396,
        0.41079094708341446,
        0.33265365184539825,
        0.4519262690496414,
        0.4886277743047625,
        0.5564512545498469,
        0.39556716474622916,
        0.4206353549761656,
        0.5415063201520742,
        0.3000498560410879,
        0.3002528060588343,
        0.7406798740329154,
        0.42210000931887026,
        0.5231591345795835,
        0.22598728991319095,
        0.48704579843984636,
        0.3466696216899695,
        0.3187507926462993,
        0.33793553722928743,
        0.270894744623027
    ],
    "final_wait_ticket": 6.828184510217356,
    "final_std_ticket": 0.49705606446058914,
    "final_w_ticket": 0.1294867875549193,
    "final_delay_arcades": 0.3895103493097107,
    "final_std_arcades": 0.13413051506458487,
    "final_w_arcades": 0.03494199296742892,
    "final_income": 842.1723668128599,
    "final_std_income": 67.12256013711581,
    "final_w_income": 17.485924236834542,
    "final_wait_system": 20.280235582155626,
    "final_std_system": 0.5311975990340946,
    "final_w_system": 0.13838091027106805,