{
    "seed": 539458255,
    "n_nodes": 19,
    "lambda": 0.07142857142857142,
    "b": 8,
    "k": 64,
    "income": [
        35.46875,
        35.46875,
        32.702691616577795,
        12.851026670003959,
        25.46875,
        25.46875,
        35.46875,
        19.381330527562998,
        35.46875,
        15.46875,
        35.46875,
        35.46875,
        35.46875,
        35.46875,
        20.275111401288182,
        25.46875,
        35.46875,
        35.46875,
        35.46875,
        35.46875,
        15.46875,
        35.46875,
        35.46875,
        35.46875,
        35.46875,
        23.634082148020656,
        21.028884621462662,
        35.46875,
        25.46875,
        18.8967809360796,
        31.847265221396043,
        35.46875,
        25.46875,
        14.956133471773637,
        35.46875,
        35.46875,
        35.46875,
        35.46875,
        25.46875,
        35.46875,
        15.46875,
        35.46875,
        25.623237914122384,
        34.032736022262775,
        32.57162834483014,
        35.46875,
        35.46875,
        35.46875,
        21.05319605536696,
        25.46875,
        30.500897221921292,
        35.46875,
        15.46875,
        5.46875,
        35.46875,
        25.46875,
        25.46875,
        25.081067557339434,
        35.46875,
        35.46875,
        35.29423709179269,
        35.46875,
        35.46875,
        25.46875
    ],
    "avg_wait_system": [
        19.647379974198657,
        19.276299097263973,
        19.62199052138476,
        23.569402409287704,
        17.320764367095762,
        15.780045553879063,
        21.49900736576592,
        19.33862155204315,
        22.00387346627508,
        13.008427875653979,
        19.076023281872722,
        21.989335201704534,
        18.111315359884202,
        18.85574156245366,
        30.497259177243677,
        12.207235361134053,
        18.564901769687367,
        16.950685184694066,
        18.346347698983664,
        18.430493976472007,
        16.833396041269225,
        18.427227194955094,
        18.84457612664687,
        33.209205325955054,
        8.867292009459106,
        19.269114938052326,
        26.925293737129323,
        11.263217014029578,
        16.290095092075944,
        25.852868335257426,
        13.259458819673227,
        16.613723521678594,
        22.93486456989831,
        22.913926863665665,
        16.966180804448868,
        21.738947152827677,
        17.814166479218784,
        18.371397572870592,
        18.060216622049534,
        20.186012594779868,
        16.85208150735116,
        39.62024741148912,
        20.486555927568133,
        17.827679381361804,
        19.308280836928816,
        16.330746720686875,
        20.7053688504584,
        20.857943890877777,
        17.798709989650433,
        18.126146554668335,
        19.857403990474722,
        23.028906681199715,
        15.957567800403012,
        9.518944909053971,
        18.67697982197751,
        19.562772932668395,
        15.71176606635936,
        25.40726953749345,
        18.611235758782186,
        13.835011738884077,
        24.367285544470633,
        27.856302808643704,
        16.391144309775427,
        19.07271062285554
    ],
    "avg_wait_ticket": [
        2.825451051954815,
        8.644798383910892,
        3.7916914258418424,
        6.982520370963936,
        8.028589635058779,
        3.168399802077753,
        8.39234623399716,
        10.643379624317731,
        7.49655732605667,
        4.206662028230702,
        4.892999772124052,
        6.232320895977215,
        5.457280713475484,
        4.530242483435965,
        7.1933511386523605,
        6.038315644642353,
        3.766657630868091,
        2.9029297659201347,
        3.774439670643655,
        4.176203629970587,
        5.463441693637963,
        4.5869849685844075,
        2.9256964889261456,
        7.798778661537956,
        1.8870665971480776,
        6.378188348823512,
        7.8599032630200885,
        2.1013422234664176,
        5.383294855829445,
        3.6550855315936133,
        5.931717337754162,
        1.8877577923981335,
        5.87992758610623,
        8.510487426028703,
        10.913211203896026,
        5.97646828343818,
        5.680664411767793,
        5.209591183785051,
        8.112686543336773,
        8.357057716186318,
        10.022360940207818,
        17.254413432274124,
        9.073351129832645,
        4.736341104780149,
        3.8458892285218553,
        3.563359412742102,
        3.0399367054186377,
        6.564510200156656,
        5.27888447824868,
        5.043769425393111,
        4.35690510421877,
        6.565979655555566,
        5.481399728680117,
        2.9289689317499454,
        3.5478273293707994,
        9.509708041525906,
        3.6159084157757206,
        4.6030403905242565,
        5.500081216757826,
        2.247334210325789,
        9.466910062804216,
        12.03376573068499,
        5.967293624349622,
        5.126556693503921
    ],
    "avg_delay_arcades": [
        0.0,
        0.0,
        0.17287864896388783,
        0.2181436108330034,
        0.0,
        0.0,
        0.0,
        0.4348156766026429,
        0.0,
        0.0,
        0.0,
        0.0,
        0.0,
        0.0,
        0.9496024124194886,
        0.0,
        0.0,
        0.0,
        0.0,
        0.0,
        0.0,
        0.0,
        0.0,
        0.0,
        0.0,
        0.13104770371281024,
        0.9024915861585836,
        0.0,
        0.0,
        1.035748066495025,
        0.22634279866274723,
        0.0,
        0.0,
        0.7509011805875975,
        0.0,
        0.0,
        0.0,
        0.0,
        0.0,
        0.0,
        0.0,
        0.0,
        0.615344505367351,
        0.0897508736085767,
        0.18107010344811628,
        0.0,
        0.0,
        0.0,
        0.31539671033093136,
        0.0,
        0.31049079862991913,
        0.0,
        0.0,
        0.0,
        0.0,
        0.0,
        0.0,
        0.6492301526662854,
        0.0,
        0.0,
        0.010907056762957118,
        0.0,
        0.0,
        0.0
    ],
    "final_wait_ticket": 5.9129087217686145,
    "final_std_ticket": 2.805287065055504,
    "final_w_ticket": 0.7307980652395932,
    "final_delay_arcades": 0.11005232709088386,
    "final_std_arcades": 0.2577815931682361,
    "final_w_arcades": 0.06715401496281437,
    "final_income": 29.595651475586987,
    "final_std_income": 7.61905292572302,
    "final_w_income": 1.9848197378567671,
    "final_wait_system": 19.37317205274778,
    "final_std_system": 5.174321583433604,
    "final_w_system": 1.3479491098091703,
    "correlation_delay_arcades": [
        0.9999999999999999,
        -0.23700700584127019,
        -0.23534050261179937,
        0.23700319811345366,
        -0.09450789356050442,
        -0.19535530978212245,
        0.19804943924738522,
        -0.08905998123503366,
        -0.1376539174138508,
        0.19915393468633572
    ]
}