{
    "seed": 893367702,
    "n_nodes": 3,
    "lambda": 0.1,
    "b": 1024,
    "k": 64,
    "avg_wait_ticket": [
        10.255085364051785,
        7.833722826917945,
        8.136812981380231,
        7.975093299088881,
        7.85575929750461,
        7.581944264577795,
        8.016911391803788,
        8.841116062040422,
        8.298871205243934,
        7.689820029489744,
        8.280304551641246,
        8.364808554042707,
        8.865911846803373,
        8.380503844535252,
        8.795172780071118,
        9.13728031344099,
        8.652911644496793,
        8.32288511813927,
        8.177871595563301,
        8.055496621194765,
        9.317579720524067,
        8.539613082553164,
        7.984815838594175,
        8.359807048816956,
        7.39493070863839,
        8.485045741687948,
        7.863185599325755,
        8.389778442950064,
        8.354850812600349,
        8.396191055488789,
        7.912803574216149,
        8.534354121473392,
        7.2221738129969895,
        8.979631932956329,
        8.732605932659505,
        8.026959861217279,
        8.479424889921154,
        7.362831558144807,
        7.830205115558609,
        7.789562237756118,
        7.8783013364698435,
        7.741815223951309,
        7.849481632366742,
        9.308815805639517,
        7.2680029152687915,
        7.864957204711609,
        7.972484655367162,
        8.280285091771397,
        7.447941824745273,
        8.12460139884418,
        7.608232245006066,
        9.360414270871825,
        7.770328786724207,
        8.152895290954289,
        7.660915966193597,
        8.445817461175697,
        7.810358723517149,
        7.6307841233325435,
        7.983039156967558,
        7.559974767238564,
        8.377582227634495,
        7.342262532032712,
        7.594701020360406,
        8.63586337577634
    ],
    "avg_delay_arcades": [
        9.340348508258964,
        7.308484766982807,
        8.527542659291163,
        7.113213690100781,
        6.670526709333306,
        7.0981306558591895,
        7.647749597601866,
        7.941594738606696,
        7.784024326633751,
        6.382492485583145,
        9.168503778095374,
        7.181742413863236,
        6.657969262806392,
        8.430390179466519,
        7.603675708933338,
        8.45930061967387,
        7.406643447421359,
        7.552127416372591,
        7.6111046933554505,
        7.305795317740298,
        8.265471462133307,
        7.098348391474038,
        6.700335871566779,
        7.116541594071207,
        6.195013187766566,
        6.756911107795716,
        6.57780422676571,
        8.032074291123905,
        7.618853936971849,
        6.682268359496604,
        7.8837051208811815,
        7.9527057185350785,
        6.802701603247047,
        7.097957396865785,
        7.354229429355942,
        8.61248565211208,
        6.197634087264141,
        5.7546615844167635,
        7.715747073367072,
        8.19636649323096,
        7.441495938004813,
        6.87421457829404,
        7.364511161923358,
        8.398881357791653,
        7.592532537562754,
        7.412426017752594,
        7.397589527869298,
        6.526510743093188,
        6.154070623383364,
        6.9655026348562865,
        8.451362615746406,
        7.046317292101776,
        6.633725735405005,
        7.699825031232247,
        7.445289794281884,
        5.953636882936158,
        6.917971639986027,
        9.160523827425203,
        8.078848448662608,
        7.389956440069658,
        6.585490924824942,
        7.728292131433283,
        7.152313096132517,
        8.106680483754802
    ],
    "final_wait_ticket": 8.149062954093175,
    "final_std_ticket": 0.5263199028798313,
    "final_w_ticket": 0.13711023428330005,
    "final_delay_arcades": 7.366525956738533,
    "final_std_arcades": 0.7515687716595865,
    "final_w_arcades": 0.1957892335030805,
    "correlation_delay_arcades": [
        0.0004630788934378398,
        0.9971260498268446
    ]
}