{
    "seed": 987654321,
    "n_nodes": 19,
    "lambda": 0.022222222222222223,
    "b": 512,
    "k": 64,
    "income": [
        2156.0103478084493,
        2146.0337020431607,
        2096.362308329815,
        2110.4098050084986,
        2188.200951043517,
        1980.2729543417927,
        2114.4203329829925,
        2072.907357509063,
        2182.2341322051398,
        2126.071054277036,
        2173.8245297666103,
        2166.3263368422977,
        2209.3330409441705,
        2118.1577755935596,
        2113.232833105287,
        2140.6168551395967,
        2139.6569894404383,
        2118.808266615535,
        2151.2105095912516,
        2072.4479447565013,
        2180.1088007905005,
        2166.760854952443,
        2203.3465066177764,
        2199.0614073433267,
        2083.4431201234324,
        2145.498815176579,
        2204.575121184592,
        2195.8602417487577,
        2152.092268405113,
        2188.5994496837657,
        2142.5124380047746,
        2214.052873850042,
        2038.13553567632,
        2156.6261115013717,
        2018.4273508782064,
        2184.2686859757705,
        2006.1824486970932,
        2147.519354863082,
        2216.2066465247885,
        2225.5621029200333,
        2137.1637238627086,
        2185.5685315276323,
        2110.6086691593246,
        1989.0207970450801,
        2098.0589939622996,
        2188.839987999464,
        2149.4826112707265,
        2033.9272899402015,
        2182.1527907276854,
        2151.880003943346,
        2157.1704832957776,
        2031.8941148097826,
        2163.4840058902428,
        2103.895087351005,
        2082.242970398252,
        2090.481626076905,
        2166.0419263042972,
        2174.620669123597,
        2207.4898930823724,
        2159.1106397291364,
        2161.8394411699023,
        2115.0848492041982,
        2099.3476884279326,
        2166.240566076664
    ],
    "avg_wait_system": [
        19.60272997857523,
        19.773511522468382,
        19.788501120634734,
        19.59652251792963,
        19.595915084988718,
        19.908300699794864,
        19.08409265059629,
        19.583485948124235,
        19.649944897034914,
        19.290133703955178,
        19.442184360278475,
        19.746467909331614,
        19.322915193655376,
        19.806391419209945,
        19.780981606998466,
        19.888231015392194,
        19.622055817167507,
        19.33791596593244,
        19.696937670584816,
        20.082818562244825,
        19.959317208440098,
        19.39636900865912,
        19.853108595686763,
        19.272997499432222,
        19.384934082607742,
        19.618349629223303,
        19.477321890149597,
        19.203138843140778,
        20.145871561267995,
        19.436010209153437,
        19.287761015980323,
        19.71514107050143,
        19.36361975330169,
        19.8843854587858,
        19.401023280927348,
        19.329547058498974,
        20.10266771349916,
        19.754335297503303,
        19.407718039090923,
        19.459417559175563,
        19.9072278608146,
        19.714174392849827,
        19.38523445949818,
        19.539284833663487,
        19.78246729752641,
        19.586273175442784,
        19.727301619270293,
        19.606353982761902,
        19.809023353154316,
        19.7459110791292,
        19.369234643793334,
        19.973849543963752,
        19.26587102496478,
        19.659724452822047,
        19.874515767154662,
        19.540160644294247,
        20.06957698659926,
        19.535506617987267,
        19.339782560783533,
        19.939177983857917,
        19.45673642675456,
        19.791186490396285,
        19.501180511439543,
        19.519107546517716
    ],
    "avg_wait_ticket": [
        5.491245787186801,
        5.673978149437605,
        5.7986307273128865,
        5.364753846604132,
        5.525137492001347,
        5.775917509725811,
        5.23484702500743,
        5.290682718840138,
        5.635679087772492,
        5.37456980635127,
        5.6453656838280475,
        5.822548793733331,
        5.487738094779726,
        5.545403145784629,
        5.657026323332542,
        5.904348680779296,
        5.435856923876,
        5.1501454708317675,
        5.455264820856078,
        6.111037424784001,
        6.182118790833387,
        5.534673758521229,
        5.539637580992582,
        5.423358190286832,
        5.370117155043349,
        5.528459150573848,
        5.4271992821057,
        5.170187118084657,
        5.928296119936961,
        5.6645811451033135,
        5.438310090109733,
        5.600189713557838,
        5.327113501834883,
        5.824782340195527,
        5.093758559422974,
        5.182439769637248,
        5.724823920415973,
        5.831463650347404,
        5.52551730590242,
        5.650886355782273,
        5.754518935492963,
        5.70709307707162,
        5.457676865337999,
        5.626353977324685,
        5.752008416236392,
        5.768133745163207,
        5.80578829972554,
        5.644750939208743,
        5.494711635960154,
        5.757993556229772,
        5.313381605160149,
        5.808717464065321,
        5.377044717073346,
        5.739005254474066,
        6.189728256863347,
        5.853658105716584,
        6.354183943489463,
        5.590188695987673,
        5.229959721608357,
        6.028878502482365,
        5.692350371878234,
        5.571641793676267,
        5.678667206668485,
        5.431426715122644
    ],
    "avg_delay_arcades": [
        0.11131801971831116,
        0.12106083784847604,
        0.1695680582716651,
        0.1558497997963882,
        0.07988188374656571,
        0.28293656802559314,
        0.15193326857129627,
        0.1924732836825557,
        0.08570885526841818,
        0.14055561105758166,
        0.09392135764979455,
        0.10124381167744381,
        0.05924507720295858,
        0.14828342227191468,
        0.15309293642061814,
        0.12635072740273778,
        0.12728809624957202,
        0.14764817713326672,
        0.11600536172729348,
        0.19292192894872934,
        0.08778437422802704,
        0.10081947758550514,
        0.06509130213107793,
        0.06927596939128267,
        0.18218445300446054,
        0.12158318830412232,
        0.06389148321817222,
        0.07240210766722883,
        0.11514426913563199,
        0.07949272491819744,
        0.12449957226096213,
        0.05463586538081836,
        0.22643014094109384,
        0.11071668798694165,
        0.24567641515800148,
        0.08372198635178671,
        0.2576343274442449,
        0.1196100050165215,
        0.05253257175313631,
        0.04339638386715515,
        0.12972292591532372,
        0.08245260593004666,
        0.15565559652409688,
        0.2743937528856638,
        0.1679111387086916,
        0.07925782421927324,
        0.11769276243093102,
        0.23053975591777193,
        0.08578829030499455,
        0.1153515586490761,
        0.11018507490646744,
        0.23252527850607155,
        0.10401952549780986,
        0.16221182875878415,
        0.18335647422045706,
        0.17531091203427268,
        0.1015215563434599,
        0.09314387780898717,
        0.06104502628674577,
        0.10829039088951524,
        0.10562554573251716,
        0.15128432694902524,
        0.1666526480195971,
        0.10132757219075801
    ],
    "final_wait_ticket": 5.610789071716491,
    "final_std_ticket": 0.2647457856122533,
    "final_w_ticket": 0.06896823869322723,
    "final_delay_arcades": 0.12952133204018412,
    "final_std_arcades": 0.05789524333786789,
    "final_w_arcades": 0.015082139844056276,
    "final_income": 2137.370155990852,
    "final_std_income": 59.28472917797676,
    "final_w_income": 15.444111200313635,
    "final_wait_system": 19.61551117559592,
    "final_std_system": 0.2523711270073104,
    "final_w_system": 0.0657445484409379,