{
    "seed": 987654321,
    "n_nodes": 19,
    "lambda": 0.2,
    "b": 256,
    "k": 64,
    "income": [
        3752.913892310556,
        3484.9349502772934,
        3670.7742395362784,
        3519.4018980555493,
        3647.5760807175084,
        3507.363923082421,
        3520.96341608444,
        3542.2822122165635,
        3481.667294509841,
        3274.2759678045395,
        3342.0906171620127,
        3286.4550679687436,
        3296.0220301805307,
        3326.4873280045304,
        3292.4447728941877,
        3293.7078930815737,
        3285.7772714364028,
        3243.3435484810775,
        3198.282803442945,
        3106.7344400397296,
        3133.302286476398,
        3098.8091823124105,
        3182.9275473611688,
        3074.2739652321457,
        3082.71614112484,
        2911.6529747425484,
        2917.3476519402866,
        2964.4188005947517,
        2954.3423431674055,
        2907.8960891678944,
        2823.1430107745728,
        2829.0760372793375,
        2780.85364785644,
        2728.189682382364,
        2592.083986391778,
        2748.3044931537393,
        2756.2477071319763,
        2703.7671681355973,
        2760.510678134976,
        2613.1589097483065,
        2507.843602101425,
        2584.4530691756677,
        2544.1438458722228,
        2574.8391790630485,
        2583.4895529557166,
        2516.38861382052,
        2380.8774395475534,
        2661.4869075173574,
        2339.8083487428817,
        2427.105589441294,
        2361.7231446679652,
        2342.6181691518423,
        2308.112060816319,
        2201.2482665064654,
        2322.119668220468,
        2182.4201590098255,
        2173.217254983657,
        2029.2945925496613,
        2353.7274160686193,
        2299.915763015836,
        2206.051767761024,
        2150.280008656895,
        2165.455012520114,
        2048.9106693173826
    ],
    "avg_wait_system": [
        31.176511566450905,
        33.829636940099164,
        26.479511422210507,
        38.748519480109586,
        29.656396998004496,
        42.31589501514911,
        28.453411121198457,
        26.709401333800926,
        29.403144725633396,
        27.189413590387716,
        25.25213734832802,
        34.06432666924148,
        27.82221227911829,
        31.925606386565377,
        30.167777485809992,
        25.719805359547806,
        24.134663268226902,
        24.976934423552734,
        75.44760293675361,
        37.5545521921525,
        28.596456277405196,
        30.458003722520658,
        30.064589356814594,
        25.38235553997987,
        29.143465973492624,
        27.35167267464638,
        31.84030902286787,
        28.04553286544339,
        44.691890794027444,
        40.160803571272396,
        51.199509789738755,
        36.96623648187423,
        54.50275283762946,
        27.499334531177084,
        29.903604964650498,
        26.422030566377657,
        29.949546255997348,
        27.414726084522044,
        36.382964300043426,
        28.217301849970738,
        42.69972368061411,
        43.80481924581821,
        38.20383650498644,
        31.69507789206716,
        26.729801090207445,
        37.1683288196711,
        25.04678457095497,
        24.87314294255549,
        44.820985848412136,
        32.06132848701253,
        35.77242571921164,
        31.84128880690082,
        27.935208053647955,
        34.27758428233295,
        26.371837311891795,
        27.349037408397884,
        37.12768143517138,
        43.350130636437086,
        37.90656527113987,
        32.19752528582882,
        31.85707635863656,
        25.599206492716405,
        26.526372415056585,
        32.498475031730095
    ],
    "avg_wait_ticket": [
        19.499532034866533,
        22.119114040487307,
        13.332510603020578,
        28.138584781477405,
        18.98650366377762,
        32.76376815546549,
        15.55337562857459,
        14.212867627071741,
        17.099427523975447,
        15.140155921915815,
        12.231548537911276,
        22.76505177062755,
        15.002357419055617,
        21.265741725559387,
        18.421303825577176,
        13.523850712059708,
        11.706465919119031,
        12.13905022178726,
        69.5094962842855,
        25.700160615079042,
        16.684265341344837,
        18.719476987239105,
        17.323871786379136,
        13.529910960151629,
        17.00686242292449,
        15.882560879496891,
        19.369403327571767,
        16.610195284825423,
        34.76152419492282,
        29.523098046957582,
        44.75001018650137,
        26.78830915462196,
        48.93125674653768,
        13.607893453120093,
        16.842890832560347,
        12.400850008291185,
        18.39826529017533,
        15.00638868477606,
        24.921486752896502,
        16.955331965741298,
        33.452952615266746,
        35.14894726920372,
        28.013633349123662,
        21.235603749290654,
        13.879714297781268,
        25.706285427300735,
        12.755745024141014,
        12.437528607275675,
        34.786492938545706,
        20.217450476584883,
        25.290451271978384,
        19.07050451679101,
        14.839901681674307,
        23.64117252241961,
        13.598697523417664,
        14.259794331174113,
        28.706312141164357,
        33.93295968545003,
        26.08709547269866,
        22.057771220490395,
        21.31470716552709,
        13.09626161702616,
        13.84586713541039,
        22.92651226447545
    ],
    "avg_delay_arcades": [
        0.7350465475935213,
        1.7616375242355395,
        0.8890619561274292,
        1.1113413915378942,
        0.674987680293723,
        1.0897980667665608,
        1.2854246725318095,
        0.9235512735431293,
        0.9442567871253353,
        1.5281853293331735,
        1.370118344957676,
        1.4450572090806828,
        1.1294405317360672,
        1.1744668650181653,
        0.8261509045755367,
        1.007517301098278,
        0.7726694963824119,
        0.6901971786269667,
        1.017874243531639,
        1.3460154680425496,
        1.3103481359838889,
        1.050739927718771,
        0.6678307271291315,
        0.9885592202058233,
        0.9859032602776214,
        1.0847670717734503,
        1.3854671851840366,
        0.7923412957940675,
        1.0383627512112465,
        1.3797659537291989,
        1.0681661127556243,
        1.1459220630741158,
        1.3445878330025565,
        1.3246722009657754,
        1.647637800034759,
        1.3759751319314872,
        1.152550371342049,
        0.8028913191035683,
        0.8707944870743919,
        1.0724573036957898,
        1.171015380907468,
        1.5254242509480842,
        1.0744717163872297,
        1.5009951089613431,
        1.1077875503186458,
        1.006699538322253,
        1.162173358873153,
        0.5190035653232674,
        1.6586817160538103,
        1.2012539349969196,
        1.1713832229893717,
        1.445009553122586,
        1.3456180663327608,
        1.6064689061112503,
        0.8132825126819894,
        1.2913024657322378,
        1.307471667685838,
        1.4500584051703842,
        0.8188066744924504,
        0.5717787261339403,
        0.8323225113049331,
        0.9802014214091977,
        1.0034366068604907,
        1.135715975740475
    ],
    "final_wait_ticket": 21.738955669384826,
    "final_std_ticket": 10.34870196274639,
    "final_w_ticket": 2.6959135363804947,
    "final_delay_arcades": 1.123596905691519,
    "final_std_arcades": 0.272963044931512,
    "final_w_arcades": 0.07110889562880093,
    "final_income": 2791.2337845283287,
    "final_std_income": 443.43328877520406,
    "final_w_income": 115.51765718968845,
    "final_wait_system": 33.0450102030887,
    "final_std_system": 8.797493738653008,
    "final_w_system": 2.291812300869768,