{
    "seed": 163127968,
    "n_nodes": 3,
    "lambda": 0.1,
    "b": 8192,
    "k": 64,
    "avg_wait_ticket": [
        8.221100977653144,
        8.205310288319215,
        8.243430579289852,
        8.211204672527048,
        8.164619139231105,
        8.125103244580895,
        8.10015407820273,
        8.110008728630444,
        8.15392438128525,
        8.143694214318788,
        8.143047000206932,
        8.153826879129916,
        8.138661909529835,
        8.141406482440745,
        8.158251574630212,
        8.179754382990522,
        8.176794586741547,
        8.186269618828225,
        8.18939420275533,
        8.189076284953718,
        8.194842126040093,
        8.182161154922005,
        8.173230034240541,
        8.173376726459011,
        8.168169523334209,
        8.166451906850893,
        8.164775042253227,
        8.158972374166378,
        8.16398777639252,
        8.169015613482179,
        8.169461106523427,
        8.163610299008969,
        8.163599371779965,
        8.16159011364758,
        8.157248380869444,
        8.158538218325445,
        8.159985148538718,
        8.158146740480037,
        8.156184674963693,
        8.156559427973452,
        8.164030448580808,
        8.16575602814117,
        8.164319247117717,
        8.165698065484593,
        8.165235941033734,
        8.160393932926494,
        8.157497987292544,
        8.155002909087722,
        8.15609024568191,
        8.157087141970006,
        8.154268494979743,
        8.157875445071282,
        8.155788417072673,
        8.158117138464622,
        8.16033036931704,
        8.162001139674032,
        8.160563566384463,
        8.159756973273463,
        8.1590003346936,
        8.157339268080422,
        8.156592339757806,
        8.15620527442963,
        8.154860867717636,
        8.151293751540607
    ],
    "std_ticket": [
        0.23481822666955898,
        0.05515656403721722,
        0.015620812573205292,
        0.017545744859730317,
        0.01531623891731212,
        0.014857536743684336,
        0.007329670712321652,
        0.012894711803302691,
        0.014004262869264282,
        0.008161915084299818,
        0.003632979598340966,
        0.00285412697086437,
        0.005059525272109279,
        0.0025038863904220175,
        0.00810180710386417,
        0.0035370994077326286,
        0.0023271805432157674,
        0.0076109770036935686,
        0.0044678234124957755,
        0.002844760935316582,
        0.0033527753721866844,
        0.00530925086501485,
        0.003253357122013846,
        0.002602901195660707,
        0.002383809863662088,
        0.0013759885293692013,
        0.0024115446811410835,
        0.0017508529797967754,
        0.003327818553324504,
        0.0018913890572716781,
        0.0011632189003629827,
        0.0029241955408293658,
        0.002612631002326832,
        0.0015095855238550033,
        0.0009219722218978775,
        0.0012318234505901728,
        0.0014752038676783188,
        0.0011344008332814588,
        0.002238587535762641,
        0.0024575799538251617,
        0.0012624754447290447,
        0.0015980753706171412,
        0.001125904457728192,
        0.0010889398895492122,
        0.0009375056981830998,
        0.0019163658340802829,
        0.0013086585418523302,
        0.000967933643309904,
        0.0016177504408599185,
        0.0005288843597674902,
        0.0009178024145257626,
        0.00146067362024064,
        0.0012660522830763743,
        0.0009814922701895461,
        0.001577593782541179,
        0.0007825836777091397,
        0.0009160330275858573,
        0.0010390086691545056,
        0.0006176820482725308,
        0.0003694553676255988,
        0.0007869839620337941,
        0.0012214342473303164,
        0.0011284421038202858,
        0.001427580658211887
    ],
    "w_ticket": [
        0.0050859912803775205,
        0.0011946508911492323,
        0.00033833539102368543,
        0.00038002801839524125,
        0.00033173854809511144,
        0.0003218033940465967,
        0.00015875531409819256,
        0.00027929003946898664,
        0.00030332210515081895,
        0.00017678111933085313,
        7.86876846018994e-05,
        6.181830555825547e-05,
        0.00010958562195859301,
        5.4232350398689094e-05,
        0.00017547922437698737,
        7.661098970341877e-05,
        5.0405030812686884e-05,
        0.00016484820290552625,
        9.676979185349508e-05,
        6.161544406916506e-05,
        7.261866572224037e-05,
        0.00011499449590342588,
        7.046533903776201e-05,
        5.6376938760566614e-05,
        5.1631580531968235e-05,
        2.9802906535527787e-05,
        5.223229642128262e-05,
        3.792219673390366e-05,
        7.207811925393904e-05,
        4.09661055256247e-05,
        2.519447177642536e-05,
        6.333593960619494e-05,
        5.65876792663848e-05,
        3.2696519857953567e-05,
        1.9969244925444185e-05,
        2.6680396226151832e-05,
        3.1951838297243084e-05,
        2.457029349191673e-05,
        4.848617097885e-05,
        5.322938680383841e-05,
        2.7344296031237515e-05,
        3.461314530657135e-05,
        2.4386268203115204e-05,
        2.3585642654972507e-05,
        2.0305688676259858e-05,
        4.150708426846846e-05,
        2.8344588183176794e-05,
        2.096473574338769e-05,
        3.5039292957521795e-05,
        1.145524893981414e-05,
        1.9878929943356893e-05,
        3.1637123750515175e-05,
        2.7421767737347614e-05,
        2.1258405698492127e-05,
        3.416952906842806e-05,
        1.695019086655268e-05,
        1.9840606314584094e-05,
        2.2504168890572395e-05,
        1.3378542015738144e-05,
        8.002133415634296e-06,
        1.7045497811093522e-05,
        2.6455373671731236e-05,
        2.4441231763994296e-05,
        3.092035436379737e-05
    ],
    "avg_delay_arcades": [
        7.224955051234581,
        7.245099058002851,
        7.141912589558208,
        7.191739406896865,
        7.196742383158591,
        7.190360868088844,
        7.280382827210681,
        7.3023978864531705,
        7.335235533289702,
        7.332377547827373,
        7.320348136807024,
        7.3634275605071,
        7.351316484344669,
        7.3834562735329285,
        7.3851371251692015,
        7.377586468845899,
        7.356262117167,
        7.349922796829024,
        7.341774898100588,
        7.334786497905755,
        7.368332137884032,
        7.3817724679127315,
        7.38776222880951,
        7.390053500872937,
        7.389905608894661,
        7.3744847539374065,
        7.363328955891618,
        7.359685566125488,
        7.357878095633493,
        7.37250023137376,
        7.372631839083079,
        7.371863762386479,
        7.381366597208993,
        7.381878668553597,
        7.377716132358351,
        7.380266473094634,
        7.375642516911695,
        7.366364754155691,
        7.365961468711762,
        7.366649712743474,
        7.371956771600862,
        7.366682354407169,
        7.363020030823376,
        7.359668582810804,
        7.364522402683646,
        7.36865462381505,
        7.367094821303096,
        7.359084279436696,
        7.358370485264921,
        7.364305241273788,
        7.368624560374724,
        7.37024902197661,
        7.369820265301221,
        7.374260161374855,
        7.378753569904926,
        7.381828644402469,
        7.378995485100414,
        7.380693655828361,
        7.376437418569463,
        7.379143566218077,
        7.3792473139750925,
        7.380091319409939,
        7.377955478002804,
        7.379991821475853
    ],