{
    "seed": 468482873,
    "n_nodes": 3,
    "lambda": 0.1,
    "b": 8192,
    "k": 64,
    "avg_wait_ticket": [
        8.468082085088456,
        8.142402561616983,
        8.116311264933632,
        8.114498467798716,
        8.091239361224396,
        8.08898821335802,
        8.11421539934506,
        8.158451384101827,
        8.15625775698488,
        8.18659148228807,
        8.189940445894983,
        8.202420705937605,
        8.19159681815204,
        8.188035048852775,
        8.19371753392134,
        8.192707934090116,
        8.190673567499315,
        8.201456886925104,
        8.196251437004383,
        8.183428833904067,
        8.170640174576231,
        8.162505607628313,
        8.153456705030893,
        8.14491475749421,
        8.143420428882528,
        8.139538293664511,
        8.138007480930009,
        8.134514229708897,
        8.130433424825782,
        8.123819004618984,
        8.125105560500833,
        8.126761327942916,
        8.1259283368577,
        8.13238088644067,
        8.127625113089378,
        8.127372085787698,
        8.123882303976961,
        8.124254706193113,
        8.122336751480146,
        8.12312777854387,
        8.12032030795289,
        8.118447318762101,
        8.115108946315782,
        8.11415531657249,
        8.117216048547474,
        8.118793826716137,
        8.11597607976769,
        8.116829076249505,
        8.115906000708765,
        8.114537995547257,
        8.117318912498646,
        8.118964812486917,
        8.123542857540759,
        8.124708366418254,
        8.120708453843642,
        8.116955354604475,
        8.118402625362975,
        8.122572333064197,
        8.121914874477996,
        8.120427172643405,
        8.118112309558402,
        8.116450210047054,
        8.116669331361955,
        8.11915345501757
    ],
    "std_ticket": [
        0.4273095423993509,
        0.020820151795721935,
        0.025430281204097887,
        0.016192534375822867,
        0.00801084341348316,
        0.022845219190252758,
        0.008264530663660308,
        0.01162002031911122,
        0.004700474919423534,
        0.00981754349008123,
        0.0042335043745373845,
        0.004147210904503056,
        0.005181289665069527,
        0.003676902269961923,
        0.004733964500645082,
        0.0022785507445845696,
        0.0030850048806563015,
        0.0031908145202375164,
        0.007930029664804763,
        0.00495886030738497,
        0.0020778455492393775,
        0.00443816504890039,
        0.00408434637657464,
        0.0036351950739154006,
        0.0015229673071955013,
        0.001879844139028503,
        0.001606179891259836,
        0.0015380946184070858,
        0.0017315823395799529,
        0.0015540511967749389,
        0.0017333406280365742,
        0.001986430950171172,
        0.0012216213914951737,
        0.0018631969271764278,
        0.0018443885300107091,
        0.0011043117927376034,
        0.0014394888597755754,
        0.0014414637166197013,
        0.0017999119588432999,
        0.001749547844818356,
        0.001100436619502124,
        0.0011031855640925865,
        0.001059273323911652,
        0.0018436395305258242,
        0.0020289773282657336,
        0.00234353335396146,
        0.002562551921183348,
        0.0012457694884114748,
        0.0016295809853979011,
        0.0007141695841561214,
        0.0023010525756711224,
        0.0010680593103343367,
        0.0014073802163178523,
        0.0007672842813137651,
        0.0016045771931057157,
        0.0008316739572283312,
        0.0008627508201412058,
        0.001270819654305105,
        0.0012931803229693066,
        0.0012369786777351422,
        0.000598232625911818,
        0.0006693220487795811,
        0.0013553323376326596,
        0.0011104595814009066
    ],
    "w_ticket": [
        0.009255212585024366,
        0.00045094928102915223,
        0.0005508013168142929,
        0.0003507184676875195,
        0.00017350901728245964,
        0.0004948107617022612,
        0.0001790036978302333,
        0.00025168115294548686,
        0.00010180885356681934,
        0.0002126408213428231,
        9.169461263599816e-05,
        8.982555910308938e-05,
        0.0001122229497744093,
        7.963901758845428e-05,
        0.0001025342134355657,
        4.935174489313671e-05,
        6.681895245303834e-05,
        6.911071196388431e-05,
        0.00017175865051177733,
        0.00010740529234751977,
        4.500461695536984e-05,
        9.61274133602418e-05,
        8.846395934388968e-05,
        7.873567018467666e-05,
        3.2986359511165194e-05,
        4.0716051028790054e-05,
        3.478868330421747e-05,
        3.3314006023145476e-05,
        3.750480874192306e-05,
        3.365961385604068e-05,
        3.7542891985654176e-05,
        4.302464350801746e-05,
        2.64594270776535e-05,
        4.0355484579059566e-05,
        3.9948108433947386e-05,
        2.391858685052247e-05,
        3.117827731201521e-05,
        3.1221051268839913e-05,
        3.8984778387779984e-05,
        3.7893928463530855e-05,
        2.3834653428636377e-05,
        2.3894193560659466e-05,
        2.2943086511476433e-05,
        3.9931885652167795e-05,
        4.394616698202399e-05,
        5.075922074948125e-05,
        5.550300294616243e-05,
        2.6982457219290884e-05,
        3.529553391128289e-05,
        1.5468391569280796e-05,
        4.983911811932066e-05,
        2.3133384560180175e-05,
        3.0482827546607792e-05,
        1.66188171151811e-05,
        3.475397003279666e-05,
        1.8013450465805372e-05,
        1.8686552618215325e-05,
        2.7525025516113516e-05,
        2.8009341267333195e-05,
        2.6792054680776725e-05,
        1.2957281733101881e-05,
        1.4497026709292796e-05,
        2.935550850962541e-05,
        2.405174346267577e-05
    ],
    "avg_delay_arcades": [
        7.366497490787313,
        7.197960836678506,
        7.099194542547985,
        7.235112520004004,
        7.340234603215287,
        7.3542941552782,
        7.318546190371267,
        7.332283482835293,
        7.377268748943339,
        7.400868904066029,
        7.388579934207449,
        7.359356787028236,
        7.343491405065698,
        7.345833446993358,
        7.364420753452081,
        7.37688427864205,
        7.392331846244114,
        7.40834764071777,
        7.412255310555939,
        7.415670982340969,
        7.424914736576457,
        7.419300018753811,
        7.428255878173268,
        7.433799888958667,
        7.433914659207549,
        7.432415174987889,
        7.4393132194840765,
        7.4273547727383775,
        7.424684052849677,
        7.434534242305331,
        7.427362771797818,
        7.417785870078354,
        7.40859886355748,
        7.412631760509818,
        7.419008704209719,
        7.4242828572767126,
        7.431342931096988,
        7.432067666677051,
        7.417294773540197,
        7.412291888774262,
        7.424440828353236,
        7.4242632730279965,
        7.423353166447295,
        7.4245235488403205,
        7.421498440443078,
        7.429956855640671,
        7.434900466958711,
        7.4372917959894735,
        7.4355508183062256,
        7.431511777890914,
        7.434309044650149,
        7.437518117547567,
        7.439380791358004,
        7.433802456232574,
        7.428954595123102,
        7.420565536412868,
        7.409342646595147,
        7.40998906323488,
        7.400121953803091,
        7.396022366492494,
        7.39341210947421,
        7.389968618468921,
        7.392260746048029,
        7.38953340876304
    ],