{
    "seed": 482548808,
    "n_nodes": 3,
    "lambda": 0.1,
    "b": 8192,
    "k": 64,
    "avg_wait_ticket": [
        8.234663070400675,
        8.156035342618186,
        8.143469910796385,
        8.14037224708518,
        8.099661279214507,
        8.093668494855658,
        8.08857359018208,
        8.07785530231703,
        8.083170956679776,
        8.091937131816179,
        8.109409751697518,
        8.117986939081485,
        8.113370942986162,
        8.099393287403728,
        8.10866807727008,
        8.105250928646447,
        8.09769820470281,
        8.110511506108619,
        8.121924196795227,
        8.122694546952305,
        8.116464072088364,
        8.10840494073935,
        8.115297805568373,
        8.119724341001039,
        8.11697280245228,
        8.11662547201602,
        8.120936416145309,
        8.120714926608597,
        8.111706707313868,
        8.106296171041492,
        8.103982878057051,
        8.106710000200888,
        8.108626355547594,
        8.110332286673737,
        8.10461986245575,
        8.10374399908581,
        8.104304405696691,
        8.107531488927725,
        8.11193630855014,
        8.111544614501796,
        8.10974103028576,
        8.11042455928005,
        8.111623268658626,
        8.11007538521991,
        8.109182711081408,
        8.111829563062116,
        8.10811153424292,
        8.1097277152644,
        8.110821656545921,
        8.114284534920793,
        8.11408726443515,
        8.111523565683907,
        8.11302162775694,
        8.11371208620138,
        8.113888671732305,
        8.111255445223412,
        8.109840420556608,
        8.111825657687096,
        8.110374615020964,
        8.111461447731022,
        8.11387422991151,
        8.114863517762616,
        8.117531723001095,
        8.118849986768263
    ],
    "std_ticket": [
        0.25834611711037897,
        0.03987749270801636,
        0.02336680034325563,
        0.011875754703251942,
        0.022281071366621042,
        0.0091301903052311,
        0.007971167996214092,
        0.007119981344981341,
        0.005849659903813577,
        0.0069102939921837055,
        0.010280753195814495,
        0.0055660495335732195,
        0.003785838580735598,
        0.0034662473985927413,
        0.004806592543848912,
        0.0027507496323652385,
        0.003096631788094417,
        0.003133217534230426,
        0.003988214502244037,
        0.002301015248191153,
        0.005587018502113945,
        0.0020375394313728538,
        0.004572039634641924,
        0.0013831052433731514,
        0.0013985815388209014,
        0.0024850600344349058,
        0.0017978838976528565,
        0.0022302305440472132,
        0.003081570343212988,
        0.002856094902478827,
        0.002560709740299533,
        0.0024147563026039372,
        0.0013453293068270101,
        0.001031370461293065,
        0.0025945464703826422,
        0.0014879361557625008,
        0.0014767718774789315,
        0.0007265231562085283,
        0.003385367477836275,
        0.0013481923198745054,
        0.001421589105050093,
        0.0014748200104766586,
        0.0009333679811570779,
        0.0018486377003365609,
        0.0012189877315509857,
        0.001167466617725467,
        0.0007415309428986629,
        0.0012535275026005117,
        0.001537151701660721,
        0.0013692779785459332,
        0.002026948592037322,
        0.0010563127468832443,
        0.0009354123504681771,
        0.0009341436981109177,
        0.0008137717709965494,
        0.0017509885147424422,
        0.0015035099231498286,
        0.0004094086803539456,
        0.0007254304549393193,
        0.0010165571568318526,
        0.0019411832444797923,
        0.0009686379657438521,
        0.001256203631892925,
        0.0016686631964923377
    ],
    "w_ticket": [
        0.005595588202749648,
        0.0008637173658657128,
        0.0005061078285177554,
        0.00025722017291970184,
        0.00048259173189128953,
        0.00019775325339603444,
        0.00017264967672300734,
        0.0001542135955569761,
        0.00012669936097352665,
        0.0001496719206492826,
        0.00022267360524447845,
        0.0001205565675007826,
        8.199849851363423e-05,
        7.507638693516864e-05,
        0.0001041072838044403,
        5.957922791231489e-05,
        6.707078277595116e-05,
        6.78632033153316e-05,
        8.638181315981249e-05,
        4.98383096333682e-05,
        0.00012101074004381401,
        4.413161588163512e-05,
        9.902703910651639e-05,
        2.9957049362864468e-05,
        3.02922546185049e-05,
        5.382458527862252e-05,
        3.8940852063674056e-05,
        4.8305164642171274e-05,
        6.674456288057384e-05,
        6.186092951966368e-05,
        5.5463102653732636e-05,
        5.230185779642636e-05,
        2.913885016850578e-05,
        2.2338730887177263e-05,
        5.6195981513265784e-05,
        3.2227610357588854e-05,
        3.1985800244263005e-05,
        1.5735960916989365e-05,
        7.332458692560686e-05,
        2.9200860939993543e-05,
        3.079058169849365e-05,
        3.194352423062124e-05,
        2.0216068747630423e-05,
        4.004014235964657e-05,
        2.6402383926865765e-05,
        2.5286474231999243e-05,
        1.606101861513476e-05,
        2.7150490140236204e-05,
        3.3293583135117784e-05,
        2.9657560906026464e-05,
        4.3902226037088705e-05,
        2.2878962575422026e-05,
        2.026034829371844e-05,
        2.0232870210273363e-05,
        1.762570218763332e-05,
        3.79251323218332e-05,
        3.2564926784247845e-05,
        8.867492987762053e-06,
        1.5712293805598243e-05,
        2.2017885532062116e-05,
        4.204461125129112e-05,
        2.0979990852875745e-05,
        2.7208453146087237e-05,
        3.614202605826556e-05
    ],
    "avg_delay_arcades": [
        8.2237619600373,
        7.485913455433877,
        7.384964603244292,
        7.412036838736442,
        7.4409224350212835,
        7.432077622093015,
        7.410928627134374,
        7.40259341876728,
        7.442295383062128,
        7.447886048460026,
        7.444009595940849,
        7.4307830624403906,
        7.4143470583655136,
        7.402365814493132,
        7.386959070533989,
        7.368261261836883,
        7.376502297806003,
        7.383067346755779,
        7.378075577196609,
        7.365163026498282,
        7.353219189329533,
        7.364075023489916,
        7.37503119460964,
        7.361455769622146,
        7.366749006277548,
        7.3688888206042495,
        7.38573113563192,
        7.386975334418904,
        7.3724748112118865,
        7.363646994925473,
        7.361260944837405,
        7.361961872352692,
        7.348160307407209,
        7.349454844853078,
        7.353564170902829,
        7.359591966394782,
        7.35457549042482,
        7.361605507980014,
        7.369564369889555,
        7.371774076287779,
        7.376323460179177,
        7.374044687430654,
        7.3690527624989715,
        7.371744119839927,
        7.3747097003479185,
        7.374360220752178,
        7.373928437976126,
        7.373551997816875,
        7.366936645431494,
        7.374073460816748,
        7.371372869435388,
        7.362518259321316,
        7.363055056915592,
        7.360374550530694,
        7.3571215863752135,
        7.367898212010036,
        7.374684218153553,
        7.380779093213582,
        7.383978112039558,
        7.387294352941336,
        7.392001162244707,
        7.399685936179991,
        7.40474005056046,
        7.403122250027821
    ],