{
    "seed": 1865511657,
    "n_nodes": 3,
    "lambda": 0.1,
    "b": 1024,
    "k": 64,
    "avg_wait_ticket": [
        8.12701391950338,
        7.861537130353296,
        7.551890066886223,
        8.197595837030265,
        8.33271870226419,
        8.837114537329642,
        8.696191682625937,
        9.28900404305936,
        7.681308926731366,
        8.329507324890788,
        7.997696913228498,
        7.827630846629663,
        7.847141207606107,
        7.730454292217694,
        7.677825215539832,
        8.169057719097554,
        7.569066402617985,
        8.626872728331525,
        7.74750874714405,
        8.053664347760831,
        8.219403746950809,
        7.892401775433815,
        8.217852585276805,
        8.312649927626003,
        8.265406946455606,
        8.952672246412911,
        8.088434604133894,
        7.3291091967176785,
        8.935024236141702,
        7.5464265357625075,
        9.095568871135766,
        7.736323693478756,
        7.94980614072289,
        7.6367195266958205,
        7.263622660162471,
        8.267116650942674,
        8.5394441777488,
        8.860206886101745,
        7.575332682528525,
        8.199854289799566,
        7.668523386386471,
        7.817639563602112,
        7.906141477874252,
        7.600547126666773,
        8.853471720212838,
        8.142379824977347,
        8.158567385707594,
        7.738591132525653,
        8.200049555636229,
        8.109900924272756,
        9.448358235757343,
        7.432187992010846,
        7.947234942751286,
        7.9311128162206925,
        7.892362912996933,
        7.818289662765372,
        7.711397335209947,
        8.483351350419076,
        8.195522247689114,
        7.528359205840884,
        8.208879108155168,
        7.489356406801156,
        8.517579171710677,
        9.771265836460504
    ],
    "avg_delay_arcades": [
        6.960696932143414,
        9.228870415393887,
        6.58815546533942,
        7.199169964635707,
        9.052611191147951,
        7.319458428470045,
        7.588421471236493,
        8.26902754348456,
        7.0795251323004855,
        8.103913637640904,
        8.027236873793898,
        7.131574607901119,
        7.534422287293983,
        7.372684791874256,
        6.17825003933855,
        8.344179563927643,
        7.0785047222895985,
        6.795763063597481,
        6.027727881217661,
        7.175678702945693,
        6.3814911371748515,
        6.233916718799187,
        5.87121798028824,
        8.445995570741864,
        6.224859542514248,
        7.823025412008455,
        6.259812880869745,
        7.6868538973641805,
        6.648450216612865,
        7.079366330413407,
        7.2276914274586375,
        5.703530029306705,
        8.976266311851106,
        7.198219657574832,
        7.236901541687234,
        7.601226786955823,
        6.895488131616104,
        6.977898122324638,
        8.572688840734614,
        8.742613340611607,
        6.095553148156292,
        8.241849113744408,
        8.18355905803556,
        6.351922478793621,
        6.645663570462742,
        6.674021940860467,
        9.494981465413634,
        8.652167821341996,
        7.259201360809787,
        8.054503500943762,
        7.1769470922528456,
        5.836554223102692,
        7.0517420829010655,
        7.281103681745674,
        7.12859335794739,
        6.087742023314765,
        6.779873373466857,
        7.058967278441821,
        6.488557902191624,
        7.1264359288339305,
        7.808621925103111,
        7.402132828839217,
        7.314532723205133,
        10.248411536820628
    ],
    "final_wait_ticket": 8.131120172332581,
    "final_std_ticket": 0.5367034602960884,
    "final_w_ticket": 0.13981522792356937,
    "final_delay_arcades": 7.321835553868295,
    "final_std_arcades": 0.9506679666039204,
    "final_w_arcades": 0.247656048941878,
    "correlation_delay_arcades": [
        -0.07612068782741742,
        0.5532134816185305
    ]
}