{
    "seed": 306186735,
    "n_nodes": 3,
    "lambda": 0.1,
    "b": 8192,
    "k": 64,
    "avg_wait_ticket": [
        7.935486637541425,
        7.959989371215334,
        8.080273814950196,
        8.077065162971994,
        8.041072454273348,
        8.03953187196346,
        8.02961107516611,
        8.018763370950804,
        8.021406582023554,
        8.01101416339119,
        8.021412329911815,
        8.040211816061763,
        8.047468655534502,
        8.063376142716267,
        8.065771005676451,
        8.075082737716354,
        8.076068355805406,
        8.081915738326549,
        8.082248431457472,
        8.083339598592275,
        8.084057307281427,
        8.090184888357351,
        8.091980515135191,
        8.095649224376302,
        8.084149108147592,
        8.081691932998723,
        8.080699804742506,
        8.079740319803737,
        8.07959513401839,
        8.077541232826766,
        8.078860019247694,
        8.07314115411223,
        8.071799951217097,
        8.073422993580392,
        8.07986457840676,
        8.078290698707695,
        8.077604069032668,
        8.076943450170578,
        8.074942037532583,
        8.075999177325475,
        8.080667774557195,
        8.081795238647027,
        8.088066843596298,
        8.088396231546982,
        8.085978873469307,
        8.089225249543627,
        8.08987361312061,
        8.091633658988943,
        8.095972269787284,
        8.097519715086774,
        8.095081141941282,
        8.096713366529592,
        8.096572291303277,
        8.096723682619025,
        8.092961451785143,
        8.09527640022294,
        8.094242738667216,
        8.098619333871046,
        8.101030359583833,
        8.098155395364577,
        8.095237885371956,
        8.094497442488171,
        8.096325446837424,
        8.09672178232318
    ],
    "std_ticket": [
        0.3178825687656737,
        0.05915406546181341,
        0.02529153580872907,
        0.016733791353380115,
        0.014403799637522419,
        0.010819970933756095,
        0.006958209339706708,
        0.008156007805506288,
        0.010254992801577262,
        0.004082863281206304,
        0.00722967977508483,
        0.004261601469355801,
        0.006237926095910225,
        0.005249065733539797,
        0.002984428486449393,
        0.003298026590981438,
        0.0035000164263594086,
        0.0035130893232053384,
        0.0017992947761794594,
        0.0020232294015439067,
        0.003598602026074686,
        0.004776254310671289,
        0.001442981898955308,
        0.0015728561097439842,
        0.003706478314650038,
        0.0011467642138877623,
        0.0013627363889101782,
        0.002532372111492632,
        0.0020002536957300066,
        0.0014113394240929218,
        0.0012451504667963782,
        0.0018456709018828657,
        0.0012704972364440258,
        0.0021587481586601105,
        0.0009037049636315321,
        0.000897165545894086,
        0.0018610258052520596,
        0.0020242057766041138,
        0.0017988119378347387,
        0.0018363418290328062,
        0.0013283977895906585,
        0.0009856230422511895,
        0.0030764229049046335,
        0.0020752158106895993,
        0.0014830236780179079,
        0.0013321354400464796,
        0.0011113111985350539,
        0.000818566010439481,
        0.001764526312325131,
        0.0012460223264013097,
        0.0009650403902539914,
        0.0006705551853647193,
        0.000917597533405472,
        0.0022158235275830836,
        0.0008119173502276908,
        0.001213405690869055,
        0.0009971763191384355,
        0.0013693175499542968,
        0.0012182741083184275,
        0.0013918261231127128,
        0.0006190626059616616,
        0.0004971474941971066,
        0.0016148045216608272,
        0.0005855833642705713
    ],
    "w_ticket": [
        0.006885104260672851,
        0.0012812338522641014,
        0.0005477961928890903,
        0.00036244169849180234,
        0.0003119757797329485,
        0.00023435266760813014,
        0.00015070973207965843,
        0.0001766531719868127,
        0.00022211565392047828,
        8.843183658145207e-05,
        0.00015658958343019419,
        9.230317518788006e-05,
        0.00013510892310793367,
        0.00011369092991439709,
        6.464054121468082e-05,
        7.143284710939042e-05,
        7.580779941197684e-05,
        7.609094880932427e-05,
        3.89714106620663e-05,
        4.3821671087467226e-05,
        7.794309149570542e-05,
        0.00010345017983260686,
        3.125393398936138e-05,
        3.406691453599774e-05,
        8.02796131143011e-05,
        2.4838075285738613e-05,
        2.9515874852438822e-05,
        5.4849330311344204e-05,
        4.332403408080311e-05,
        3.056858109524328e-05,
        2.696904966323615e-05,
        3.997588367206452e-05,
        2.7518042180733874e-05,
        4.675690838482802e-05,
        1.957358945364907e-05,
        1.9431950441792463e-05,
        4.030845966394719e-05,
        4.384281865813506e-05,
        3.8960952736180774e-05,
        3.977382276800966e-05,
        2.8772125871806157e-05,
        2.134787520426567e-05,
        6.663307312646111e-05,
        4.494765873912087e-05,
        3.2121209677673966e-05,
        2.885308065073035e-05,
        2.4070188867787307e-05,
        1.7729541912294494e-05,
        3.821835112957917e-05,
        2.698793350547994e-05,
        2.0902069995404662e-05,
        1.4523735547054157e-05,
        1.9874492367934872e-05,
        4.799311918832355e-05,
        1.758553678823339e-05,
        2.6281481002771363e-05,
        2.1598110743225803e-05,
        2.965841799382899e-05,
        2.6386927368873044e-05,
        3.0145937248365137e-05,
        1.340844388693683e-05,
        1.0767851611903013e-05,
        3.497548649934443e-05,
        1.2683307964868263e-05
    ],
    "avg_delay_arcades": [
        7.055562437328422,
        7.423118380174105,
        7.345961974934783,
        7.509601981228668,
        7.472386115807166,
        7.422433769660674,
        7.415351174141314,
        7.417321773459539,
        7.409982665793741,
        7.345837402093429,
        7.287180992693739,
        7.273683976264767,
        7.2955001522382945,
        7.292070984403953,
        7.302677433115269,
        7.301951102253075,
        7.303319109365029,
        7.32024847984418,
        7.30985797749103,
        7.307741954077463,
        7.300402401054275,
        7.2908166721094085,
        7.294927514062716,
        7.3056692934806815,
        7.294164027353485,
        7.291941306397922,
        7.291030441219224,
        7.289485614779067,
        7.292387363019457,
        7.29759754744097,
        7.302933440840154,
        7.305074042134488,
        7.303389670529741,
        7.31351858157414,
        7.321943774879371,
        7.311649894515137,
        7.302185868069117,
        7.297298632590274,
        7.301234711688305,
        7.302551758714588,
        7.304726708914606,
        7.304783177450107,
        7.309340328250006,
        7.306251684764601,
        7.311024876232945,
        7.314859677248086,
        7.309380765084525,
        7.3112562227843405,
        7.311485894721254,
        7.309613275200831,
        7.298689307160519,
        7.29257400085201,
        7.288377803719896,
        7.28488630418044,
        7.2838636775851855,
        7.282119769477972,
        7.282083696298691,
        7.289761887271955,
        7.296725907486143,
        7.2979765670185985,
        7.294887937421507,
        7.294287583873598,
        7.296745111829859,
        7.296897588235913
    ],