{
    "seed": 987654321,
    "n_nodes": 19,
    "lambda": 0.022222222222222223,
    "b": 32,
    "k": 64,
    "income": [
        141.875,
        141.875,
        117.37392753900617,
        141.875,
        141.875,
        141.875,
        138.87083400815334,
        135.89407511301167,
        115.81380900272205,
        132.78355096022418,
        135.95940156126898,
        133.4069936903218,
        128.74363069387414,
        138.78628617872303,
        141.875,
        141.875,
        141.875,
        141.875,
        141.875,
        141.875,
        141.875,
        132.4492765343503,
        139.23570360882584,
        136.73804475737555,
        141.875,
        141.875,
        138.836171394598,
        141.875,
        141.875,
        141.875,
        141.875,
        141.875,
        141.875,
        141.875,
        141.875,
        129.44077851208613,
        125.24886050320377,
        141.875,
        141.875,
        132.42600204733512,
        113.69337783317621,
        141.875,
        134.89045905167433,
        129.99708102025875,
        141.875,
        131.60225576294684,
        141.875,
        88.8967557108814,
        141.875,
        116.04261907936777,
        141.875,
        141.25351457500406,
        132.91362337346706,
        141.875,
        137.1375864779152,
        120.01000175723121,
        141.875,
        141.875,
        130.65794159353123,
        141.875,
        119.17489612576013,
        141.875,
        141.875,
        130.7584907243053
    ],
    "avg_wait_system": [
        19.49007658253936,
        19.816145984245907,
        20.584143973693358,
        20.64085696591883,
        18.600637414272683,
        19.246552910470882,
        20.555469917972346,
        20.360387822101757,
        20.5850842433548,
        19.750685519009266,
        20.384099106010808,
        19.02549538500284,
        20.36208439913844,
        19.376652281262295,
        18.00762055849748,
        20.491792373298722,
        19.181824363932265,
        19.664257463034573,
        17.66661112330121,
        19.397664271648182,
        20.590872254323358,
        18.21895824203648,
        20.07057069199891,
        19.791999708881804,
        21.344793398242018,
        18.429195828819047,
        19.042217296148692,
        18.854833037751405,
        18.35081802489458,
        20.742056892742312,
        20.337880195948173,
        20.962392549413835,
        17.817847698283686,
        19.590178398420903,
        17.73569285910662,
        19.0221963866411,
        19.377267686251344,
        19.418791401789804,
        21.870159559534386,
        19.144023865238978,
        21.954841269237477,
        17.225923118618084,
        19.067738177008323,
        18.63838076304728,
        18.583639661372672,
        20.73773779403109,
        19.960777446438442,
        20.386547557235644,
        20.615616752282676,
        19.981601996737027,
        17.494901273519645,
        18.728765722741173,
        19.697614899662767,
        20.114278195412226,
        18.867184403816736,
        21.61318642078777,
        17.967926960820932,
        18.764590141650388,
        19.732822845598548,
        19.020824631283176,
        18.562159172895463,
        20.548836474215932,
        19.75212737289985,
        21.09654272485568
    ],
    "avg_wait_ticket": [
        5.273446930832636,
        5.531130234658966,
        4.961554990901614,
        5.7119161571352945,
        4.575856294618279,
        5.9991602994026225,
        5.567936333495271,
        6.370036227692533,
        5.441797795869475,
        5.052744182687602,
        6.319214393865228,
        5.408857749274751,
        6.141727872849125,
        6.3098513079290255,
        4.268877037467216,
        6.173681670404711,
        4.241924569605404,
        6.141291968758196,
        4.215232056735144,
        5.173087326806611,
        6.531613005983672,
        4.009689623728075,
        5.306122079163194,
        4.735346781853358,
        6.610122751815392,
        4.499285468751307,
        4.469574036494628,
        5.0858858668959686,
        5.680744889601469,
        7.171220326076393,
        6.3012996423581,
        5.672326442094345,
        4.779253804771053,
        6.200747603416251,
        5.08436816135578,
        4.709833914267365,
        5.200541582362213,
        6.516450735881032,
        6.115691208156681,
        5.762169702287318,
        7.490362784898025,
        4.104723746812549,
        5.481805110746184,
        5.178430074968044,
        5.542707962419214,
        6.1717544297256,
        5.663598318170989,
        6.356640757990784,
        5.704801061350736,
        4.1502152749705905,
        4.058380530680879,
        3.7046061831704438,
        4.690370345542481,
        6.423557015660966,
        5.868795842088123,
        6.183402344151825,
        3.4951008547662545,
        4.942199300314921,
        5.540013321452837,
        5.926013718978841,
        3.784067544121705,
        6.446141946696486,
        5.687799717936691,
        6.219429754966508
    ],
    "avg_delay_arcades": [
        0.0,
        0.0,
        0.3828292572030286,
        0.0,
        0.0,
        0.0,
        0.046940093622604186,
        0.09345195135919264,
        0.407206109332468,
        0.14205389124649706,
        0.09243122560517229,
        0.1323125985887217,
        0.2051776454082165,
        0.04826115345745245,
        0.0,
        0.0,
        0.0,
        0.0,
        0.0,
        0.0,
        0.0,
        0.14727692915077664,
        0.04123900611209632,
        0.08026492566600689,
        0.0,
        0.0,
        0.04748169695940624,
        0.0,
        0.0,
        0.0,
        0.0,
        0.0,
        0.0,
        0.0,
        0.0,
        0.1942847107486542,
        0.259783429637441,
        0.0,
        0.0,
        0.14764059301038893,
        0.44033784635662176,
        0.0,
        0.1091334523175886,
        0.18559248405845688,
        0.0,
        0.1605116287039556,
        0.0,
        0.8277850670174781,
        0.0,
        0.4036309518848787,
        0.0,
        0.009710709765561643,
        0.14002150978957706,
        0.0,
        0.07402208628257524,
        0.34164059754326254,
        0.0,
        0.0,
        0.1752665376010746,
        0.0,
        0.35468912303499806,
        0.0,
        0.0,
        0.17369545743273002
    ],
    "final_wait_ticket": 5.444308044289273,
    "final_std_ticket": 0.9114123744779473,
    "final_w_ticket": 0.23742967634249199,
    "final_delay_arcades": 0.0913640568615642,
    "final_std_arcades": 0.1522953860281764,
    "final_w_arcades": 0.039674076439698065,
    "final_income": 136.02770036085994,
    "final_std_income": 9.74690470580329,
    "final_w_income": 2.539140892140676,
    "final_wait_system": 19.541403848415747,
    "final_std_system": 1.112656780125177,
    "final_w_system": 0.2898553350635817,
    "correlation_delay_arcades": [
        1.0,
        -0.14237347261757324,
        0.1076239680650618,
        -0.22687931380959334,
        -0.2117688461650742,
        -0.11462012362431075,
        -0.15534397038502873,
        0.38726163791885476,
        -0.005666311343812652,
        0.3615849666432115
    ]
}