{
    "seed": 468482873,
    "n_nodes": 3,
    "lambda": 0.1,
    "b": 1024,
    "k": 64,
    "avg_wait_ticket": [
        8.974931733150566,
        8.256979258497953,
        8.108521358322914,
        8.092162701367066,
        8.121317986661857,
        8.220404830466114,
        7.396249525886018,
        8.128988621701668,
        7.814415899308218,
        8.03044111964851,
        8.378063581102703,
        8.425311901879104,
        7.811892975536029,
        8.189495859327172,
        7.673075088052227,
        8.120882357339434,
        8.489170426939024,
        8.162810376356529,
        8.26861666139212,
        7.303585133242463,
        7.272392297076186,
        9.023425849639082,
        9.162742723866778,
        8.087783860198225,
        7.4830115690249945,
        8.195861235658326,
        7.8891090369783345,
        7.658743282529487,
        8.566770189840044,
        7.9516910036046164,
        8.130757184707264,
        6.731924083179546,
        9.062702505033416,
        7.444893194787473,
        8.714178178944987,
        8.234193340021474,
        8.056124917803045,
        7.781547123103854,
        7.9209729881034106,
        7.522845283538608,
        8.336317032064416,
        7.263216288456808,
        8.16153484224517,
        8.595795930389196,
        9.079063284389322,
        9.065387893116386,
        7.605792131019129,
        8.456802284861192,
        8.356304421357816,
        8.276960908340698,
        8.013745745720424,
        7.624660702120811,
        7.942981883778014,
        7.801007527257431,
        8.461628166428671,
        8.75045170120875,
        9.85457626378806,
        8.219448773968194,
        8.986867157079057,
        8.243791471877971,
        8.236170913515663,
        7.721534996879719,
        8.053117723101458,
        8.01443830614441
    ],
    "avg_delay_arcades": [
        7.3602057936135274,
        7.278565362759035,
        7.390632475921869,
        7.195942976860143,
        6.3609468328193755,
        8.289283406158596,
        7.258502958665113,
        7.63138086162498,
        6.286695258317855,
        7.5747805405110675,
        6.913036039010308,
        6.371739415058975,
        7.067552412901418,
        6.221143588125145,
        5.850540703483252,
        7.929492470200976,
        7.492391213335671,
        7.061037177079103,
        6.713358159423774,
        6.457700475952965,
        7.019112817438672,
        7.715806197097059,
        7.816582000302749,
        8.303140931728743,
        7.725464813239419,
        8.396532782791796,
        7.185509726354145,
        7.158249770748564,
        7.818798135825858,
        6.32503371793002,
        7.19961230354524,
        7.05960969782346,
        8.110046671416619,
        7.115999327369536,
        9.927191120621679,
        8.627480450538258,
        8.614053599066745,
        7.525543463913511,
        7.7190865103715645,
        6.296218603719818,
        7.173558637414476,
        6.772097743636574,
        6.557327726194906,
        6.898489496777283,
        6.895622558252505,
        8.175479102166952,
        7.501300067735632,
        6.519494427949117,
        7.485242851376718,
        7.470138027107301,
        6.874712865822155,
        6.689966814496955,
        6.889290422343144,
        5.8728456128647695,
        8.25195755117898,
        6.763286066567136,
        8.47966787122871,
        6.911866165871193,
        7.50499951302348,
        8.097555587336617,
        7.225568638909479,
        10.174718403454262,
        7.684086121512071,
        6.41096059442681
    ],
    "final_wait_ticket": 8.14246647569312,
    "final_std_ticket": 0.5481861522695917,
    "final_w_ticket": 0.1428065542596541,
    "final_delay_arcades": 7.340314783702654,
    "final_std_arcades": 0.8579282166563502,
    "final_w_arcades": 0.22349665695781845,
    "correlation_delay_arcades": [
        0.12159539452553762,
        0.3424499804791128
    ]
}