{
    "seed": 430131813,
    "n_nodes": 5,
    "lambda": 0.07142857142857142,
    "b": 256,
    "k": 64,
    "income": [
        3003.3645897207653,
        2976.8114407662706,
        2993.008522504429,
        2999.9756552547146,
        2894.4601348084134,
        3014.2041238869097,
        2789.7341525649285,
        2911.816983544211,
        3021.085243410299,
        3008.511902335367,
        3014.9262120117173,
        3097.0361573836226,
        2979.8384679155547,
        3174.3838058470515,
        3141.143145720609,
        2789.104552408607,
        3041.755888766247,
        2960.466946790151,
        3135.3364371100047,
        3004.6081992661793,
        2871.09400799782,
        3150.2400676748084,
        3109.03007151541,
        3083.8704508020746,
        3086.046579684043,
        3142.0370536309,
        3067.3528463879675,
        2882.9343415140247,
        3131.5572438218187,
        2996.9816372110336,
        2951.283932004588,
        2982.4258655741805,
        3004.5498794314294,
        3042.7706258581375,
        2933.90519681394,
        3022.179727604461,
        2988.2404309860003,
        2928.5723869431404,
        3030.1980463297677,
        2993.8870780950233,
        2994.3883454557945,
        3082.253219915772,
        2934.5358836187843,
        3001.9691187489752,
        2896.441278159237,
        3060.5972332474853,
        3073.0054317761637,
        2940.5138597410983,
        2816.8442916294343,
        3040.4726750233813,
        3000.3828597468746,
        2867.860716935412,
        2953.0270329728037,
        2935.9001952725885,
        2774.4649683897683,
        2852.945493259327,
        3133.751442223249,
        2974.6491554403447,
        3092.119561924977,
        3066.825386072968,
        3017.0197895014326,
        3019.4633687514306,
        2995.6302098333467,
        2992.9919293244066
    ],
    "avg_wait_system": [
        20.127681508641437,
        22.22903681629824,
        23.197738797577454,
        20.539388871727873,
        21.78105094926478,
        21.723299731170812,
        23.01536354653379,
        20.94161248534924,
        22.8275810299219,
        21.76794602913799,
        22.068986570022872,
        22.128878370304164,
        21.49205006431481,
        22.523555110151904,
        21.395784932235614,
        21.72644152032035,
        21.337414189903285,
        22.35493950375718,
        21.6751789181084,
        22.184088550184867,
        20.456143478798367,
        20.825981707419032,
        21.224338105591187,
        21.04887670737378,
        22.32787463316845,
        22.604739914641073,
        21.257545292513385,
        21.823694212349153,
        22.43857129992881,
        20.429020869895226,
        23.305596707965606,
        21.9705247655084,
        21.92040128009421,
        21.069327506246054,
        22.528663944991706,
        21.43207952006844,
        20.561046367222957,
        22.55685318368944,
        22.078438676791166,
        21.468370499380512,
        21.713944319811162,
        20.982994486105667,
        22.652326630529956,
        23.12001322268884,
        21.851874043928092,
        21.59049105007864,
        22.267393958429693,
        22.48058641101602,
        23.19999091297916,
        22.067482756599816,
        22.735779118514415,
        21.745896828511036,
        22.339599415336465,
        21.658691681237656,
        24.35080102573602,
        22.598322045122586,
        22.20967028622215,
        21.739996279254115,
        21.993067158426697,
        21.72034004085606,
        20.493124805126627,
        21.42094250267064,
        21.77357952743803,
        21.54581306313912
    ],
    "avg_delay_ticket": [
        0.8168111593795593,
        1.52716551799509,
        2.2218949968190045,
        1.0868336834695707,
        2.3143549606166007,
        2.126667872116741,
        1.6580832790102906,
        1.5188233518938032,
        2.4928060134558807,
        1.7088178194716956,
        1.8366405440972229,
        2.1418743733366825,
        1.434459740333035,
        2.3616797655423167,
        1.344368256320076,
        1.1611354494410382,
        1.2097378850823375,
        1.7730320635987913,
        1.5169855075259764,
        2.0748097830851857,
        1.2591810818845315,
        1.3182981652642047,
        1.2587652672795988,
        1.2485622729464982,
        3.158923448078709,
        2.2823862438341305,
        1.4161722960713503,
        1.3939188679054069,
        2.4299494925743224,
        1.6106841111993488,
        2.415988602119601,
        1.7213329543504954,
        1.7676637259019072,
        1.7598158774421901,
        2.2838578824002522,
        1.4158705257502626,
        1.3933071157688657,
        1.8785857603030514,
        2.3695584474763396,
        1.884919992787618,
        1.4705449633639427,
        1.315266319520885,
        1.917942175150582,
        2.2455040942312743,
        1.3148766348156253,
        1.8422438280258124,
        2.291035853188996,
        2.0266810255390832,
        2.7475924452863696,
        1.6538667635704238,
        1.9508770052726763,
        1.6778607547121547,
        2.4103268993654847,
        1.342742222277336,
        2.628431386126759,
        2.052075554204445,
        1.6825488903911188,
        2.3461018716135005,
        1.8951645542069204,
        1.9340159028736297,
        1.1684764446910842,
        1.608934387788278,
        1.2651463775079137,
        1.4972851506414009
    ],
    "avg_delay_arcades": [
        1.3444682974270143,
        2.0803475146609003,
        2.358005354675086,
        1.624713153796001,
        1.9222544175925809,
        1.6499745096117493,
        3.1890042220763966,
        1.9918002278102651,
        2.013925368809988,
        2.239799804181787,
        1.8698619156640937,
        1.619747236130813,
        1.7574943423891967,
        1.7557412085844895,
        1.507960788639877,
        2.4539373931574024,
        1.8903563201072362,
        2.4490382300302134,
        1.3435722502601524,
        2.112654454266214,
        2.1609400448909737,
        1.391564798113606,
        1.587349422650524,
        1.5486974452072653,
        1.3328620966727596,
        1.8920036846662363,
        1.5170775511478234,
        2.2877528043517206,
        1.7170564578930374,
        1.217223334376932,
        2.241997614748622,
        2.2552878692223772,
        1.9871701478096249,
        1.9425769659989087,
        2.3049171409985862,
        1.746990456597268,
        1.6985731644584572,
        2.0859445210932734,
        1.556897564979144,
        1.5937279264820177,
        1.7688203284407877,
        1.3854134428063594,
        2.40279383065284,
        2.3031936403948836,
        2.3992343283502633,
        1.303417337120187,
        1.5168315840778483,
        2.3205452675493135,
        2.638482993819482,
        2.1572542787537503,
        2.1457432916815895,
        1.9552029829894473,
        2.1568661828289972,
        2.0021242199183793,
        3.254226527872267,
        2.908290652851755,
        1.622075575079799,
        1.605853195189102,
        1.5684899223825597,
        1.397917524150253,
        1.4251257546691471,
        1.6058478362932884,
        2.2237557356824444,
        1.7394472831969732
    ],
    "final_delay_ticket": 1.8204593383438676,
    "final_std_ticket": 0.45782138818595,
    "final_w_ticket": 0.11926586368977439,
    "final_delay_arcades": 1.9273447903070553,
    "final_std_arcades": 0.4442343891845887,
    "final_w_arcades": 0.11572634978180624,
    "final_income": 2998.260387843592,
    "final_std_income": 94.33193354441855,
    "final_w_income": 24.574167607765656,
    "final_wait_system": 21.908749695734627,
    "final_std_system": 0.754130418552335,
    "final_w_system": 0.19645656149826754,