{
    "seed": 430131813,
    "n_nodes": 3,
    "lambda": 0.1,
    "b": 1024,
    "k": 64,
    "avg_wait_ticket": [
        9.137824842084738,
        8.988234611771919,
        8.31715611693417,
        7.824005982307796,
        8.508708664367186,
        8.03758777305474,
        8.594025587937638,
        8.686648912352442,
        7.805692699036056,
        7.730317581789446,
        8.431452216101151,
        7.742861788491008,
        8.239189101755704,
        9.337383703515025,
        8.23414299451377,
        7.443729138971022,
        8.718566689997663,
        7.5259807891281,
        7.986485615217401,
        8.592880276685895,
        8.292467492759389,
        8.543302441358966,
        7.631742058585618,
        8.178561166933369,
        8.735040623778918,
        7.575637663488171,
        8.391365818065324,
        7.498496691593182,
        8.139634941612028,
        8.077641073905038,
        7.877067538861398,
        9.06013678007466,
        8.310686726317774,
        7.951935192442237,
        7.692164340123341,
        7.321533351318231,
        8.497133173739625,
        7.722563401020827,
        8.326488630364974,
        7.824589293764935,
        7.518185665966034,
        8.52468775618271,
        8.594564306063216,
        8.628433918614972,
        8.968189809876625,
        7.833999277943352,
        7.43753097735195,
        8.360104924862144,
        9.21418090403974,
        8.613574780852256,
        8.053610459918083,
        7.478173326618699,
        8.080055834526545,
        7.788429586058494,
        8.84325882288937,
        8.96852812659701,
        8.42330305443455,
        8.157543239202099,
        7.671723311192288,
        8.06369802642148,
        8.265732696149161,
        8.335703630268503,
        7.719489335875204,
        7.51278325717785
    ],
    "avg_delay_arcades": [
        7.686834387734655,
        7.731777577644141,
        7.781663569615031,
        5.996085887693444,
        6.9452876516016895,
        7.035532072438971,
        8.493284503902437,
        6.699749483349006,
        7.822608039986534,
        7.2331116429008295,
        6.841041046010944,
        7.4043939692385115,
        9.2917811800897,
        8.334649897256842,
        7.20668496994096,
        7.305188206068341,
        6.244877190025803,
        6.515040904906024,
        6.79005554490039,
        7.866718721831803,
        7.531511619380011,
        8.985765126657137,
        5.966239252898718,
        7.4066479546125565,
        8.249720694840898,
        6.683460905172644,
        7.205742672022075,
        6.87410330630867,
        7.933775113319862,
        7.309947241169233,
        7.215718736409248,
        8.382335363353922,
        6.38557320592603,
        7.479292491633843,
        6.6191525561564335,
        8.706124665002912,
        6.2938171143189505,
        7.442449159997554,
        6.752345093537367,
        6.642104850766317,
        6.575159461327828,
        7.562882227072204,
        6.380760860921757,
        7.266496690555024,
        6.661327597795139,
        8.03207484877957,
        6.752380719164759,
        9.029288665067712,
        8.237285596438063,
        6.5414224662761695,
        9.296847277244312,
        6.876296975505124,
        9.46488533130051,
        8.05230982953175,
        7.072951599575835,
        6.911159811689231,
        7.6627214700126745,
        7.963968289577913,
        6.5901038586077805,
        6.594316644123392,
        7.627382265738496,
        7.053402684852401,
        6.402007031732978,
        7.256577655616645
    ],
    "final_wait_ticket": 8.171988782701746,
    "final_std_ticket": 0.49122345303668025,
    "final_w_ticket": 0.12796734906429813,
    "final_delay_arcades": 7.365997366774009,
    "final_std_arcades": 0.8405959391183683,
    "final_w_arcades": 0.21898147024173018,
    "correlation_delay_arcades": [
        -0.15479239978378573,
        0.22576496037127733
    ]
}