{
    "seed": 482548808,
    "n_nodes": 19,
    "lambda": 0.022222222222222223,
    "b": 512,
    "k": 64,
    "income": [
        2144.8657860612934,
        2220.5244856174977,
        2137.701840073566,
        2065.3556925632793,
        2123.9183832466665,
        2138.245551629199,
        2039.7475750164156,
        2199.0691809114105,
        2190.963056511188,
        2197.802002967758,
        2205.170462367485,
        2104.731131705472,
        2205.8397434462,
        2086.922755058556,
        2121.508474330903,
        2194.7374237228814,
        2087.8261327015875,
        2172.860961252397,
        2218.116730746774,
        2158.295765727936,
        2057.060449605743,
        2094.5360182301574,
        2159.4783981928013,
        2112.250635086064,
        2085.1223726841777,
        2190.043473620105,
        2034.559418851347,
        2124.8904966889245,
        2030.7387242680918,
        2114.945106726479,
        2186.0829297206474,
        2129.184266723087,
        2154.914126065352,
        2072.083611861005,
        2181.5633779547325,
        2132.4768446236194,
        2181.4451170784228,
        2140.1006571980693,
        2165.0270895330837,
        2211.057792900139,
        2101.296944582624,
        2127.3975145853847,
        2066.8251719354844,
        2113.8003486826874,
        2176.801518379046,
        2171.737429071384,
        2201.7102969553534,
        2150.8005830483266,
        2177.798102481817,
        2108.690053708762,
        2098.004561757162,
        2126.766911717241,
        2160.42156511959,
        2139.9812153198595,
        2092.6028369545047,
        2216.163647606508,
        2088.620161809594,
        2157.489637767482,
        2133.2574830818976,
        2211.1826011663784,
        2110.8488364586956,
        2139.8588133737358,
        2093.9327256995603,
        2192.6495709950473
    ],
    "avg_wait_system": [
        19.43822497175691,
        19.659249042673082,
        19.30609110826795,
        19.541506891585954,
        19.775174792692837,
        19.29190143237082,
        19.874040418187064,
        19.377649364098886,
        19.547027626790452,
        19.763588672290723,
        19.194036400581126,
        19.39900016309582,
        19.757956902339743,
        19.450208432510863,
        19.55564100715776,
        19.82587109516021,
        19.522993768484184,
        19.384614368483653,
        19.305029652619965,
        19.91255902359137,
        19.619916946114245,
        19.933018995503744,
        19.347573972290775,
        19.51251814878424,
        19.54864216698661,
        19.538651847035226,
        19.99443453590243,
        19.797864630787217,
        19.964087340595142,
        19.651554505138165,
        19.410409128968013,
        19.458366661130867,
        19.821630052207638,
        19.889415840834545,
        19.510354382596233,
        19.537286121910483,
        19.947021970924652,
        19.413494590169194,
        19.55921295715416,
        19.201922903710283,
        19.475741865379177,
        19.45538976024568,
        19.972140978350353,
        19.315066202261278,
        19.758951101617868,
        19.89567877542413,
        19.88460451729179,
        19.74713305259138,
        19.932663753973884,
        19.80447150350483,
        19.995400362725377,
        19.562201044429003,
        19.34267838821779,
        19.734835193999515,
        19.866745310688657,
        19.196237064380966,
        19.443343201168773,
        20.212864265205553,
        19.727028292834348,
        19.789559154589824,
        19.601848527068796,
        19.106774331844008,
        19.578839358609912,
        19.39745876092502
    ],
    "avg_wait_ticket": [
        5.718497390545682,
        5.898702747691877,
        5.184439031911076,
        5.34934511227839,
        5.4294336710632445,
        5.444649556335795,
        5.71310795613176,
        5.407631000187594,
        5.3531507377332535,
        5.857988657843061,
        5.311302318157187,
        5.41285596944521,
        5.77569733283457,
        5.396139541402924,
        5.401874995722794,
        5.810560554854942,
        5.551922371152508,
        5.264238299907903,
        5.288090131222215,
        5.5570624654008425,
        5.680421876065183,
        5.698589207485639,
        5.283498833372571,
        5.336505882798555,
        5.409088151326835,
        5.719115284540429,
        5.846118956197293,
        5.84774184113155,
        5.895436522036761,
        5.58343064946551,
        5.2967274692538595,
        5.542179383536157,
        5.809205012092848,
        5.6325014860796125,
        5.545149234812822,
        5.506653778127961,
        5.681166352396732,
        5.67525157516339,
        5.454943946649879,
        4.97148922229144,
        5.315902334068829,
        5.553814558868031,
        5.958420721626386,
        5.168863728482427,
        5.830242882446777,
        5.921039642537215,
        5.803885176756923,
        5.725944479876489,
        5.6779744619751105,
        5.7947282557042294,
        5.904517556261271,
        5.460197387693063,
        5.376944576082398,
        5.823412569122467,
        5.9464537050873965,
        5.421858377536879,
        5.547866514566066,
        6.056848526363582,
        5.5596268281586925,
        5.8354062896217345,
        5.512064268309396,
        4.868724856916564,
        5.319672609022063,
        5.962849120898829
    ],
    "avg_delay_arcades": [
        0.12220138079951808,
        0.04831593201416238,
        0.12919742180315832,
        0.1998479564811724,
        0.14265782886067732,
        0.12866645348711045,
        0.2248558837730316,
        0.06926837801620045,
        0.07718451512579323,
        0.07050585647679866,
        0.0633100953442531,
        0.1613953791938753,
        0.06265650054082018,
        0.17878637201312883,
        0.14501125553622768,
        0.07349860964562357,
        0.17790416728360584,
        0.09486234252695602,
        0.050667255130103415,
        0.10908616628131218,
        0.2079487796818916,
        0.17135154469711178,
        0.10793125176484232,
        0.1540521141737655,
        0.18054455792560786,
        0.07808254529286603,
        0.2299224425279815,
        0.14170849932722204,
        0.23365358958194155,
        0.1514207942124226,
        0.08195026394468051,
        0.1375153645282352,
        0.112388548764305,
        0.19327772279198724,
        0.08636388871608144,
        0.13429995642224646,
        0.08647937785310277,
        0.12685482695501032,
        0.10251260787784806,
        0.05756074912095802,
        0.16474907755603163,
        0.13926023966271023,
        0.19841291803175348,
        0.15253872198956323,
        0.09101414220796333,
        0.0959595419224763,
        0.06668916312953746,
        0.11640568061686835,
        0.09004091554510062,
        0.15752924442503713,
        0.16796429515902173,
        0.13987606277613218,
        0.10701019031290024,
        0.12697146941419976,
        0.17323941703661633,
        0.05257456288426928,
        0.17712874823281832,
        0.10987340061769371,
        0.13353761417783436,
        0.05743886604845858,
        0.1554210581458051,
        0.12709100256471115,
        0.1719406975590232,
        0.07553752832514896
    ],
    "final_wait_ticket": 5.578969660870059,
    "final_std_ticket": 0.25238790181564896,
    "final_w_ticket": 0.06574891840279717,
    "final_delay_arcades": 0.12757235072895506,
    "final_std_arcades": 0.047961460105560065,
    "final_w_arcades": 0.012494315711150134,
    "final_income": 2139.365912853551,
    "final_std_income": 49.11253514809349,
    "final_w_income": 12.794179288217734,
    "final_wait_system": 19.62320542644212,
    "final_std_system": 0.24914642901813128,
    "final_w_system": 0.06490449072248566,