{
    "seed": 250910117,
    "n_nodes": 3,
    "lambda": 0.1,
    "b": 8192,
    "k": 64,
    "avg_wait_ticket": [
        8.61268620918244,
        8.43955587087743,
        8.288300410809583,
        8.323526954069063,
        8.313795786117948,
        8.291832693035232,
        8.247924897629035,
        8.233427880529804,
        8.201929911294453,
        8.175397211882975,
        8.146022495569776,
        8.147706930469475,
        8.181845200688826,
        8.198756187562662,
        8.189682794338237,
        8.183640717246579,
        8.189209532166249,
        8.194879962788857,
        8.201756083058681,
        8.189940582891893,
        8.186059886942362,
        8.18974109229591,
        8.194864105349753,
        8.194169942116607,
        8.195328541011449,
        8.194896676289552,
        8.18845086245602,
        8.190037824715139,
        8.186549160550936,
        8.183770767828506,
        8.180346824561438,
        8.176972509906468,
        8.176835550055022,
        8.180767062049041,
        8.176792779652546,
        8.175164015261078,
        8.172041517260498,
        8.176594767309348,
        8.177550338205908,
        8.1881795168886,
        8.187758143409365,
        8.186090826111021,
        8.185880060265333,
        8.185364922293022,
        8.184659820198496,
        8.18115803093195,
        8.183371329310853,
        8.179329302898607,
        8.177304832681637,
        8.177828815529688,
        8.173091147694135,
        8.174060239567712,
        8.176471443177823,
        8.176607944709383,
        8.173900656408817,
        8.174048153350364,
        8.17396967968521,
        8.176858552200267,
        8.17517455276648,
        8.174995392208036,
        8.173041466497157,
        8.174627453694308,
        8.174236560765214,
        8.173289176786165
    ],
    "std_ticket": [
        0.47071758756969484,
        0.06914664711989559,
        0.02507454161416349,
        0.02540631271804464,
        0.015024000400223225,
        0.015082698051244034,
        0.014361813921782124,
        0.005971024036849459,
        0.014641137369014635,
        0.010186997954576778,
        0.009314126886894128,
        0.007736561010023283,
        0.012203787588360174,
        0.00549188287466051,
        0.008807818794740071,
        0.0034750309517068484,
        0.002615842622714941,
        0.0037552549845106223,
        0.0032167850625028486,
        0.0035589332240851656,
        0.002860964717067079,
        0.0022986655907899734,
        0.002363726532315462,
        0.0026398576147049686,
        0.001954156503979623,
        0.0039212925377380735,
        0.0013957380497978628,
        0.0014826354337521546,
        0.0029357460544239497,
        0.0015436462062665543,
        0.002450913867033272,
        0.0015868537848114036,
        0.002137936222787848,
        0.0023269031623552082,
        0.001935066327497003,
        0.003130391379599959,
        0.00118364177395485,
        0.0014114414611165484,
        0.0010876525073181102,
        0.0044618746707118075,
        0.003225493192914122,
        0.0006653583403896109,
        0.0007513837424884187,
        0.0014434272669677757,
        0.0020092726649572437,
        0.0016149274749989336,
        0.0009771709401553321,
        0.0014569839710698593,
        0.001916772657088922,
        0.0011213263501316665,
        0.0009134494986283402,
        0.0013389903741208415,
        0.0010243888072086996,
        0.001172053973988084,
        0.0008424667291901795,
        0.0014152244278780625,
        0.0012476648991076181,
        0.0008787838813735796,
        0.001028803398089345,
        0.0019443106314518898,
        0.0017155334777481151,
        0.0020741783943944107,
        0.0009275250774652831,
        0.000767950533916861
    ],
    "w_ticket": [
        0.01019539913853786,
        0.0014976658724793989,
        0.0005430962571255597,
        0.000550282176912763,
        0.00032540887526355495,
        0.0003266802235123882,
        0.00031106639979603225,
        0.0001293280194517277,
        0.00031711634164755936,
        0.00022064293519732012,
        0.00020173718540910198,
        0.00016756826075711124,
        0.0002643251256186476,
        0.00011895017183944582,
        0.00019077092193627615,
        7.526663228018586e-05,
        5.6657240618250344e-05,
        8.133608015740627e-05,
        6.967321494068275e-05,
        7.708389421837636e-05,
        6.196640614677303e-05,
        4.978741777022893e-05,
        5.119659024369895e-05,
        5.717738780440338e-05,
        4.2325602576496315e-05,
        8.493233228786113e-05,
        3.0230666723126683e-05,
        3.211280059044815e-05,
        6.35861152942543e-05,
        3.343424936134783e-05,
        5.308500423278059e-05,
        3.4370093954172273e-05,
        4.630613705470016e-05,
        5.039902294584386e-05,
        4.191212329718933e-05,
        6.780199087023558e-05,
        2.5636816301727727e-05,
        3.057079114264803e-05,
        2.355775889614014e-05,
        9.664094645136598e-05,
        6.98618266850447e-05,
        1.4411175680625774e-05,
        1.627442305784577e-05,
        3.126358033521832e-05,
        4.351937836688474e-05,
        3.497814957884371e-05,
        2.1164808846214666e-05,
        3.1557208644365216e-05,
        4.1515895757695427e-05,
        2.4287109736386275e-05,
        1.9784648964352392e-05,
        2.9001553515994035e-05,
        2.2187513359052146e-05,
        2.538583301808056e-05,
        1.8247214023547884e-05,
        3.065272743965488e-05,
        2.7023510430577097e-05,
        1.90338170140936e-05,
        2.228313017314636e-05,
        4.211234816888924e-05,
        3.715720211660103e-05,
        4.492518905988734e-05,
        2.008951572127454e-05,
        1.6633247659938782e-05
    ],
    "avg_delay_arcades": [
        7.018161490924816,
        7.4089377175655065,
        7.471690879854352,
        7.38221327591857,
        7.414686497978626,
        7.360466829372956,
        7.380252199927337,
        7.390147474711743,
        7.445690652237899,
        7.403536910361541,
        7.4039914972392245,
        7.431619102584939,
        7.4660666017967925,
        7.466231563264752,
        7.473897730973184,
        7.464438496206709,
        7.457326293561116,
        7.444304472230633,
        7.459327522039579,
        7.462516820677228,
        7.469832022280395,
        7.484260636629406,
        7.465940928873017,
        7.4478448866300315,
        7.429303155482628,
        7.416032565508408,
        7.405860045342732,
        7.402102820937865,
        7.408518942766073,
        7.4059765414937555,
        7.408993889970286,
        7.407016870805163,
        7.419944480598725,
        7.4178875445716175,
        7.4217301332141625,
        7.416588002891983,
        7.412879573226995,
        7.411906709919512,
        7.405258242579688,
        7.412798400742704,
        7.409019822874304,
        7.403344358305218,
        7.404737109676209,
        7.407193750792985,
        7.39924474996147,
        7.3919678119064365,
        7.396083734963785,
        7.388121475683212,
        7.387716796760345,
        7.393499730045884,
        7.386294337020458,
        7.386468879016884,
        7.391098857807451,
        7.38628138103456,
        7.394770537606099,
        7.391633443360764,
        7.394540642107624,
        7.398756771642866,
        7.397671059962054,
        7.39897064424089,
        7.393987889797086,
        7.394835907425287,
        7.391676079782944,
        7.387701851293206
    ],