{
    "seed": 482548808,
    "n_nodes": 19,
    "lambda": 0.07142857142857142,
    "b": 256,
    "k": 64,
    "income": [
        834.4865855635738,
        954.6978543664003,
        913.8567470272154,
        859.5884147781605,
        613.6454664483293,
        858.4907110608088,
        983.554905550898,
        870.7210701623378,
        960.7535301591209,
        982.8917611211457,
        830.8675017368662,
        875.5396559470694,
        882.9616745346024,
        689.568314570877,
        915.1750749221359,
        907.9160124276793,
        838.662053815807,
        931.6932500684159,
        789.3678992675807,
        893.0637756344953,
        936.7907348401242,
        871.3814870125557,
        664.1412375794675,
        908.4737612965105,
        825.4337375009989,
        896.6158890930983,
        958.294309426345,
        867.3086389930764,
        915.993405545061,
        899.6068606149554,
        796.4262408578029,
        858.1470186245361,
        829.5893619517354,
        787.6702867438423,
        908.0387011649739,
        691.9136490194741,
        743.2295936850815,
        696.7257424508384,
        886.4470663555139,
        838.3317921396815,
        894.379916820044,
        945.8876690152373,
        776.2665257545194,
        840.8159769717602,
        865.1331872929952,
        898.813006774506,
        840.0719971577942,
        731.9018869041676,
        810.940621015716,
        903.8340540828676,
        912.0463688100679,
        814.4105480345249,
        868.3463415023097,
        766.6590571204116,
        875.1119889790523,
        801.7800151880103,
        854.9817978659444,
        891.2234741552359,
        748.5478401111138,
        714.7286628262841,
        881.1620349901791,
        989.9913566525063,
        768.1885839710794,
        855.5458746385516
    ],
    "avg_wait_system": [
        20.206724885705732,
        20.705144353823243,
        20.86845500482403,
        19.708061739061208,
        20.23852153090688,
        19.74738163965175,
        20.02502605444461,
        20.456336341812317,
        20.945537510088002,
        19.679033677822417,
        19.9610089366779,
        20.980390064890884,
        19.655877959248613,
        21.491309631426674,
        19.693210914149034,
        20.117677854590056,
        19.882950083447213,
        20.44661590883385,
        20.742587521621772,
        20.760243116910488,
        19.773967925222507,
        19.54466143534728,
        20.296797270976924,
        19.48382641173663,
        19.845429718945297,
        21.366640451430385,
        19.589736598714353,
        19.482920498424107,
        19.246115332198144,
        19.51350933704316,
        20.30279764264975,
        19.384607677782526,
        20.3536387375338,
        19.586013611164958,
        20.94510643955755,
        20.074006732258,
        19.46339900885573,
        19.435124400372843,
        20.040328163984782,
        20.47661362973463,
        20.25894516071662,
        20.55277372295877,
        20.767079792008417,
        19.75251573235846,
        20.283726646615378,
        19.875247237510393,
        20.204010653055207,
        21.031646872268084,
        19.789904359509592,
        20.409871247598858,
        20.55483180000772,
        20.300426909275984,
        21.07353745242858,
        20.782992819054698,
        19.885196945922758,
        21.29548299089845,
        20.492900999420954,
        20.354303711438433,
        20.96437630606988,
        21.057621129328822,
        20.53389798988485,
        19.95695768446194,
        19.548392631980164,
        19.82356346818915
    ],
    "avg_wait_ticket": [
        6.867428479818093,
        7.404113911797812,
        7.431604150710222,
        7.298447111838979,
        6.5627604033423,
        5.8863858141521455,
        6.117116663198004,
        6.919603952524026,
        7.353223673390998,
        6.318822207883033,
        6.640036056316207,
        7.108726646966311,
        6.8331874182945604,
        7.673706822857707,
        6.323791434380819,
        7.17182802601943,
        6.698927556141353,
        6.556123062543015,
        7.456478228958271,
        7.435976300573807,
        6.45525199920002,
        6.031210829603346,
        6.842400648391443,
        6.54240681158944,
        7.229065664687225,
        7.815820908517211,
        6.290141814699346,
        6.170346626551984,
        6.234091213584925,
        5.856982254956174,
        7.3636861927038595,
        6.228274752933772,
        6.625378871663964,
        6.745192841676134,
        7.4575771335476535,
        5.803025782436784,
        6.06846564572849,
        6.020247849841908,
        7.007771544110488,
        6.706893610447462,
        7.01557908361276,
        7.37322340899556,
        7.327743316018165,
        6.295860253546273,
        6.880194990058017,
        6.422711111204102,
        6.858127550852889,
        6.981856101241956,
        6.526020559590002,
        6.983379216373141,
        6.8838376685129425,
        7.207193899479267,
        7.459669443784023,
        7.746162570174899,
        6.67644266501065,
        7.578668354665692,
        7.77477844553277,
        7.129168641472015,
        7.131571193585208,
        7.7516195890951645,
        7.298724098273407,
        6.288918925363734,
        6.266626721688172,
        6.322697651823617
    ],
    "avg_delay_arcades": [
        0.4628783422418195,
        0.2783772730825391,
        0.37775346437309204,
        0.27977600252446155,
        0.839499048064634,
        0.4330185778783823,
        0.24001006808122924,
        0.35279135594668454,
        0.17053941263335834,
        0.10591105463181767,
        0.35829732152908195,
        0.4172516813803399,
        0.1716282959527147,
        0.7020969216039085,
        0.22413250015890634,
        0.25830078774861914,
        0.36134825037744467,
        0.24860231841045177,
        0.4436874500667064,
        0.34525346258133477,
        0.19961232756072333,
        0.3887921947539043,
        0.7013554782315483,
        0.23780865041528468,
        0.3115963802062525,
        0.24259039120266737,
        0.1755175922543624,
        0.26382512604736263,
        0.22246243766314075,
        0.2751893076931802,
        0.42916411346131084,
        0.24344371119888303,
        0.43605392317462466,
        0.4471804799509418,
        0.25805142039639467,
        0.7661727019610517,
        0.6108712678439647,
        0.5980793725086339,
        0.28276108907037983,
        0.38095552624554807,
        0.30489895380557913,
        0.20063224895700957,
        0.5619626496884689,
        0.31856203105008235,
        0.4013389813393669,
        0.2768028317591341,
        0.3961951277280607,
        0.6160530753980334,
        0.3222999560340669,
        0.30477005225228304,
        0.36300323648796057,
        0.4483525446452744,
        0.33872694816603727,
        0.49041346271520253,
        0.34390285631770784,
        0.4740243593739628,
        0.3469759227225626,
        0.27301331805053913,
        0.6354461041945504,
        0.5790730106894956,
        0.27425812502012464,
        0.1310658132005921,
        0.44981621582763603,
        0.34582474563560917
    ],
    "final_wait_ticket": 6.812195045406133,
    "final_std_ticket": 0.5467625001130928,
    "final_w_ticket": 0.14243568232483378,
    "final_delay_arcades": 0.37235440949908527,
    "final_std_arcades": 0.16003103938725544,
    "final_w_arcades": 0.04168927145435417,
    "final_income": 847.6033493159787,
    "final_std_income": 82.52557865501042,
    "final_w_income": 21.498524684020612,
    "final_wait_system": 20.209652567223625,
    "final_std_system": 0.566316974912129,
    "final_w_system": 0.1475297678920195,