{
    "seed": 841744376,
    "n_nodes": 5,
    "lambda": 0.07142857142857142,
    "b": 256,
    "k": 64,
    "income": [
        3008.627582298918,
        3025.006407509695,
        2911.288684206682,
        3088.8231146909948,
        3066.141009597699,
        3107.7378772729735,
        3104.7816392059012,
        2948.4582528966143,
        2974.617785872344,
        2991.797712943193,
        3034.7672958067237,
        2984.9760402072607,
        2991.5511735300765,
        3120.958262915146,
        3008.7849363496775,
        3044.995365724816,
        2947.9190756597845,
        2971.7882956604767,
        3064.0762828635743,
        2912.3842738846834,
        3088.4410187627686,
        2973.575256218627,
        2997.8584003116757,
        2991.776208314108,
        2938.7959144603674,
        3105.2041919607263,
        3020.460600978618,
        3082.3344379503433,
        2989.0567503109323,
        3159.1267452202505,
        3046.2871477945446,
        3096.901202856478,
        3103.5323217420546,
        3025.8543487008033,
        3004.708674399479,
        2926.967022971423,
        3092.0872936162887,
        2925.3155880860313,
        2985.8353442442713,
        3015.8731113618305,
        3032.5456277882354,
        2986.157197920851,
        2891.2570276529736,
        3067.8370399863816,
        2937.1184638402156,
        3074.0024724330633,
        2983.755081225864,
        2926.288382566423,
        3089.687382676477,
        3119.2242759441206,
        3032.429876463832,
        2813.155243517819,
        3094.7398729137294,
        2935.4737916863473,
        2975.0590734069856,
        3043.659380004743,
        2891.101252246721,
        3193.9122875390412,
        3051.737164644227,
        2909.1602091003197,
        2931.733886164844,
        2914.760834958671,
        3017.2494634987156,
        3021.58089073414
    ],
    "avg_wait_system": [
        23.576161237870743,
        21.68765624583965,
        21.072910828617854,
        20.29319038242746,
        20.873548848077306,
        21.972562573415786,
        21.148281722019348,
        22.369349677877267,
        22.715063538381784,
        21.853865321572755,
        21.867488737663194,
        21.026909714035924,
        19.955561870929074,
        21.38264606738477,
        21.037504024899164,
        21.68911900508087,
        21.8729280613627,
        20.41668794811929,
        22.322110732295158,
        22.133083722493893,
        21.852993722308383,
        21.321712400838976,
        22.676536594177946,
        20.330903318176183,
        21.385568884514385,
        21.23972894403113,
        20.693036619472366,
        21.479906893730572,
        21.95502549869045,
        21.09574114976658,
        20.982191338424457,
        22.350578498229368,
        22.627803192775104,
        21.55138487137657,
        21.28550080383411,
        23.938120685977594,
        21.426251129891682,
        21.65131081236109,
        20.812453489830887,
        22.42588576740071,
        22.370899870526046,
        21.858184685916513,
        21.97952106379511,
        21.20470377425704,
        21.888762132914962,
        21.999980064472425,
        20.0854607928527,
        22.36538794067644,
        20.88161371196304,
        21.66777122026008,
        20.328808751784777,
        23.135775336536994,
        21.29992282050833,
        21.873959762579716,
        23.256367653100256,
        23.499007714332265,
        23.15618953825424,
        20.68590103911788,
        21.649852023391986,
        20.549932945409182,
        22.321015190799244,
        20.896497959442513,
        21.88669088758934,
        21.088282865952124
    ],
    "avg_delay_ticket": [
        3.0129968337808952,
        1.5807179075671576,
        1.2663943402429272,
        1.0005156101802084,
        1.561414584251742,
        1.750619654687855,
        1.7605537176300678,
        1.9835306633444882,
        2.0696731942855444,
        1.3995382281063253,
        2.1977318993190105,
        1.2848509984065881,
        1.2131776795241966,
        1.2732845692370756,
        1.0120998957388292,
        1.2673296496323898,
        1.754520851829771,
        1.1674331387652892,
        2.5821175370116753,
        2.306598938313013,
        1.5767938774235433,
        1.3826630188075815,
        2.171716954781129,
        1.30765813348376,
        1.3210202081833209,
        1.426220584367244,
        1.4241506838458735,
        1.8403523147233873,
        1.6889983304818572,
        1.4749445378052324,
        1.5244933424289104,
        2.2749977081033284,
        1.5936427181035677,
        1.6639637817593562,
        1.6300381230596113,
        2.6881857242087657,
        1.6978761818323813,
        1.4993073888775852,
        1.0452289182394272,
        2.123034681838542,
        2.0598414301526087,
        2.2202592323537376,
        1.411116311656084,
        1.4201561165466812,
        2.085275020974365,
        1.800744500368767,
        1.3847695124280126,
        2.1109959484018335,
        1.3978758334089756,
        1.8489484737662376,
        1.4012301857289275,
        1.936763456758466,
        1.7688713059443133,
        1.4860051782632466,
        2.0057119004380364,
        3.0425613196256442,
        2.654167195398191,
        1.7307802076595544,
        1.806326078151994,
        1.3610821233215855,
        1.77446226041998,
        1.5240127436279112,
        1.995332445282144,
        1.8933003160663457
    ],
    "avg_delay_arcades": [
        2.378439781029477,
        2.1104485004337064,
        2.3776963229519525,
        1.285666905156685,
        1.4584923309362021,
        1.7022833751960094,
        1.0686034438027945,
        2.040241518597835,
        2.1616716207461715,
        1.8113130889272484,
        1.633772252032078,
        1.4974832967563736,
        1.562484502484364,
        1.741780832974254,
        1.8385479486670633,
        1.9898848797326298,
        1.9577860801230806,
        1.5750031058853655,
        1.8339711432668537,
        2.0930507595695627,
        1.6477173144124708,
        1.5917491735064981,
        2.113821081500671,
        1.340901932602167,
        2.0311069880687844,
        1.8797136509512637,
        1.7890138527383737,
        1.2291848549462545,
        2.249351551948537,
        1.267753222687982,
        1.4428096744091472,
        1.6866065641027386,
        2.049045586699006,
        1.8820044374194302,
        1.443603018670137,
        2.4636391235921744,
        1.5431320499208203,
        2.159914475754536,
        1.9340777873711013,
        2.075746658436153,
        1.5692126156619062,
        2.066307920148044,
        2.271125043316918,
        1.6060472998031976,
        1.981315491477762,
        2.0261070756718897,
        1.2772230710862362,
        2.1097986526735495,
        1.429296943730335,
        1.4872680171562862,
        1.2984371211081898,
        2.4510185900656234,
        1.2365251673326003,
        1.9141798295629975,
        2.32285467832496,
        1.841153447635445,
        2.105867835016084,
        1.126346421164357,
        1.5813645194359618,
        1.2239035308100306,
        2.0140864972036296,
        1.7324203333311423,
        2.0612729462583372,
        1.3755386273355452
    ],
    "final_delay_ticket": 1.7343391918196984,
    "final_std_ticket": 0.4208117032744516,
    "final_w_ticket": 0.10962456656002241,
    "final_delay_arcades": 1.764932247579119,
    "final_std_arcades": 0.3456033329382666,
    "final_w_arcades": 0.09003222885734978,
    "final_income": 3012.9892173261214,
    "final_std_income": 75.05240311501936,
    "final_w_income": 19.551707085974453,
    "final_wait_system": 21.6608305987975,
    "final_std_system": 0.8470157213826012,
    "final_w_system": 0.22065387108669254,