{
    "seed": 377966758,
    "n_nodes": 3,
    "lambda": 0.1,
    "b": 8192,
    "k": 64,
    "avg_wait_ticket": [
        8.554308245566514,
        8.286378419000716,
        8.241837558517004,
        8.145199404267851,
        8.083012644242846,
        8.109063654535563,
        8.106554728370538,
        8.115825694737845,
        8.12373434238316,
        8.14455452147134,
        8.157565466679168,
        8.176259799649879,
        8.18546719074519,
        8.178800035721128,
        8.164685517820779,
        8.155373954235612,
        8.162095529214909,
        8.164447224438899,
        8.163974087108997,
        8.158115816155608,
        8.151747027368721,
        8.156143980167785,
        8.1527384966982,
        8.147187915366432,
        8.14217841330804,
        8.14114960735683,
        8.144030551689008,
        8.143053638376891,
        8.143342031806505,
        8.147194520001309,
        8.145668803817367,
        8.151991475315253,
        8.153587732145475,
        8.148400861818157,
        8.152068749486416,
        8.157149089930318,
        8.15144671286307,
        8.153610230768857,
        8.154829355933424,
        8.16317925482617,
        8.164073762623744,
        8.167983654149397,
        8.166588797206288,
        8.163696558321188,
        8.160469866693354,
        8.159473590022811,
        8.159581539791901,
        8.161958655817312,
        8.162112316320075,
        8.161833299415534,
        8.16407917325322,
        8.165340818626037,
        8.163190934072553,
        8.157923770025763,
        8.159430240509392,
        8.160355737201419,
        8.163434589525863,
        8.165815929487179,
        8.1653166276769,
        8.159401422453392,
        8.159440880128857,
        8.160990981366783,
        8.164403929180114,
        8.16052736736547
    ],
    "std_ticket": [
        0.389363511915649,
        0.017970608574432913,
        0.023270053837331075,
        0.04159405610101164,
        0.010144683070650466,
        0.008559090824454529,
        0.0044747253829472335,
        0.005308601026802675,
        0.00918176272347058,
        0.004121653426558805,
        0.007632127706057705,
        0.0027379830930928544,
        0.005634316192869979,
        0.005849433898967654,
        0.005101370057151802,
        0.0022747664419910827,
        0.0031286874866831202,
        0.0025160527749904646,
        0.005146765958669598,
        0.0036537494038941815,
        0.0026336517717784544,
        0.005492258576782772,
        0.003935368172621935,
        0.0027140730819689867,
        0.0028843620408456876,
        0.0020313081203624118,
        0.0025176815978113893,
        0.0012399535068427408,
        0.0013896625765499292,
        0.002709038991820488,
        0.0027253180871311027,
        0.0036602173874242,
        0.0021222648447344603,
        0.0013109531445395567,
        0.0026386649605478277,
        0.0013278475835426917,
        0.0012940360165549318,
        0.001933744726856563,
        0.0017642491139897008,
        0.0015050594776687218,
        0.0010359922734520352,
        0.002039976861954335,
        0.001933143996982401,
        0.0009413092934533589,
        0.0013909391665489562,
        0.0006642673627580615,
        0.0010253290158052197,
        0.0008883600222329986,
        0.0012185468749307832,
        0.001426027831280943,
        0.002075285979746556,
        0.0008411892682293176,
        0.002131996616170205,
        0.0005997549634899262,
        0.0008382900470480449,
        0.0010709711537935775,
        0.0017798736280383303,
        0.002300345838992519,
        0.0021938547592187914,
        0.0007575147195687183,
        0.0007039310085789495,
        0.0009656537666521116,
        0.0006072921246028125,
        0.0012747507431914017
    ],
    "w_ticket": [
        0.008433329280213318,
        0.00038923025613876613,
        0.000504012369862275,
        0.0009008968751943259,
        0.00021972642571791643,
        0.0001853836557687378,
        9.69192834923317e-05,
        0.00011498042088238661,
        0.000198870274307035,
        8.927200279778682e-05,
        0.00016530631167043587,
        5.930271399624944e-05,
        0.00012203517347974867,
        0.000126694465873636,
        0.00011049194943953013,
        4.926977966298502e-05,
        6.776508579416611e-05,
        5.449586540221528e-05,
        0.00011147519150961563,
        7.913754342008833e-05,
        5.7042973779311276e-05,
        0.00011895830927300431,
        8.52372002587186e-05,
        5.878484061898027e-05,
        6.247317509060647e-05,
        4.399665023644682e-05,
        5.453114451483783e-05,
        2.6856487306456802e-05,
        3.0099076410051708e-05,
        5.8675805903221486e-05,
        5.902839921753321e-05,
        7.9277635219187e-05,
        4.596670645230833e-05,
        2.839428760142335e-05,
        5.7151555786464407e-05,
        2.876020881067313e-05,
        2.8027874965406342e-05,
        4.1883498392603546e-05,
        3.8212347216097114e-05,
        3.2598489003345305e-05,
        2.243883596280729e-05,
        4.418440884775092e-05,
        4.187048702229731e-05,
        2.0388071771699236e-05,
        3.0126726417019885e-05,
        1.4387545901967427e-05,
        2.220787759053221e-05,
        1.9241229230774754e-05,
        2.63928352944702e-05,
        3.088672126664503e-05,
        4.494917854964366e-05,
        1.8219545152182504e-05,
        4.6177489513601415e-05,
        1.299025445314096e-05,
        1.815675013896324e-05,
        2.3196452962721018e-05,
        3.8550762778374963e-05,
        4.9823810719056714e-05,
        4.751729171135918e-05,
        1.6407215543390252e-05,
        1.5246631500449932e-05,
        2.091535528018291e-05,
        1.3153503857766119e-05,
        2.7610170030155986e-05
    ],
    "avg_delay_arcades": [
        7.733921265891986,
        7.665433744363225,
        7.42745595156292,
        7.436548863305014,
        7.44910070708635,
        7.4482519057109915,
        7.470238236978845,
        7.417869752688427,
        7.416489749946991,
        7.456898433928873,
        7.45204455905098,
        7.432312380402076,
        7.421331143345386,
        7.396064060514689,
        7.399779660141526,
        7.408987195246953,
        7.396262657723101,
        7.4140390835397145,
        7.441028851886828,
        7.4459537688126165,
        7.444215856424036,
        7.451374343770171,
        7.44198208718681,
        7.432964185726991,
        7.43217506803734,
        7.439846504434744,
        7.430169415522705,
        7.4316208212485275,
        7.434557980926339,
        7.421023264598465,
        7.414270906806031,
        7.426218958752102,
        7.420519934285348,
        7.415081408430807,
        7.412122000988412,
        7.417898403517082,
        7.413694550500848,
        7.410918390474898,
        7.411748978776142,
        7.418525838610303,
        7.416010226959508,
        7.41460357404034,
        7.415463738426113,
        7.411081339716123,
        7.403586958312835,
        7.393572319501225,
        7.392916994034956,
        7.390403196197087,
        7.3944049223272135,
        7.39919544030352,
        7.3983337952413635,
        7.3938636560634885,
        7.391453275884391,
        7.389045567889348,
        7.397414452648321,
        7.400928377698674,
        7.397052800493783,
        7.39715724890359,
        7.393920236824093,
        7.3881190210240915,
        7.385628343515071,
        7.385401976905798,
        7.383206175469796,
        7.3785426912813055
    ],