{
    "seed": 987654321,
    "n_nodes": 12,
    "lambda": 0.06666666666666667,
    "b": 32,
    "k": 64,
    "income": [
        350.63074405595154,
        371.18832519168063,
        345.51653804425587,
        375.1222184413491,
        354.9977359099333,
        380.0262533891422,
        321.19134833569717,
        311.8633647920311,
        358.54939970695705,
        340.1796712726238,
        333.9362212313208,
        302.1782701493901,
        280.0666514432669,
        370.03911618849816,
        354.6129873180762,
        271.7533460262857,
        386.25,
        294.99836035439944,
        341.2572925620795,
        377.54175199040037,
        365.53346558249905,
        293.21677450248774,
        319.75876960868,
        358.0834329322844,
        268.56966765135803,
        363.6895248894813,
        312.3591632511525,
        357.0684781000629,
        359.51131634126796,
        325.39593170206035,
        314.37975983529907,
        386.25,
        365.2225965090329,
        329.07787126295733,
        386.25,
        299.8159507403286,
        354.0533406506147,
        351.9221349348348,
        348.5892685466931,
        324.3402442061367,
        321.22942876573217,
        259.6896430620765,
        300.52583008902934,
        265.7915606088229,
        329.8164963192597,
        294.2173336736208,
        287.1270014410887,
        372.2617993031163,
        360.47167966272684,
        330.8913791284964,
        319.13656808017987,
        322.11359169832724,
        349.30213443433945,
        346.067332648607,
        372.81141258991556,
        231.65116045527103,
        375.6363518653573,
        353.07702090109814,
        323.5417628207477,
        379.8137118486241,
        342.7143626648176,
        372.9438483203218,
        349.3412184826273,
        386.25
    ],
    "avg_wait_system": [
        20.140545363636022,
        20.839477492840217,
        21.000372912022215,
        20.67191597142022,
        20.327278300413695,
        18.82312150235174,
        21.874010484969574,
        21.031442479558677,
        21.423401943149713,
        20.219005981505745,
        22.42800527273721,
        22.81055295374665,
        22.31957943402972,
        19.473375016489626,
        19.298725950923426,
        20.64925443477364,
        19.42944766111009,
        23.320148075100178,
        18.835075219337455,
        20.35939448062993,
        20.899985376033783,
        23.406872560988177,
        21.50193121675261,
        18.517496872782885,
        25.641015948936797,
        18.510422341837284,
        22.24869952606673,
        20.975445573203274,
        19.650513619794992,
        23.006765316747874,
        22.921328193553563,
        22.30007099851082,
        19.05204656251135,
        20.359610306468767,
        20.794808761817535,
        22.146769725918944,
        20.934556072267355,
        21.940239402653788,
        24.763533372699953,
        19.231077359853884,
        24.565959437550646,
        22.4881015437295,
        20.88302927551581,
        23.47360056395928,
        21.171334241889554,
        20.444049210884714,
        23.754733852709478,
        20.700320970514667,
        20.62730784982932,
        20.033772342738985,
        20.136457466267075,
        18.467589356255075,
        22.246380257607143,
        22.65093369390729,
        19.054646983363682,
        23.291753143062124,
        18.66953221932522,
        19.61541865651884,
        21.211270826608825,
        19.622493334997444,
        19.919054664593887,
        19.838787975167406,
        24.38402473288056,
        20.111519106769265
    ],
    "avg_wait_ticket": [
        5.359343859359797,
        6.052884967423844,
        5.183119179898313,
        7.327500612760939,
        5.83050297652917,
        6.614948366898326,
        6.19720918819777,
        7.020367725907636,
        7.208721744086753,
        5.463136921794212,
        7.38025867763359,
        6.920786932251859,
        8.24050650844441,
        6.838046255405557,
        4.218728111206824,
        6.647397472816837,
        5.826073410301083,
        6.839146044536459,
        5.1521949831564955,
        5.4335935762042675,
        7.201222782229161,
        8.23559300127805,
        5.624253376051881,
        4.835295685773067,
        9.007168721548624,
        4.779298367050008,
        5.87829297356487,
        7.312965258388571,
        5.8432989320994935,
        7.928607297856745,
        7.51512819718963,
        7.5421422712192,
        4.611616816002704,
        6.741022441976858,
        7.7146681545873435,
        6.681553898005754,
        6.634493192797823,
        8.121063023247585,
        9.536492609391644,
        6.518335362937978,
        9.6258031984692,
        5.0607149354409895,
        7.508306377803637,
        6.739533906858735,
        6.232184318996746,
        6.5183513245375995,
        6.582482142486437,
        7.640125745153257,
        7.3182333940688595,
        5.002065051090472,
        5.758202385999776,
        3.6941638676813455,
        7.491577646945538,
        7.042073606977647,
        5.872537462411856,
        8.316118985934882,
        3.6428251363189097,
        5.661481615802417,
        7.031909403409675,
        5.45347305475123,
        4.811601076905208,
        6.000078564698924,
        8.816851710464341,
        6.780310677995321
    ],
    "avg_delay_arcades": [
        0.371033916083838,
        0.1568924459199934,
        0.42430689537233474,
        0.11591439123594682,
        0.32554441760486147,
        0.06483069386310186,
        0.6776942881698208,
        0.7748607834163422,
        0.2885479197191974,
        0.4798992575768352,
        0.5449351955070748,
        0.8757471859438536,
        1.10607654746597,
        0.16886337303647755,
        0.3295522154367063,
        1.192673478892857,
        0.0,
        0.9505379129750055,
        0.46867403581167205,
        0.0907109167666628,
        0.21579723351563493,
        0.9690960989324191,
        0.692616983242917,
        0.2934017402887043,
        1.2258367952983538,
        0.2350049490679036,
        0.7696962161338282,
        0.3039741864576778,
        0.27852795477845876,
        0.6338965447702047,
        0.7486483350489683,
        0.0,
        0.21903545303090746,
        0.5955430076775277,
        0.0,
        0.9003546797882437,
        0.33538186822276356,
        0.3575819277621375,
        0.3922992859719468,
        0.6448932895194098,
        0.6772976170236235,
        1.3183370514367025,
        0.8929601032392774,
        1.254775410324761,
        0.5878489966743776,
        0.9586736075664501,
        1.0325312349886595,
        0.1457104239258721,
        0.26852417017992897,
        0.5766523007448289,
        0.699098249164793,
        0.6680875864757582,
        0.38487359964229756,
        0.41856945157701014,
        0.13998528552171288,
        1.610404578590927,
        0.11055883473586113,
        0.34555186561356094,
        0.653210803950545,
        0.06704466824349867,
        0.45349622224148334,
        0.13860574666331457,
        0.38446647413929896,
        0.0
    ],
    "final_wait_ticket": 6.5782522808295205,
    "final_std_ticket": 1.322519802146387,
    "final_w_ticket": 0.34452620720671473,
    "final_delay_arcades": 0.5322999842393165,
    "final_std_arcades": 0.3784615703306844,
    "final_w_arcades": 0.09859204314968392,
    "final_income": 335.14920151302573,
    "final_std_income": 36.3323107517457,
    "final_w_income": 9.464836142369656,
    "final_wait_system": 21.14645133344789,
    "final_std_system": 1.7562231216016615,
    "final_w_system": 0.45750913529775944,