{
    "seed": 841744376,
    "n_nodes": 5,
    "lambda": 0.07142857142857142,
    "b": 256,
    "k": 64,
    "income": [
        -6394.156987532026,
        -6382.826023422952,
        -6511.4835053977595,
        -6212.371160399057,
        -6278.990927841894,
        -6283.223800353172,
        -6230.616033573255,
        -6428.182442114921,
        -6452.873229551689,
        -6321.004705044981,
        -6391.449260616442,
        -6317.821603673796,
        -6377.132304248943,
        -6306.634705481346,
        -6356.9023294767485,
        -6342.9011125444085,
        -6441.486859491586,
        -6364.292293020289,
        -6340.825726989147,
        -6468.765236513195,
        -6271.901342740588,
        -6352.329207635066,
        -6368.6178744113895,
        -6317.081889741437,
        -6411.351010064043,
        -6304.940343948179,
        -6407.451126968906,
        -6263.267587172405,
        -6470.701482229536,
        -6208.6689993555165,
        -6229.3830074398975,
        -6295.2320232479,
        -6310.299573206791,
        -6396.007568941937,
        -6306.865947129552,
        -6470.432386272843,
        -6280.961346941824,
        -6482.249419277165,
        -6376.485946411076,
        -6390.591187194775,
        -6270.9706072367935,
        -6373.703636830596,
        -6460.354696343871,
        -6263.254814709164,
        -6446.231957448015,
        -6365.395462305523,
        -6335.444614217247,
        -6427.41722492085,
        -6242.054701704269,
        -6254.035390212299,
        -6261.764245559589,
        -6555.57956683818,
        -6202.215201248737,
        -6357.335348251718,
        -6411.992345752429,
        -6312.039340384355,
        -6456.438236590757,
        -6242.357105636753,
        -6304.179726484372,
        -6340.427453219664,
        -6362.911209422084,
        -6411.261083610671,
        -6402.560953982959,
        -6277.505803081007
    ],
    "avg_wait_system": [
        23.57616123787097,
        21.687656245839634,
        21.072910828617793,
        20.29319038242741,
        20.873548848077263,
        21.972562573415786,
        21.148281722019135,
        22.36934967787755,
        22.715063538381116,
        21.853865321572783,
        21.867488737663166,
        21.026909714035924,
        19.955561870929074,
        21.38264606738477,
        21.037504024899164,
        21.68911900508024,
        21.87292806136253,
        20.41668794811909,
        22.322110732296096,
        22.133083722493893,
        21.852993722308383,
        21.321712400838976,
        22.676536594177946,
        20.330903318176183,
        21.385568884514385,
        21.23972894403113,
        20.693036619472366,
        21.479906893730572,
        21.95502549869045,
        21.09574114976658,
        20.982191338424457,
        22.350578498229368,
        22.627803192775104,
        21.551384871375603,
        21.285500803833997,
        23.938120685978788,
        21.42625112989049,
        21.65131081236109,
        20.812453489830887,
        22.42588576740071,
        22.370899870526046,
        21.858184685916513,
        21.97952106379511,
        21.20470377425704,
        21.888762132914962,
        21.999980064472425,
        20.0854607928527,
        22.36538794067644,
        20.88161371196304,
        21.66777122026008,
        20.328808751784777,
        23.135775336536994,
        21.29992282050833,
        21.873959762579716,
        23.256367653100256,
        23.499007714332265,
        23.15618953825424,
        20.68590103911788,
        21.649852023391986,
        20.549932945409182,
        22.321015190799244,
        20.896497959442513,
        21.88669088758934,
        21.088282865952124
    ],
    "avg_wait_ticket": [
        8.335176628140768,
        6.510337340499587,
        6.239031685982406,
        6.019735427436814,
        6.7467975316605004,
        7.093373041056998,
        6.915050049531928,
        7.411409872589387,
        7.358410541292503,
        6.387397606499398,
        7.736111521550441,
        6.700429515659689,
        5.958353244956961,
        6.222628357168287,
        5.915958361128214,
        6.583571508395167,
        6.811368406878734,
        6.260725324240205,
        7.851310653937278,
        7.906037768140206,
        6.662779508263948,
        7.144200882507529,
        7.633327942725311,
        6.23159194132463,
        6.342764950549146,
        6.3024554974262035,
        6.121676408781423,
        7.191635971596093,
        6.843851712569389,
        6.9606415821993375,
        6.4376354469815285,
        7.759659879188112,
        7.193212429309494,
        6.653973787229286,
        6.97618698745454,
        8.116881193646291,
        6.8470271895046215,
        6.335426715341047,
        5.809536415856335,
        7.523889440399752,
        7.561887560634764,
        6.860260112385297,
        6.647144279866382,
        6.338372287372964,
        7.151905927302912,
        6.820598788848755,
        6.047691415089297,
        7.620574973417772,
        6.347394187418675,
        7.24063615663196,
        6.56815599108435,
        7.799568435802181,
        7.002403382714038,
        6.896499301575446,
        7.759903944824764,
        8.471115685870897,
        8.136531103357239,
        6.736968735814007,
        7.007437878760125,
        6.6370905736412595,
        7.288028044536344,
        6.824285595510586,
        7.315749955086568,
        6.986012212660801
    ],
    "avg_delay_arcades": [
        2.3784397810296056,
        2.1104485004336375,
        2.377696322951899,
        1.2856669051567282,
        1.4584923309360676,
        1.7022833751960094,
        1.0686034438028906,
        2.0402415185979725,
        2.1616716207460125,
        1.8113130889273301,
        1.633772252032078,
        1.4974832967563736,
        1.562484502484364,
        1.741780832974254,
        1.8385479486670633,
        1.9898848797320903,
        1.9577860801235665,
        1.5750031058857306,
        1.833971143267116,
        2.0930507595695627,
        1.6477173144124708,
        1.5917491735064981,
        2.113821081500671,
        1.340901932602167,
        2.0311069880687844,
        1.8797136509512637,
        1.7890138527383737,
        1.2291848549462545,
        2.249351551948537,
        1.267753222687982,
        1.4428096744091472,
        1.6866065641027386,
        2.049045586699006,
        1.8820044374193639,
        1.4436030186699296,
        2.4636391235927606,
        1.5431320499197894,
        2.159914475754536,
        1.9340777873711013,
        2.075746658436153,
        1.5692126156619062,
        2.066307920148044,
        2.271125043316918,
        1.6060472998031976,
        1.981315491477762,
        2.0261070756718897,
        1.2772230710862362,
        2.1097986526735495,
        1.429296943730335,
        1.4872680171562862,
        1.2984371211081898,
        2.4510185900656234,
        1.2365251673326003,
        1.9141798295629975,
        2.32285467832496,
        1.841153447635445,
        2.105867835016084,
        1.126346421164357,
        1.5813645194359618,
        1.2239035308100306,
        2.0140864972036296,
        1.7324203333311423,
        2.0612729462583372,
        1.3755386273355452
    ],
    "final_wait_ticket": 6.950225095295789,
    "final_std_ticket": 0.607140347233978,
    "final_w_ticket": 0.15816455884834985,
    "final_delay_arcades": 1.7649322475791172,
    "final_std_arcades": 0.34560333293829465,
    "final_w_arcades": 0.0900322288573571,
    "final_income": -6349.255876114309,
    "final_std_income": 78.94874090595899,
    "final_w_income": 20.566731949065332,
    "final_wait_system": 21.660830598797475,
    "final_std_system": 0.8470157213826731,
    "final_w_system": 0.2206538710867113,