{
    "seed": 482548808,
    "n_nodes": 19,
    "lambda": 0.022222222222222223,
    "b": 512,
    "k": 64,
    "income": [
        3984.638746176196,
        3999.792429631788,
        3872.4799632027352,
        4122.273243867015,
        4138.735411387631,
        4055.4459862044177,
        3931.2428726723256,
        4068.8030444386904,
        4054.8264507307276,
        4159.937384516586,
        4235.013347985523,
        3930.767183494869,
        3873.9832868777694,
        4006.1845109932765,
        4053.823458096453,
        3908.3965704598845,
        4081.8347300514406,
        4015.223548495123,
        4066.2954948088914,
        4081.4521856012652,
        4132.2282019149525,
        3936.936645262648,
        4045.4976519084835,
        3940.269955272737,
        4069.939744215553,
        3934.2863113072844,
        3970.5636482455075,
        4044.6021133924937,
        4127.941075142863,
        4051.9085849920048,
        3996.697800987171,
        4137.483427357552,
        4077.742999203993,
        4153.467173239418,
        3898.6250818381773,
        4091.6487790691262,
        4051.73604302491,
        3872.152704177437,
        3858.794210027866,
        4127.636182318371,
        4022.146577006338,
        4158.768800256463,
        3841.9032213976266,
        4128.759320781854,
        4132.159018174065,
        3886.594878330585,
        3963.60349586015,
        3883.550701387497,
        3988.508237026425,
        4077.3652331427556,
        4142.052350904612,
        3968.785373776426,
        3947.7634906279523,
        3964.577358884942,
        4007.66186486583,
        3783.3251684933593,
        3939.8958331840017,
        4151.000388405617,
        4162.882454210385,
        3987.522225768441,
        4106.857502278289,
        4041.03758543263,
        3886.8398862046765,
        3854.33828577294
    ],
    "job_list": [],
    "avg_wait_ticket_green_pass": [
        2.1165344570155944,
        2.0791486013935088,
        2.076500693909026,
        2.046329194543999,
        2.0665932324546135,
        2.0519133271606367,
        2.0239662865766177,
        1.9851408980847292,
        1.9949319091709172,
        2.0351578671636723,
        2.032587242992711,
        2.0584002129399743,
        2.004969775102688,
        2.082890687219551,
        2.0081017726509995,
        2.032999391474412,
        2.0575667259491444,
        2.0265111288114626,
        2.060025107812871,
        1.94921580925845,
        2.0844999777126634,
        2.082727931162534,
        1.9922683057102404,
        2.0063916065255363,
        2.058071515286781,
        2.0620770478517962,
        2.066051900456276,
        2.0557160728993207,
        2.0252972998283996,
        2.0766598340368976,
        2.0016463252623,
        1.9950640380751987,
        2.0446627101147055,
        2.014243582643595,
        2.0824620023519604,
        1.9998926320118051,
        2.112574613003177,
        2.1251599064761346,
        2.042062249193559,
        2.0374061751965624,
        2.049806720381391,
        2.0000178960126,
        2.0432458699692555,
        2.051077330859671,
        2.0374509693596923,
        2.114701212260951,
        2.0446672046766143,
        2.0452248084325073,
        1.9911445256868878,
        1.9892955071107326,
        2.124214625351508,
        2.021543749709614,
        2.1230885429277158,
        1.9888518686501886,
        2.0166949982017424,
        2.0600791572947057,
        1.991845438671739,
        2.0272766479672866,
        2.0994853198766537,
        1.9723621668433573,
        1.9831279065757472,
        2.0053608276665567,
        2.0423789720596326,
        2.009708271033122
    ],
    "avg_delay_arcades": [
        0.12443418298104202,
        0.0,
        0.1280994402716631,
        0.1493664396824308,
        0.11075113339255868,
        0.11434664692573976,
        0.20432351247579497,
        0.06280023713614251,
        0.030571348749014616,
        0.0787148042192053,
        0.05377107274357958,
        0.08185139461815477,
        0.0956763958293195,
        0.104760138465369,
        0.1258077988106443,
        0.0406575965109943,
        0.06882109388445254,
        0.1196175723268066,
        0.01804934370411157,
        0.16960595999802341,
        0.05865186038050917,
        0.17170707053315537,
        0.009676145026783356,
        0.1319232904649586,
        0.1396303198880216,
        0.08912660117200662,
        0.07463532661954467,
        0.01973210743251284,
        0.13340887807290422,
        0.07452473974093239,
        0.01967780919057576,
        0.02438590462260444,
        0.026148774152616835,
        0.0870897551343847,
        0.08946781073152008,
        0.17885277701695115,
        0.0,
        0.06894423029187756,
        0.11768955068425188,
        0.05009878898085073,
        0.021854395355631984,
        0.09475409875243242,
        0.20679807169647138,
        0.09482886521666041,
        0.05875928854958891,
        0.10017703468724617,
        0.09036520235467509,
        0.07271176095283573,
        0.09205353738559126,
        0.14533031200646737,
        0.10544493334141168,
        0.11818814388538013,
        0.10769017864333384,
        0.13429219623823418,
        0.14033151236196056,
        0.09417349082858832,
        0.10871378989567661,
        0.09947631646323055,
        0.06421648977688492,
        0.08628153340485835,
        0.14366272687719986,
        0.10512563196245467,
        0.06625678200713771,
        0.06583393268018219
    ],
    "avg_delay_arcades_priority": [
        0.0638315743305394,
        0.11358070725483699,
        0.05893631149704841,
        0.033997873096146124,
        0.05425987833742794,
        0.0,
        0.03727890074226067,
        0.0,
        0.12210780320923445,
        0.0,
        0.0035837565562086247,
        0.12564965716400797,
        0.0,
        0.06798720736751557,
        0.09251663018287343,
        0.04056846172783193,
        0.1669785673502861,
        0.07174745730579862,
        0.05963944544755012,
        0.0,
        0.0,
        0.024319680900195862,
        0.07761530409885668,
        0.08901992535642625,
        0.10615572978209598,
        0.04443708707022745,
        0.16582255671920967,
        0.06169953449498055,
        0.121972279355525,
        0.15859373845331515,
        0.0,
        0.044242237014450916,
        0.041041861282310896,
        0.029020312834312723,
        0.0,
        0.0905430746451633,
        0.023083678701368626,
        0.0,
        0.0,
        0.0,
        0.06507931756092594,
        0.10531440684551438,
        0.02172700537434011,
        0.13070683789758916,
        0.0,
        0.07334615208395716,
        0.04477914848084156,
        0.048879782967118604,
        0.0,
        0.024431168976681013,
        0.028450157325469745,
        0.03491989496064505,
        0.05673471661303419,
        0.01671519111841917,
        0.0,
        0.0,
        0.048433238653703026,
        0.041149437728625046,
        0.04206228531043727,
        0.0419393100109593,
        0.03034279233972101,
        0.0,
        0.08197621697759425,
        0.06052413620307233
    ],