{
    "seed": 1757116804,
    "n_nodes": 2,
    "lambda": 0.02857142857142857,
    "b": 256,
    "k": 64,
    "income": [
        4354.406659378198,
        4558.0064996079855,
        4526.8898300068795,
        4486.262293566018,
        4560.607986706462,
        4477.327031122257,
        4549.1440832483095,
        4822.949142331833,
        4529.2114186647395,
        4720.1730454715525,
        4658.7014765301,
        4505.986355899671,
        4633.799368012739,
        4725.8165628487,
        4346.8081781908495,
        4784.617181630347,
        4368.551020427787,
        4807.518315167568,
        4697.548008237987,
        4460.342160686967,
        4758.706605645323,
        4654.674808174078,
        4795.077969290502,
        4438.219970310833,
        4559.8839610144005,
        4507.960774563737,
        4757.66475087309,
        4241.781068703953,
        4600.3821944873835,
        4514.731117235692,
        4259.465204015118,
        4660.035762819727,
        4574.00900917815,
        4392.824644221671,
        4517.5143529189045,
        4627.870348042689,
        4629.365096888472,
        4307.062334494064,
        4439.434621189074,
        4633.700444945774,
        4384.825598189789,
        4669.513997153888,
        4432.4139227019205,
        4414.05830810836,
        4955.383587932399,
        4409.1789654204085,
        4496.014268556323,
        4553.561364330259,
        4398.83070820711,
        4484.029648800756,
        4423.938980692204,
        4507.37584336536,
        4481.941344554897,
        4591.003959945665,
        4266.226524426911,
        4672.075941593205,
        4727.5359280802,
        4921.320362683382,
        4818.940839414557,
        4645.112219223286,
        4424.252127206118,
        4575.958133086117,
        4660.619055346666,
        4386.7457247883685
    ],
    "job_list": [],
    "avg_delay_ticket_green_pass": [
        0.08405602868773225,
        0.06787649511064575,
        0.11493971678789351,
        0.1127668235464611,
        0.07735902910917503,
        0.07242532198655621,
        0.09387549687392598,
        0.07507186158287396,
        0.1447140228644252,
        0.011636473639896394,
        0.07293621979855433,
        0.08812964130497783,
        0.10155806084813554,
        0.10838598401090936,
        0.04726516796430447,
        0.04565412334159191,
        0.07555748840846399,
        0.04869358661964017,
        0.0740645736708933,
        0.06467709357781462,
        0.035115645359442366,
        3.505883319694705e-05,
        0.15925717777049192,
        0.17302773665691876,
        0.11276210551975546,
        0.0479913136754048,
        0.06778752991044894,
        0.14932585820093938,
        0.09273940014774615,
        0.007141658823031967,
        0.07872587129788693,
        0.14389591951278768,
        0.03171197159865283,
        0.007007523855838158,
        0.022306400798636064,
        0.04231855169298308,
        0.01878674521604113,
        0.05043744353121535,
        0.09802936018592934,
        0.029004246874361254,
        0.043588751532620464,
        0.06687200042335248,
        0.05264176954094618,
        0.0526419462343227,
        0.05956865456251411,
        0.1896315581970619,
        0.058479481332297266,
        0.04897634658502327,
        0.03606185430453479,
        0.03620314694079195,
        0.029477255768653236,
        0.06225766919214948,
        0.1320717884201878,
        0.0995654240418155,
        0.07747423135908321,
        0.050459255980781444,
        0.008897761029003417,
        0.039080787197686734,
        0.0018393120829923414,
        0.07678708526082645,
        0.011511245641944947,
        0.014749971321887441,
        0.1430946714337578,
        0.07991074355744311
    ],
    "avg_delay_arcades": [
        1.831499585891714,
        1.3570300256821133,
        1.5628919002868784,
        1.8330981767574226,
        0.9030316612841041,
        2.3218445015859692,
        0.9866511200051404,
        0.7373212214130159,
        2.121793479278759,
        1.5789410425708206,
        1.6999523128429428,
        1.3498688980015128,
        1.4032217815172872,
        1.3354927415206095,
        1.9904905719825656,
        0.6647414465785533,
        3.1459411377267754,
        0.921991354162496,
        1.9149220470590085,
        1.2104509521467088,
        1.5710630819884388,
        1.8996975009643824,
        1.2033729187552602,
        0.8625879280489619,
        1.309501880130647,
        1.3858039167623626,
        1.2065738456364354,
        2.057452362559227,
        1.281740245652137,
        1.1375495035834933,
        2.202960433291103,
        0.9384617696477717,
        1.9057783647403426,
        1.8218761393613403,
        2.1225586058547368,
        1.1903506023249597,
        1.1057909735052176,
        1.8852585149022256,
        1.3796719713422247,
        0.9382526165764602,
        2.173466704667706,
        1.6111094406891118,
        1.4255960443129934,
        1.985498470378491,
        1.149436869540182,
        0.9485731868952443,
        1.7610064901174158,
        0.8087249369500966,
        2.479021605364042,
        1.2153891239590346,
        1.4557461359209012,
        1.1761828864567976,
        1.2491568131161315,
        0.8335905144774094,
        1.7433208871228745,
        1.0447461571560361,
        0.590381762960677,
        1.5291450483643256,
        1.4010788064221682,
        1.225868491182037,
        0.947585698967049,
        1.0732026539514303,
        1.0481988025700169,
        1.8783639800670577
    ],
    "avg_delay_arcades_priority": [
        0.7551674395394394,
        0.5552164958154869,
        0.6606453239107033,
        0.5827270903957873,
        1.3492513362347844,
        0.4754812765315636,
        2.0117288614451776,
        0.5135730283229726,
        0.24875843287706673,
        0.7299025763447279,
        1.1348291625240212,
        0.9308002548035603,
        1.3411047741219038,
        0.6066715030708005,
        1.331458314466909,
        0.5306276380064114,
        1.8667330440121352,
        0.6578058905861326,
        0.958521195346267,
        0.6985877024732483,
        1.0459720092964009,
        1.2073236513770296,
        1.040804934486738,
        1.6049560021838278,
        0.6768867325480281,
        0.6350631980482719,
        0.41098497321720723,
        1.0019389989733625,
        0.8235483134718959,
        1.2521602499016782,
        0.9418551482793645,
        0.615623660042501,
        1.82466976929293,
        0.8577827103213156,
        1.1910208017402253,
        1.0799324892569349,
        0.9620876854723757,
        1.2842193094544214,
        0.5759734910427183,
        0.7961325362769871,
        0.39109659604646524,
        1.3132844098029848,
        0.2653913089740486,
        1.0062936436193362,
        1.2303889065646887,
        1.263240336812436,
        0.6118063315206207,
        0.5701349604304069,
        0.7710630283027218,
        0.8716575120871641,
        0.4042062455854887,
        0.6699824655447832,
        1.2400945729718336,
        0.9784505951870974,
        1.1750377206110172,
        1.153400820873605,
        0.47983063971637036,
        0.46729434192910013,
        0.9547884854229055,
        0.7214843569768342,
        0.8588935905163269,
        0.43884002106431014,
        1.0984271601206905,
        0.9726258742329339
    ],