{
    "seed": 482548808,
    "n_nodes": 1,
    "lambda": 0.022222222222222223,
    "b": 512,
    "k": 64,
    "income": [
        3356.1364804655245,
        4918.27964915667,
        3835.206597597731,
        4597.426711348031,
        4608.705685757741,
        4306.973735053471,
        4252.8309147146065,
        4566.329891712347,
        3962.919931843702,
        3843.9867229361553,
        5147.889571943437,
        4266.917727249092,
        4037.6634844916407,
        4032.0603218774777,
        3846.654916671919,
        3586.502853262704,
        3889.5168487678748,
        4776.250587688875,
        4527.305568362353,
        3992.9013333215844,
        3714.754663173342,
        4415.023189080879,
        4087.472493780777,
        4474.898033266421,
        4331.836512383772,
        4452.765476054046,
        3557.0277779735625,
        4055.2127149554435,
        4443.990730580641,
        4245.538319232641,
        4575.471249298891,
        4487.094420635607,
        4018.618365995353,
        4581.114308279473,
        4916.39595268853,
        4578.3341139352415,
        4396.39650545828,
        4119.566319651669,
        3801.9258930145293,
        4340.323049170664,
        3985.6424875298985,
        3874.1406406925526,
        3865.2065646280535,
        3958.996039672988,
        4302.498076705728,
        4954.741038107779,
        4535.029536268208,
        4557.676228122786,
        3737.8337697680117,
        4072.0568131036125,
        3271.3451222297736,
        4724.058591737412,
        4880.752995980438,
        4173.350788478274,
        3840.63644625945,
        3792.2967064366676,
        4389.131958710495,
        3906.409061536658,
        4060.5874103945685,
        4859.555504058022,
        4595.882124536205,
        4499.504412020557,
        3347.0908671594225,
        4289.526988052763
    ],
    "job_list": [],
    "avg_wait_ticket_green_pass": [
        2.0910904938151242,
        2.1603612987704026,
        2.019710765507973,
        2.037735094906164,
        2.037775900991535,
        2.009684013702284,
        2.0355312955995735,
        1.9867406934634821,
        1.9935720208444558,
        2.015720939864935,
        2.094962601257854,
        2.000629984312801,
        2.0011973475597324,
        2.1177285532060712,
        2.064720588749271,
        2.0769156888083735,
        2.0544019646206704,
        2.0500805106690785,
        2.096148206099358,
        2.004951157978503,
        2.0325427068402155,
        2.1171036567534145,
        2.036483256719835,
        1.994524858765999,
        2.072612568797866,
        2.0736913121664196,
        2.1078773027908397,
        2.0808298262990936,
        2.052500358062448,
        2.0549807617670663,
        2.016188635789037,
        1.977644359393782,
        2.049730807540444,
        2.0128223641924166,
        2.0398732119700678,
        2.008952132039625,
        2.0480153355223845,
        2.0541325765769427,
        2.140641914079916,
        2.0818218567594884,
        2.0245552273152176,
        2.027120985675581,
        2.1245580649068985,
        2.038528942226372,
        2.1059987882334688,
        2.1098567538283532,
        2.105410367747622,
        2.018500617510468,
        2.098741011213011,
        1.941386536183388,
        2.065843384763428,
        2.1174554944465247,
        2.0577896386082095,
        2.0007351535164015,
        1.9887339853337163,
        2.0096004475173124,
        1.9688930542632563,
        2.0083485184907834,
        2.066720648012462,
        1.9964733117217706,
        1.9560768742183159,
        2.040537683955176,
        2.060453097302981,
        2.0133856844307747
    ],
    "avg_delay_arcades": [
        4.04566829624511,
        1.7555992130023554,
        3.2419459360348193,
        2.7584249349150056,
        2.5905399072847737,
        2.7396500896216125,
        3.04067227193785,
        2.0816531169866095,
        3.277595214621254,
        3.4742352060397232,
        2.0904699541479452,
        2.8639668751209273,
        2.7145152213183574,
        2.593584338952913,
        3.791348412485006,
        3.0932743355341334,
        2.9061898782087017,
        2.093603455920776,
        2.684003092900876,
        3.0138717287741947,
        3.8373644845998154,
        2.7138863454000983,
        3.3554039804427362,
        2.2917807359250597,
        2.508160677453106,
        2.816094477016714,
        3.5141466830465746,
        2.943617119393645,
        2.993402032334778,
        2.6313016007239836,
        2.5510151525932656,
        2.172470218335372,
        3.4700024909816958,
        2.4993823761505016,
        1.5506158049363508,
        2.3892200659467586,
        2.5548476643014078,
        3.129539245071973,
        2.784002287886201,
        2.5814714882478866,
        2.923001567373535,
        2.7988238448681124,
        3.0446291661999183,
        3.511173357971981,
        2.8776118523070315,
        2.156365295617603,
        2.519595499565137,
        1.9362122473718335,
        3.4255703612971073,
        2.693266445278142,
        3.859218684702498,
        2.177580957740839,
        2.35098342834053,
        2.5334578854789647,
        3.774149901801602,
        3.308871308434336,
        2.7579680368353983,
        3.1791186148517223,
        2.7222659780388705,
        1.9553110119237824,
        2.8135317061429044,
        1.8555884944289132,
        3.9888708563392994,
        3.2305194609433996
    ],
    "avg_delay_arcades_priority": [
        1.5898317076394821,
        1.3905042129185359,
        1.6783989352389064,
        1.430516737281075,
        1.5729186084450575,
        1.3126326803741453,
        1.277745194926172,
        1.225598520172695,
        0.9942409283832537,
        2.0499203460416746,
        1.136147721266412,
        1.004703941688229,
        1.1606076226080768,
        2.369053466457408,
        1.305726965457731,
        2.3402897052572635,
        2.2358541682667483,
        1.418311189358873,
        1.1518609657830157,
        1.4375375146415743,
        1.4164060858075755,
        1.3275352256941215,
        1.2648538869126122,
        1.5132439142843295,
        1.5437338462021823,
        1.3018399389027393,
        1.4708240768180985,
        1.6618066311960589,
        1.0422784284492659,
        2.2050289925488564,
        1.3129287839226265,
        1.500335538332498,
        1.2558922013670608,
        1.1571852632690294,
        1.5106319370344008,
        1.449107789962242,
        1.0637707933825609,
        1.9549863051929213,
        1.7546775224563553,
        0.9217811522206031,
        1.5713954258865366,
        2.365539330123156,
        1.748659438141315,
        1.7274619899792165,
        1.1837711154529824,
        0.9281472030225245,
        1.5320267860907164,
        1.8370885138276472,
        1.550744506343927,
        1.7272772307453745,
        2.0175212829256663,
        1.7734617460027011,
        1.252179984446511,
        1.86042361093236,
        1.0033447357797318,
        1.319065615830851,
        1.1416960520371586,
        1.6699051289253348,
        1.9436140229185934,
        1.3871715264165865,
        1.401848956004354,
        1.9050540303659138,
        2.2317964468528895,
        1.0434619069802926
    ],