{
    "seed": 987654321,
    "n_nodes": 1,
    "lambda": 0.022222222222222223,
    "b": 512,
    "k": 64,
    "income": [
        4793.441942920264,
        4580.183556126256,
        4055.9513059654855,
        4094.745433728269,
        4385.188991582021,
        4563.787010237982,
        3758.7788066295325,
        3216.672798694926,
        4414.137618284149,
        4481.247925937176,
        4712.1514548665145,
        4567.861222089268,
        4453.7843372731,
        4649.383085772628,
        4064.408680112101,
        3969.328436922864,
        4552.954882550868,
        4270.524517194019,
        4478.722973094438,
        3800.7970704924082,
        3716.0700357931205,
        3977.3073894996196,
        4862.500357652083,
        4426.802285765298,
        4224.730669125449,
        4210.860611433862,
        4156.68483130401,
        4192.303977214731,
        4203.9910121974535,
        4443.640278818319,
        4405.3466650357,
        5008.474275087239,
        4431.829083663179,
        4468.772924944293,
        4020.7908121803775,
        4533.152871537954,
        3848.370536410017,
        3514.173688332783,
        3752.368996720063,
        4154.021942721913,
        4072.7524871958885,
        4157.92596488609,
        4173.580704046413,
        4298.3575487639755,
        4772.9545288309455,
        3558.307416729163,
        3933.528440762777,
        3938.8501184382476,
        4234.750452814624,
        4460.366544199642,
        4036.3514236169867,
        4608.527570846025,
        4703.6179702291265,
        3878.7502966681495,
        4637.687886490487,
        4553.53297082847,
        4711.999171186704,
        4246.986422050744,
        4763.431800012011,
        4693.263692991808,
        3491.523008373566,
        4375.202316231094,
        3502.692700266838,
        3614.614928887691
    ],
    "job_list": [],
    "avg_wait_ticket_green_pass": [
        2.0811118011646172,
        1.9950639994839467,
        2.0274087308020516,
        2.0547783168429334,
        2.0135361157652887,
        2.0056814315554723,
        2.0149412049305333,
        1.9721971743076665,
        2.1478424769364035,
        2.0960478716844007,
        2.0125429408679554,
        2.0261676489666316,
        1.9995618729413418,
        2.0247941136677707,
        2.0594631780842336,
        2.097266349231457,
        2.0082386434213193,
        2.031020680549677,
        1.9957644129388443,
        2.0535574551685967,
        2.0542183174550437,
        2.1513752193321,
        2.0148477661542175,
        2.0746442919985983,
        1.9666307687584776,
        1.9599443960117036,
        2.039567619908719,
        2.045967117091641,
        2.0635523458806952,
        2.0063362449639435,
        2.063058291799959,
        1.993591341205397,
        2.0687154510671317,
        1.9245435160150408,
        2.021582746073579,
        1.9899340270551902,
        1.9870692834590427,
        2.024862652827243,
        2.065625349270469,
        2.0262526139416184,
        2.073217043945577,
        2.092517050963458,
        1.9740538579267322,
        1.96928839888176,
        2.0312359170770233,
        1.9373542167877882,
        2.0989074071542184,
        2.0313905128422154,
        1.962947822280158,
        2.0266845279132437,
        2.0601250465297487,
        2.004726711899663,
        2.064594613983587,
        2.0110499077724127,
        2.1259495778834303,
        2.0533357417541596,
        2.0045253629691433,
        2.0453363155824986,
        2.0276214032233053,
        2.0701841700612964,
        2.032022319993406,
        2.034190194580552,
        2.061808027617869,
        2.059861364138893
    ],
    "avg_delay_arcades": [
        1.794356742052761,
        2.1683921985577053,
        3.102350571692439,
        3.057980942789447,
        2.260169814135091,
        2.322560721259957,
        3.403972240684574,
        4.168361485210933,
        2.842112349014188,
        2.6643250440978568,
        2.2222565408955464,
        2.022110280654608,
        2.4202093232843955,
        2.0273197717671967,
        3.2313729637712685,
        2.8189049513470805,
        2.291353577908453,
        2.9157196526849387,
        2.616614405261711,
        3.3799473380693885,
        3.096572239900816,
        3.4997389255957385,
        2.0167773840674377,
        2.631547045241889,
        2.4979241984910914,
        2.70515818307427,
        2.9589963448678263,
        3.03448539996257,
        2.7232789954204937,
        2.359442266208973,
        2.6391579762020156,
        1.877900692192709,
        2.4362218061218126,
        2.118869507809064,
        2.9590978137510144,
        2.414979275492051,
        2.8677935796610567,
        3.8177328203917726,
        3.115587560943941,
        2.820022447885417,
        2.9728566753235133,
        2.9603443858028187,
        2.6645157285321908,
        2.1668272651186045,
        2.1180254176496094,
        3.551403244498853,
        2.877611060436565,
        3.4496280673505515,
        2.887107167992729,
        2.7514358784059767,
        2.9742324032065017,
        2.1451006199047273,
        2.1591107688513733,
        3.1507465394526553,
        2.4684701656806283,
        2.9044647412973537,
        1.779685161290787,
        2.7579611159257778,
        2.101469752028414,
        2.3290876394876885,
        3.8186307936526354,
        2.7478124846794767,
        3.230512274381657,
        3.823084168608269
    ],
    "avg_delay_arcades_priority": [
        1.6193417784489659,
        1.7398667819811073,
        1.19445421176868,
        1.4787627241674013,
        1.497327982439003,
        1.1869634390105501,
        1.9264628506126529,
        1.8731319674074516,
        1.281354339334978,
        0.7483039812538593,
        1.15275817781191,
        1.7195449270393943,
        1.494332514197264,
        1.41179556165651,
        1.5295801986666662,
        2.2464416565568,
        1.900474063276206,
        1.4058497201684597,
        0.6681141317740901,
        1.4891132703714742,
        2.189735351852826,
        0.951027708911736,
        1.1500830286392805,
        1.5478133041801787,
        2.075993839543579,
        1.5112028685439731,
        1.392318531570823,
        1.7220850677276758,
        1.5761613653296742,
        1.4250069313760225,
        1.9445709516650673,
        0.9526430951251782,
        1.4258704580349115,
        1.8358590851016396,
        1.6120022884399865,
        1.1831783554153792,
        1.4908847219326222,
        2.4682427392636987,
        1.6169585579736336,
        1.330984808520908,
        1.3090425462988289,
        1.4212960805717323,
        1.5803885382387295,
        2.3280868201743954,
        1.026525728229206,
        1.995327401258902,
        2.0377476437598707,
        1.3035548220530877,
        1.38586953958749,
        1.2574359818364202,
        1.7580078503548808,
        1.8921363440342247,
        1.4103704252306164,
        1.4424831960078877,
        1.7361250638858832,
        0.8105134056339897,
        2.345262259151074,
        1.5595179210808552,
        0.9536364035352188,
        1.0210542446901938,
        1.492544318972539,
        1.2123487101417918,
        2.0186649193386397,
        1.163743229974609
    ],