{
    "seed": 725267564,
    "n_nodes": 5,
    "lambda": 0.07142857142857142,
    "b": 256,
    "k": 64,
    "income": [
        4686.506690518516,
        4627.916407706112,
        4372.806585165781,
        4505.762728790121,
        4335.908222877103,
        4488.941180068987,
        4395.805993889657,
        4580.277057151579,
        4622.868919909204,
        4545.383938417642,
        4522.537840136987,
        4497.78838660377,
        4672.766331453635,
        4624.142677443086,
        4966.7752972143235,
        4553.579308876882,
        4854.424769877708,
        4763.1853796075975,
        4667.595083417713,
        4441.418986983026,
        4756.586980807133,
        4548.885354660463,
        4530.396693733275,
        4441.4221806692385,
        4456.871584138598,
        4464.600548578008,
        4742.334162901937,
        4404.935055278385,
        4620.320221052503,
        4588.126505687847,
        4545.880643986144,
        4655.24634165897,
        4599.4981159886465,
        4694.2127875862825,
        4267.765983293148,
        4725.181676918279,
        4551.956742443246,
        4310.220548436276,
        4788.122471915567,
        4648.295935292858,
        4552.600875934833,
        4351.397258139412,
        4403.971784233643,
        4618.129530829138,
        4650.750121454815,
        4705.417088559321,
        4556.410188000107,
        4412.740796577905,
        4643.140073228256,
        4620.223550163087,
        4294.432327440924,
        4616.573798931521,
        4238.716216321294,
        4556.833226197361,
        4395.999176221298,
        4455.759465943869,
        4338.864971418079,
        4813.4828658719125,
        4680.846378302203,
        4512.4049673525715,
        4610.847928270116,
        4404.429855501495,
        4595.764536841855,
        4742.861288796201
    ],
    "job_list": [],
    "avg_delay_ticket_green_pass": [
        0.33057488185694806,
        0.24555314627146305,
        0.33952389902000846,
        0.5600501952084769,
        0.4268386449561686,
        0.2800942940133517,
        0.10812770243680256,
        0.16566230035867902,
        0.287955570071508,
        0.32078783947303563,
        0.24042502873227387,
        0.25776669282790937,
        0.3113532825115793,
        0.37595903959249727,
        0.20810142655619757,
        0.3634401070308016,
        0.28611426523792716,
        0.202500148006402,
        0.3078503035325027,
        0.37316611202751243,
        0.2210081867653492,
        0.33530408344428425,
        0.16795119281504559,
        0.26804192020230044,
        0.18848272969063026,
        0.2951550314532307,
        0.44762342344429584,
        0.39545886410217335,
        0.17623250054133804,
        0.15095515632618675,
        0.2843826383676883,
        0.5450635582451807,
        0.3182027864074697,
        0.19209376343034792,
        0.21737299476622138,
        0.4430277780549894,
        0.3278002186852973,
        0.39013645605035974,
        0.21355888912864518,
        0.16414323334756772,
        0.24839127666715424,
        0.10886535851196164,
        0.38951947480200033,
        0.26687779342722,
        0.38072921509466734,
        0.09051793104499183,
        0.13547162407377064,
        0.1387854678277539,
        0.19923277616321539,
        0.2586462090689565,
        0.2720653062630824,
        0.6279133371710425,
        0.2627818131539882,
        0.3169549758226699,
        0.2468349820332757,
        0.2470362476074192,
        0.29208084327781425,
        0.2719991833948898,
        0.15316536211616336,
        0.2882432055110392,
        0.2147643919429513,
        0.4227593243132781,
        0.10976087426360419,
        0.524765703782948
    ],
    "avg_delay_arcades": [
        0.7780888500521852,
        0.6736204016348635,
        1.6758828339177854,
        1.8103487888304315,
        2.384730133775061,
        1.4920145372649491,
        1.587139532346079,
        1.7331679860399176,
        1.0171336557225854,
        2.415567900169651,
        1.6770834400771697,
        1.5904020966730392,
        0.9835942542313536,
        1.8139129900958284,
        0.884942352612431,
        1.5946398986807548,
        0.7774326695565184,
        0.8890661031447034,
        1.3324314830964519,
        1.5557432915616851,
        1.2587164875808854,
        2.280789915998522,
        0.7321795818714922,
        1.8980918791512789,
        1.7154696936470706,
        1.2225546111388002,
        1.183484382140415,
        1.7251006043480808,
        1.2385834453273827,
        1.5136561107153734,
        1.1409035221394772,
        1.5084961473741754,
        1.008960135892037,
        1.7581139143755429,
        1.0158428775206678,
        1.2167975284292385,
        2.3351577089942936,
        2.1550571988640126,
        0.7843620843913567,
        1.6792267247558104,
        1.4744418290072066,
        1.4662198195154783,
        1.8396424056197778,
        1.2130188806540931,
        1.704590737971838,
        1.2440843000701443,
        1.6054566128784873,
        1.3430388987223931,
        0.7968456218765171,
        1.3760433272396708,
        1.973218325851193,
        2.011988148821618,
        1.6837761612887203,
        0.6322835134324878,
        2.0753401922466814,
        1.8534645196624393,
        1.4816865194161277,
        1.083987479997861,
        1.5589761417422612,
        1.7737519441379657,
        1.1357414405533788,
        1.5192740653732604,
        1.045891415392539,
        1.605500689553331
    ],
    "avg_delay_arcades_priority": [
        1.1384900756831073,
        0.7127599787811836,
        0.8920774602099906,
        0.39910075722527466,
        0.2991352962136352,
        0.7809382578871313,
        1.1901481373582867,
        0.7183038210609385,
        1.1190489509565182,
        0.9208336135668407,
        1.099295850827494,
        1.071828206324096,
        1.132242052964977,
        1.3260366266867945,
        1.1403261336235821,
        1.1590559004762562,
        1.0044092579381192,
        0.6404931512950746,
        1.0004290480335003,
        1.0004521206161432,
        1.0333382872986694,
        0.06437335678360383,
        0.28789690483748637,
        0.7588432918274957,
        0.76384425477939,
        1.1448472628919109,
        0.45620063899641466,
        0.397225812256251,
        0.9697420994837589,
        0.09230076333757703,
        1.2081958520593192,
        0.38936762526415514,
        0.7526241043209733,
        1.2871832332285478,
        0.7235553406937665,
        0.4866305114686048,
        0.6938559648248294,
        1.4340138003912326,
        0.7467451982579741,
        0.8305661945229319,
        0.923988521023835,
        0.7785427833873352,
        0.655605463598224,
        1.4672826010218154,
        1.0905846443790295,
        0.4378201667813476,
        0.438992814988008,
        1.1105005086404856,
        0.6041902395772871,
        1.0951874191711428,
        0.7400499988776726,
        0.7639487979711121,
        0.20600867139603912,
        0.6632630325255373,
        1.617408194907958,
        0.8449740053509425,
        1.047693316779668,
        0.945770425341492,
        0.8423903539124321,
        0.1953702345936374,
        0.8265679870209791,
        1.1588047605285208,
        0.34690564753462916,
        1.2595545853501335
    ],