{
    "seed": 987654321,
    "n_nodes": 19,
    "lambda": 0.022222222222222223,
    "b": 512,
    "k": 64,
    "income": [
        4075.673856411251,
        4062.5798174190013,
        3920.9758928347937,
        4087.9297438181075,
        3933.3312592278307,
        3880.639653642374,
        3976.266122572239,
        4030.268760536044,
        4067.85403072802,
        3864.290601705851,
        3949.2071043832325,
        4030.013256080698,
        4082.862815703909,
        4014.4287702843353,
        4134.352739410484,
        4242.480475230269,
        4166.367589961738,
        3892.388473052143,
        4003.4035200190397,
        3992.6368016737797,
        4003.291743276058,
        4020.188361847474,
        3955.715279561714,
        4042.5478100746377,
        3925.210951507221,
        3988.3531823979847,
        4259.495357980976,
        3930.4034721191106,
        3907.572579251363,
        4152.118220623463,
        4142.892364785024,
        4026.9661944029317,
        4041.7153849745714,
        3957.164233781583,
        3776.2221532878652,
        4136.4457838829085,
        3986.8571919093692,
        3923.3007660910826,
        3989.9031766651005,
        4089.190679844142,
        3977.0266166865595,
        4028.4878893794057,
        3865.8530607767593,
        3929.5402784544513,
        3939.452312850584,
        4170.852892156922,
        4113.335366743882,
        3922.8866562739004,
        4155.40298636713,
        3965.3479526404667,
        4058.2904054569926,
        3833.664358072981,
        4180.859584466052,
        3945.87106265284,
        4047.8830527848972,
        4007.325529853802,
        4019.729576464877,
        4148.118077421629,
        4051.014418981709,
        3936.8665919811338,
        3874.72730979627,
        3881.7227010257616,
        4113.287016376936,
        3849.9452080783303
    ],
    "job_list": [],
    "avg_wait_ticket_green_pass": [
        2.074482266993172,
        2.0025010879451717,
        2.0329390296126633,
        2.014124396271821,
        1.9905527317804579,
        2.0377503008457247,
        2.040575944671964,
        2.023655139554243,
        2.0580259281721283,
        2.0754044017493465,
        2.0013009380865863,
        2.1097138529424337,
        1.9675310860999895,
        2.031734397539807,
        2.0333551910413417,
        2.0523358385577604,
        2.019843303299047,
        2.0495576722303723,
        2.0002848087761014,
        2.1044740725739923,
        2.191805226443777,
        2.0900268060774025,
        1.997351528065249,
        2.068894494464239,
        1.9703776205390546,
        1.9719591719956235,
        2.064327088177234,
        1.969981852453202,
        2.0728767384416273,
        1.9578818042882005,
        2.049007287255871,
        1.9800552578279906,
        2.0195990606860694,
        1.9261749108944535,
        2.0100873908062145,
        2.040559938065331,
        2.0034195610535486,
        2.0949505325290376,
        2.086519928580169,
        2.002373159887793,
        2.069228496601282,
        2.120485744112809,
        2.018871344260415,
        1.9785568209987578,
        2.060062022933156,
        1.9482913137127151,
        2.04499117560769,
        2.0690515211036686,
        2.0002682731146706,
        2.0146422691127825,
        2.049230422779881,
        1.9749864060038878,
        2.1252428032420574,
        1.9651277777299927,
        2.1356703285320124,
        2.08396891947219,
        1.9811056630313832,
        2.0831494232012453,
        2.046222972192679,
        2.0651907018512827,
        2.0202361296186773,
        2.0174020963200534,
        2.0890986449562527,
        2.0475875980039238
    ],
    "avg_delay_arcades": [
        0.05428957821138048,
        0.0,
        0.11171155683497719,
        0.026248438212171925,
        0.09833147606514633,
        0.2182334960503843,
        0.06741799843418576,
        0.09154680758889333,
        0.07692447020599617,
        0.14481584831287067,
        0.07455828655822729,
        0.0719261483687722,
        0.04136765898794371,
        0.08369161101756761,
        0.13164676030993192,
        0.08592123067272743,
        0.055525507714002866,
        0.04028925998125184,
        0.09640028408547453,
        0.11923442697732338,
        0.013669705636934131,
        0.04950407969626346,
        0.06622119472953805,
        0.013372433120733551,
        0.20238595869786605,
        0.10860329321337076,
        0.05859140971220233,
        0.08202951800025918,
        0.16145127046947252,
        0.06569017709108185,
        0.10666462888627955,
        0.0648099481883559,
        0.13963879210641608,
        0.10207694690059865,
        0.2029184899795579,
        0.11842829552071112,
        0.12109467836516086,
        0.05349742552320314,
        0.007125926736364538,
        0.034762173568587386,
        0.0737334438092882,
        0.016347701723066717,
        0.052994078058637165,
        0.17530514718900952,
        0.0743348340432588,
        0.06155205635704059,
        0.06655498911448075,
        0.1042326748369856,
        0.04114070001039009,
        0.046913060531856975,
        0.09386949989224361,
        0.1853261109479011,
        0.08962389737096615,
        0.20261168783558936,
        0.13970692233679755,
        0.13025103187651513,
        0.05812117771377587,
        0.002904201509831665,
        0.07444617176032127,
        0.10434124855435349,
        0.04197309484292769,
        0.07328976549280815,
        0.13591376743426978,
        0.0862856205771113
    ],
    "avg_delay_arcades_priority": [
        0.05088531880357206,
        0.20700583577807158,
        0.1528111999984314,
        0.24695272694955145,
        0.0,
        0.12348140272269657,
        0.02394597295451125,
        0.16066198975093976,
        0.0322344481120174,
        0.019574582494546154,
        0.08718672457283798,
        0.061910760362431906,
        0.0,
        0.0,
        0.005597986033382385,
        0.0847954650437432,
        0.04725445678867578,
        0.05931717832572758,
        0.00718525374501413,
        0.10637340823123943,
        0.10555307123165829,
        0.04705813676168633,
        0.056147529115935284,
        0.07900452817523958,
        0.0,
        0.10979740619567517,
        0.010579189204145223,
        0.04040611178240916,
        0.010312184149178824,
        0.015470068374163967,
        0.1013188087737167,
        0.0,
        0.12732070809714527,
        0.012045619037541512,
        0.07114996594682635,
        0.021719683992207712,
        0.09142762220315553,
        0.0,
        0.015218049155041708,
        0.02182394227568069,
        0.03833891514468154,
        0.02975237603816226,
        0.1419256354729122,
        0.0382862947420902,
        0.0,
        0.0,
        0.03632426385892528,
        0.0767443453884896,
        0.09875335852892879,
        0.14975877225913697,
        0.000862004360757195,
        0.028154653054866283,
        0.006795330432078771,
        0.0,
        0.08459391902685601,
        0.01904177915697035,
        0.004362344071922594,
        0.0,
        0.0,
        0.06538661644983113,
        0.10871633162308282,
        0.14120958745071108,
        0.0,
        0.0
    ],