{
    "seed": 841744376,
    "n_nodes": 5,
    "lambda": 0.07142857142857142,
    "b": 256,
    "k": 64,
    "income": [
        4708.701568307699,
        4520.8905586609035,
        4416.501588320061,
        4715.3509566792245,
        4620.229328535163,
        4637.397109306596,
        4556.463224475459,
        4611.45502571861,
        4534.884635388204,
        4460.459433536599,
        4624.724747800749,
        4516.314902864802,
        4684.03074609538,
        4582.254326954819,
        4684.5432604294,
        4543.256787822788,
        4652.810648714059,
        4464.112788302453,
        4506.4461297369935,
        4395.833327864161,
        4622.871487179357,
        4577.824417216936,
        4554.087214530057,
        4437.675739360837,
        4595.909560441601,
        4605.796287237234,
        4542.391364561658,
        4686.447874592025,
        4422.080473950677,
        4893.594664444144,
        4213.457186255879,
        4700.397664200401,
        4641.999108249714,
        4319.635093311482,
        4348.384055961513,
        4403.00663147603,
        4382.966868660172,
        4830.64497198378,
        4474.249227516993,
        4589.64464651225,
        4578.593087924072,
        4281.552498757432,
        4472.964367238957,
        4204.675915549817,
        4507.006015186691,
        4681.669458890288,
        4398.423883821785,
        4543.950608818884,
        4397.23567280236,
        4739.620672090458,
        4411.539545872331,
        4420.925175605082,
        4625.945654841338,
        4427.723376479029,
        4492.962262767676,
        4705.323575240152,
        4530.518066441156,
        4599.455027919983,
        4256.453685295234,
        4329.819852673059,
        4774.488826405742,
        4481.156694421894,
        4438.089677072137,
        4561.6857418561
    ],
    "job_list": [],
    "avg_delay_ticket_green_pass": [
        0.24361732548336515,
        0.08791609193607865,
        0.19712525882230275,
        0.03887898221335017,
        0.2581970377818646,
        0.4935431546118172,
        0.5786345319412358,
        0.29899575681121265,
        0.8151902117789127,
        0.3070100336104936,
        0.3297891727172002,
        0.23784896463823518,
        0.4071721724646495,
        0.30245977924114414,
        0.13434990200610347,
        0.2334439499732639,
        0.31103720607373386,
        0.2665090664097623,
        0.3615841936106951,
        0.2568896015566749,
        0.18034193716587088,
        0.1446130244869703,
        0.18980140821929067,
        0.2687397195587087,
        0.26981336683116386,
        0.40456193648612,
        0.2127468741932449,
        0.22574832736339384,
        0.21310864027636126,
        0.28350794923103567,
        0.1529481247831929,
        0.5454321674837996,
        0.23917942231950476,
        0.33458504760370894,
        0.341099318198394,
        0.5886594321513441,
        0.2563892756412055,
        0.17595658480820395,
        0.1341902069345286,
        0.46843510521876713,
        0.37223669132078463,
        0.17735522329816236,
        0.1458520460894306,
        0.10072783632601452,
        0.31323081800946967,
        0.290464998362539,
        0.28512792912275964,
        0.3318043433753654,
        0.44985562041807553,
        0.2042657218844397,
        0.24210833903786766,
        0.16209545798458216,
        0.258502571170997,
        0.2078950007110334,
        0.411174207320872,
        0.5715570509986968,
        0.23769196291757952,
        0.39415378397449874,
        0.3823162802695034,
        0.08733952418637661,
        0.20337366921911862,
        0.17614973657834343,
        0.47094329263791596,
        0.17090062633471492
    ],
    "avg_delay_arcades": [
        1.2147087745589027,
        1.3536513478267433,
        1.7384253051165075,
        0.7297730757904085,
        1.1100378095004344,
        1.3087107478730169,
        1.2258529868283756,
        2.103562673106682,
        1.6999300462472213,
        1.999093644600368,
        1.164720619670743,
        0.8261895546375152,
        0.9553430958719977,
        1.270489539726899,
        1.372355772220987,
        1.6354365816478236,
        1.4185147903605517,
        2.77707193101403,
        1.4830379622433243,
        2.2539301804220067,
        0.9436595579168104,
        1.1622767349598195,
        2.0088853467828853,
        1.5207360498319606,
        1.3363542254925012,
        1.2457194608039015,
        1.3279949405253062,
        1.1209144622941225,
        1.7222036091204593,
        0.5691928552111403,
        0.9638763840028048,
        0.7566356554946646,
        1.3376134895647238,
        0.9294662859428268,
        1.792139117774441,
        1.7884181817634512,
        1.7284457372082087,
        1.0007121283207694,
        0.9744223941594928,
        1.3214158278862638,
        1.6977071592207544,
        1.3841608556106808,
        0.9109206406989084,
        1.7417192931019148,
        2.1168186491411776,
        1.6868793137973117,
        0.8248846159075696,
        1.6679295007582602,
        2.4073378128555096,
        1.192743889360081,
        1.0123089014418305,
        1.7749233321012554,
        0.5514482112507384,
        1.0823768180687856,
        1.5512905995097648,
        1.2021912622782023,
        1.3508886975219034,
        2.2799390474728947,
        2.2664809517508075,
        1.4037942638336594,
        0.530131365328512,
        0.6462139596306729,
        1.3943737941298382,
        1.2643476213113565
    ],
    "avg_delay_arcades_priority": [
        1.4073889570934113,
        0.36656751550240607,
        0.5582745021005562,
        0.6140564459096284,
        0.4419267634256088,
        0.3205130418118013,
        0.49057847559418305,
        1.1980477010135104,
        0.49714206657975735,
        0.4942712323756157,
        0.716789453158728,
        0.9182972358315604,
        0.3052221926724906,
        1.4529807535225236,
        1.014953624716594,
        0.5304095830509056,
        0.823946812637776,
        0.6974576021274429,
        1.0682066691977716,
        0.6379152718388944,
        0.7213656441189643,
        0.2054628616417638,
        0.35777739168295825,
        0.38822330334380817,
        0.9789024047296383,
        0.633589881874337,
        0.7117940224711858,
        0.23204480780372566,
        0.466556033848463,
        0.7684632458942425,
        0.0,
        1.1619251233404242,
        0.6259442757261907,
        1.0172786702358172,
        1.5617901162549994,
        1.3621289349411405,
        0.896987861333297,
        0.6748416316404591,
        0.6581044078843781,
        0.8614594781895508,
        0.6927536687822299,
        1.7239235744262982,
        1.3310745528837036,
        1.8134174378602392,
        1.240369363334048,
        1.0618247138666856,
        0.4619253406008337,
        0.5336864924977283,
        0.5350371283187997,
        0.8580715842692485,
        0.8301072929289994,
        1.2916084918908646,
        0.7573889380831648,
        0.5601318454277868,
        0.2981541548094399,
        0.6429626869413694,
        0.864527168813655,
        0.9845676472645779,
        0.8085964363419995,
        0.5072308382923378,
        0.36448443221133936,
        0.4506229350675269,
        0.7128342014224025,
        1.0355512808624898
    ],