{
    "seed": 238927874,
    "n_nodes": 5,
    "lambda": 0.07142857142857142,
    "b": 256,
    "k": 64,
    "income": [
        4501.349848562577,
        4752.373963464254,
        4649.11126238505,
        4596.166940234679,
        4658.532756101727,
        4529.330624675138,
        4695.543456145257,
        4545.779006504672,
        4836.356689405906,
        4453.634422353303,
        4362.479627925966,
        4376.298210807451,
        4516.207851668388,
        4561.858655972877,
        4715.622133591065,
        4741.088607840073,
        4464.480435696379,
        4740.743884699542,
        4484.401832910346,
        4246.912736042141,
        4591.434278995275,
        4793.625731960148,
        4480.993148777237,
        4690.583147679667,
        4568.460268009487,
        4470.51522073495,
        4468.992424441525,
        4473.698142850416,
        4722.681284919421,
        4424.883059739724,
        4577.701830378815,
        4787.767201930914,
        4492.395908577399,
        4311.796661576523,
        4346.539298985909,
        4295.865541571431,
        4503.165183799204,
        4738.688258691545,
        4503.050248966143,
        4756.448151523119,
        4492.542733314023,
        4437.345606510007,
        4542.974267342723,
        4393.666889984344,
        4354.873030635008,
        4695.815600239122,
        4853.748020578686,
        4464.207072827015,
        4501.4282458386615,
        4583.552891338826,
        4616.836680544853,
        4379.791085152992,
        4675.950762468952,
        4507.448528804004,
        4630.615374494356,
        4703.802160689325,
        4432.70385145066,
        4652.231827608542,
        4578.397295795805,
        4662.729421154043,
        4389.358216127774,
        4586.012338315042,
        4694.674961255303,
        4573.343650211276
    ],
    "job_list": [],
    "avg_delay_ticket_green_pass": [
        0.30257406921179786,
        0.21610210829356857,
        0.4550692472636935,
        0.21112692023437607,
        0.22490150984933605,
        0.07021279729353568,
        0.2572830836498332,
        0.20845800660068212,
        0.38468753998461125,
        0.29535160787188663,
        0.2692544598176677,
        0.19874614335789684,
        0.2525017136479164,
        0.08180548940874946,
        0.2779203061328759,
        0.38101430643710205,
        0.44652204173507926,
        0.0973870257673679,
        0.3532952561452985,
        0.4373103140216554,
        0.4993171291406795,
        0.21654858840922883,
        0.3599085079448273,
        0.09258336389807639,
        0.39917019312818663,
        0.3636949302896083,
        0.22467228114939125,
        0.3963227814964415,
        0.31631388984476316,
        0.22076570186764002,
        0.2439364620371894,
        0.26200606158807094,
        0.5732205551007113,
        0.3483762119864114,
        0.21912415385065742,
        0.2927659885817481,
        0.147625532740544,
        0.14986943211704606,
        0.25184844362675285,
        0.3542038795968983,
        0.3039408673309579,
        0.24507496701227502,
        0.29829260873390384,
        0.3547411903808736,
        0.1912579833150394,
        0.21472072763610509,
        0.5120314765130604,
        0.8035730788092637,
        0.18410257904092836,
        0.2502766447136875,
        0.3374281478854619,
        0.38729368999389713,
        0.3787446239374147,
        0.45472320091667706,
        0.41035859190463086,
        0.2737324713698832,
        0.314932072375708,
        0.09646551670554866,
        0.6161729306611593,
        0.25790343031357543,
        0.1388354559892226,
        0.3060301546829578,
        0.16816605000281015,
        0.27119501125062223
    ],
    "avg_delay_arcades": [
        1.675332505085431,
        1.022907586222551,
        1.372707639548715,
        2.1154926721278096,
        0.6307073104052382,
        1.495755456043254,
        0.964443607772079,
        1.4260714743792593,
        0.9742496526822301,
        1.0902970429476215,
        1.9014133068325862,
        0.854845162743481,
        2.187835383228149,
        0.8610103828685691,
        0.6182371848618745,
        1.4330843575971823,
        1.0384903140997823,
        1.2742041983917352,
        0.976168578580481,
        2.8571641549124758,
        2.0209262256288754,
        1.1325747169872815,
        1.626278984390585,
        0.79496143048307,
        0.6729290666412517,
        0.9006270301801285,
        1.107633982808671,
        1.0405717587076808,
        1.7791269023423588,
        1.5623063277266955,
        1.1893230346710766,
        1.2132321563538555,
        2.639709399756197,
        1.912745755880873,
        1.6479772123894538,
        1.473947300541538,
        2.337894749970327,
        1.146922196458513,
        1.3197959817707619,
        0.8301815065529713,
        1.2829952747390834,
        1.3710712331014967,
        1.7442170506138392,
        1.4069253603589256,
        1.617621367633967,
        1.0948659174060669,
        1.0508625184646159,
        1.3488800964080958,
        1.5093875438675766,
        1.3491816452038807,
        0.6182840794974422,
        1.5529930640178888,
        0.7060992599915492,
        1.6662523949137706,
        1.5639010809801788,
        0.7586165632409891,
        1.0510492352983047,
        1.528015909225649,
        1.9260213962059016,
        1.1295596314404448,
        2.1137394683700723,
        1.1335219706856372,
        1.081657963329419,
        1.2022322874870697
    ],
    "avg_delay_arcades_priority": [
        0.6791337491609807,
        0.8663076830198563,
        0.7784159781192806,
        0.42462521048186136,
        0.8200237273448184,
        0.18282033805275702,
        0.9909101676586417,
        1.0246012797952133,
        0.6252194816782526,
        1.1830755413872684,
        0.2746918917788883,
        0.44828871103571827,
        0.8984109282254117,
        0.697397231673462,
        0.458406963043004,
        0.3938747838677118,
        0.9533530464597518,
        0.9079444021271634,
        0.979575312728036,
        0.47579982896987383,
        0.8334765168900142,
        0.5912787859375416,
        0.561167690846197,
        0.35002058262722896,
        1.216452395222473,
        1.5593396589480264,
        0.5793022207387473,
        0.490625432380657,
        0.38281182860670626,
        0.912243277320416,
        0.9071265784347563,
        0.3205715579699694,
        0.8805860151331835,
        1.3849398171993808,
        1.3278142291153092,
        1.5020197871152134,
        0.49952352102561,
        0.7143982053745795,
        0.08733073235780467,
        0.7573359988193415,
        0.818828329722314,
        0.7083890218727296,
        0.9091767893867377,
        0.46658677732339127,
        0.7032497754081104,
        1.1941363009273496,
        1.0603350757049,
        1.3293885279690674,
        0.5984132753736287,
        1.6478341039775473,
        1.033126502370701,
        1.10966746408007,
        0.636772333004461,
        1.2295949779230813,
        0.8493330469571394,
        0.39896748046953573,
        1.7837021594004683,
        0.3160448329543465,
        1.8553967367587816,
        0.6817499763391803,
        1.0141547581472055,
        0.20885414417235829,
        0.2936453205109422,
        0.9680246424198098
    ],