{
    "seed": 238927874,
    "n_nodes": 2,
    "lambda": 0.02857142857142857,
    "b": 256,
    "k": 64,
    "income": [
        4459.55500038872,
        4504.304340247122,
        4723.753524064206,
        4399.725957830029,
        4665.869938508435,
        4485.462521042834,
        4634.023197904813,
        4542.168124904003,
        4554.742640880385,
        4526.343554164103,
        4464.398170883153,
        4282.22406202106,
        4656.22640209657,
        4518.694274523976,
        4515.454720281593,
        4667.15010795938,
        4461.8610763904235,
        4573.370920117841,
        4461.225859396906,
        4467.386075479207,
        4530.945692576435,
        4747.038045276721,
        4584.745856539516,
        4680.981865605945,
        4472.4811430030395,
        4446.70200317494,
        4479.442979206735,
        4459.783202279391,
        4834.886128722268,
        4500.146446550143,
        4527.614526517352,
        4734.675862427496,
        4603.454287902139,
        4286.3128347870625,
        4417.698125687897,
        4424.595232253763,
        4602.94939108826,
        4799.6102671261215,
        4360.3196442481185,
        4754.769197810001,
        4488.2062028912715,
        4629.7778182136335,
        4435.764888250291,
        4441.819868676199,
        4360.180646573015,
        4815.35759780029,
        4819.761790837138,
        4405.10972249207,
        4549.078313679165,
        4691.559280112257,
        4645.080450258441,
        4486.262511587494,
        4725.685361062506,
        4567.674663984157,
        4560.483544331138,
        4566.2837869959485,
        4372.553012212791,
        4717.2001933623,
        4705.848642885794,
        4698.752904144527,
        4431.935442299153,
        4529.896990093401,
        4606.628946685583,
        4693.487038271354
    ],
    "job_list": [],
    "avg_delay_ticket_green_pass": [
        0.04945341117902019,
        0.019400119886768152,
        0.05493981906552901,
        0.005232047322863309,
        0.027455841716711473,
        0.04354010391055935,
        0.10260541764773332,
        0.11371725374156386,
        0.0653611705330377,
        0.07980099638583006,
        0.01263900478684706,
        0.03885522581388523,
        0.08899032496402634,
        0.013891244768852961,
        0.016191741295809085,
        0.007771049190168491,
        0.16968783591949868,
        0.034686490384628996,
        0.1262001454960555,
        0.046604712352221,
        0.024230282703582715,
        0.11744189794687554,
        0.0731120425868994,
        0.07896477301842768,
        0.016416859775298213,
        0.07469804999571006,
        0.16792599123710583,
        0.037137926557392835,
        0.04154235037974051,
        0.05605979523943461,
        0.036576693985123365,
        0.07046967023333925,
        0.07510492051512645,
        0.0724126783550732,
        0.006129749290670993,
        0.06463161384845309,
        0.043350063529237384,
        0.019252205931967716,
        0.1340503415751054,
        0.04112800956100991,
        0.10607752420493576,
        0.08747220453930271,
        0.04125316157890484,
        0.03588476008474966,
        0.029276817428277962,
        0.045267751069566715,
        0.13064291094442046,
        0.10738913685732968,
        0.08006176916999963,
        0.19268431486323773,
        0.11308769343617874,
        0.03408017940471755,
        0.12890134974971212,
        0.06889216074412088,
        0.02230085505649817,
        0.17303697110859337,
        0.027358246764900986,
        0.02717880712589249,
        0.07987285254057497,
        0.037628330686306014,
        0.12381138637163273,
        0.021897551938438113,
        0.04554774681464998,
        0.011485538535958363
    ],
    "avg_delay_arcades": [
        2.7718016871576774,
        1.3893194969031086,
        1.8586801448985948,
        2.040522473811924,
        0.3428340166848267,
        1.3516537416539376,
        1.3180648078329102,
        1.5169202470534038,
        2.522945214377682,
        1.185347270503127,
        1.0316841840532451,
        1.2001650939149506,
        0.8170327001960868,
        1.701983664762185,
        1.1399073022222765,
        1.4218928394921455,
        1.2952420361675003,
        1.7148876752064823,
        1.6683595930839057,
        1.6673966721790858,
        1.5668650276428222,
        1.1324707841723423,
        1.1728965242644158,
        0.7801348320568466,
        1.5763882556484363,
        0.9886887852349588,
        1.276680461869518,
        1.4565460447910445,
        1.5581798313729618,
        1.3588548732789558,
        1.6291958113897784,
        1.2269100180624746,
        1.3675178724718289,
        1.9615967228214974,
        1.697332912064097,
        1.3440045373341865,
        0.945900258927222,
        0.9110319333203363,
        0.8313482567382372,
        1.6393594704368297,
        1.085297691085939,
        1.1846170095086563,
        1.9704818625505087,
        1.26985454622209,
        1.3466660527754164,
        0.5778100009452328,
        1.2748601542825035,
        1.407688643930526,
        1.579952257213387,
        1.1817785551482014,
        1.4035666557309319,
        1.156459599577863,
        0.951328564155437,
        1.415876723682656,
        1.3203823312174299,
        1.7696503987281145,
        1.9202031758460727,
        1.2975183624119677,
        1.4362192706399668,
        0.8680510179753655,
        1.039707835381422,
        1.429564517265626,
        1.3056127533732935,
        0.6506837608137623
    ],
    "avg_delay_arcades_priority": [
        0.07499080224290212,
        1.706159549101531,
        0.9269205409186618,
        1.6286686556205752,
        1.3651630620734387,
        0.6902521772311441,
        0.9690225799995738,
        0.48300222899565043,
        0.638865091913169,
        1.1369330347695117,
        0.450223892202799,
        0.49405980460557786,
        1.548210485056997,
        0.4013469277168993,
        1.0070033715333433,
        0.8721898947597384,
        0.952983732208767,
        1.4127910822056318,
        0.6484331531388074,
        1.037834790566913,
        0.965107896541676,
        0.5784115848751575,
        0.8231513362537676,
        0.4262132668965338,
        1.2652219398781168,
        1.520692033653181,
        0.6889070042260033,
        0.8074121116081924,
        0.4204668036568263,
        0.7995641678995998,
        0.41437084583308303,
        0.6478480149950052,
        0.922354867862628,
        1.4886343015202415,
        0.7774179154490866,
        1.0644446140729742,
        0.6767717264916098,
        1.1912358384834882,
        0.6635084234849711,
        0.45187567030288334,
        1.3291100341590938,
        0.6783592660308285,
        1.0025372906109422,
        0.49636749165961747,
        1.1932378174188552,
        0.7672523341170745,
        1.1970241566781814,
        1.4786671777901341,
        0.5302697552763111,
        1.1114178629450975,
        0.2434575257199564,
        0.37967186399361896,
        0.7364577527808351,
        0.9155320566112854,
        1.3832786232851568,
        0.3763458805176211,
        0.8379222764900978,
        0.31299309598823777,
        1.7998286122728282,
        0.9629343025688528,
        1.0989296866725318,
        0.8856258499576403,
        0.32500597103961554,
        0.6669144473108752
    ],