{
    "seed": 1865511657,
    "n_nodes": 5,
    "lambda": 0.07142857142857142,
    "b": 256,
    "k": 64,
    "income": [
        4691.141981389546,
        4416.305011066643,
        4709.610737003127,
        4502.738135042002,
        4453.217415888781,
        4580.357394705754,
        4663.983876277935,
        4582.283151686102,
        4270.075722806139,
        4540.705228162614,
        4444.057610632269,
        4304.0819490814465,
        4591.523558290035,
        4443.246344079241,
        4596.4860207881275,
        4708.385939768435,
        4903.9272611698825,
        4869.3118143444135,
        4639.7470949833,
        4439.712519102701,
        4269.934300254248,
        4376.88470228682,
        4723.671784643751,
        4728.27873552333,
        4141.797313806119,
        4623.533294057556,
        4606.660528802431,
        4506.994829012173,
        4607.940051344312,
        4887.883149128701,
        4448.967416700869,
        4543.22877689155,
        4746.631482115877,
        4598.246793022639,
        4793.33518366592,
        4684.8773438017815,
        4416.052902234391,
        4289.973262273177,
        4721.15646917428,
        4597.664764012276,
        4334.817949906601,
        4661.776321172006,
        4454.7875620947525,
        4657.633015635817,
        4253.92205164892,
        4612.275315559984,
        4758.789110525706,
        4485.177593323228,
        4676.956274544144,
        4695.4096151771255,
        4423.594171239285,
        4365.5128901655535,
        4704.065025228109,
        4353.45491364243,
        4447.581321449446,
        4582.8597725475565,
        4342.639359496581,
        4565.855213256511,
        4649.076967353847,
        4469.186038410552,
        4571.351890898912,
        4665.686097507481,
        4385.218650775877,
        4290.806954664715
    ],
    "job_list": [],
    "avg_delay_ticket_green_pass": [
        0.1527264540001836,
        0.1846899299498711,
        0.15635273684917964,
        0.45883352321067095,
        0.5691287119703891,
        0.18907255829031078,
        0.22763336569357936,
        0.19586471839386668,
        0.5456991441729453,
        0.3159072830874518,
        0.2585287922233874,
        0.2620564817465065,
        0.2207528688968116,
        0.3474795671985843,
        0.14161582737943945,
        0.38026953408290387,
        0.12477967691153086,
        0.4522294019576717,
        0.21299082683799497,
        0.19654623372928023,
        0.13193553122460758,
        0.17639869587437715,
        0.2568478981401165,
        0.4712642058559057,
        0.221368409201929,
        0.5236195467280739,
        0.28431541261857207,
        0.3337551480128103,
        0.6156484643557073,
        0.3550854674164818,
        0.537447049524053,
        0.21423101844541662,
        0.2109442474040783,
        0.25987559379536834,
        0.2675158258304388,
        0.20968794642122082,
        0.32525598131401473,
        0.4695728397013833,
        0.26052811048715374,
        0.36240807961704297,
        0.39469431059498106,
        0.5822839387722618,
        0.3051243677599671,
        0.32851198689126987,
        0.12713425364828732,
        0.2804409312318143,
        0.20579805816460559,
        0.33829080962138725,
        0.44663654566835803,
        0.23675365867141346,
        0.23914668502870232,
        0.17165761932467474,
        0.17364481689369046,
        0.3024145586953201,
        0.36591034832118535,
        0.308065758315237,
        0.2948439869465209,
        0.11834045395996172,
        0.24983656086785636,
        0.3403306896433192,
        0.312405803744948,
        0.4117045449260396,
        0.037227957513881846,
        0.2051255706916192
    ],
    "avg_delay_arcades": [
        1.6914448666842445,
        1.673881000825073,
        1.0028180441454324,
        0.6813996917154492,
        1.8156730725730756,
        2.239250510534163,
        1.2606803975098952,
        0.6853472404669781,
        1.8012636063364618,
        1.3345853651417527,
        2.0305991442240763,
        2.026998993469014,
        1.2282609377746845,
        1.3711893104688198,
        0.9233491113816052,
        1.1100495420864314,
        1.3845233044634977,
        0.8508004129579465,
        1.1150605982035386,
        1.160029856544727,
        1.3091313487382314,
        1.5557095998574773,
        1.3331843755925263,
        1.087681525618114,
        1.9447137489724935,
        1.4324157432454603,
        0.9249458476773397,
        2.8163992474627504,
        1.6721116110817345,
        1.3396949341626387,
        1.7838270374803329,
        1.2555347646840374,
        1.2268655408423315,
        0.9801415658238953,
        0.7905874056595769,
        1.122636594397417,
        1.5054217522750943,
        2.2275039290766707,
        0.9009833969954435,
        1.6225521511957488,
        1.7892918225662,
        1.4360186964711796,
        1.7736217590351995,
        1.2976211717956634,
        1.4883017879093319,
        1.1057192868607197,
        0.6800309541845497,
        1.066539817477423,
        1.0260208906028545,
        0.9033249499865349,
        2.0740693407897126,
        1.2440051714973286,
        1.1968185757221028,
        0.7363394913428438,
        1.1995076074280724,
        1.7326836170131632,
        2.398037764978461,
        1.311620755196073,
        1.3331664110233974,
        1.2307625188360014,
        1.8426174807000517,
        1.6163479586755702,
        1.1182419823381595,
        2.9028397994354256
    ],
    "avg_delay_arcades_priority": [
        0.5092800686057799,
        1.0755280078168856,
        1.0245274350306304,
        0.7847594874984745,
        1.8883284035036763,
        0.7726342741987767,
        0.26133194350970995,
        0.5974250375557502,
        0.7227332960050663,
        0.396918078904959,
        0.31388635023252054,
        0.7672140363703409,
        1.1160636232329726,
        1.5199372728823128,
        0.5501289514773816,
        0.8348485715833892,
        0.3954046473216117,
        0.8990270549440927,
        0.4984906134243765,
        0.6719450637182753,
        0.5894723972741347,
        1.3285835733056235,
        0.6824328728156883,
        0.2722345261360519,
        0.49629145944061887,
        0.7241123716408578,
        0.7633593645357152,
        1.0013145020070229,
        0.5240613261611229,
        0.432513034194095,
        1.3196417234490698,
        0.7448983847294829,
        1.0025537565770999,
        0.44774061692048023,
        0.2935169340600715,
        0.5697592988701637,
        0.9000823346258408,
        1.7332797528916468,
        0.6772808554307062,
        0.8142639525800048,
        1.708451661554448,
        0.9106011096846223,
        0.49527876067858995,
        0.42891544987231517,
        0.749219619655346,
        1.0794707298381905,
        0.08374121122038573,
        0.5209791322987594,
        0.44175954505709436,
        0.9693974439660018,
        0.38435962710914634,
        0.44316734002573827,
        1.3893384267692892,
        0.39989066288425373,
        1.065868326989753,
        0.9816561985559394,
        1.5405600432011606,
        0.7917568396442389,
        0.5208338654004002,
        1.0066030070997116,
        0.7001038364849969,
        0.13161173764448095,
        0.26046842983197405,
        1.6802151012667088
    ],