{
    "seed": 539458255,
    "n_nodes": 1,
    "lambda": 0.022222222222222223,
    "b": 512,
    "k": 64,
    "income": [
        4654.798532133689,
        5019.8084143822925,
        4101.683343879718,
        4522.161724999431,
        4071.643065935728,
        3494.487395135336,
        4273.235574676248,
        3499.2175834989175,
        4378.318283761386,
        4522.8186920181615,
        4398.096448743192,
        4307.608127389336,
        4467.314237174694,
        4119.523378278362,
        4021.3591711758636,
        4331.0638852017,
        4096.828224943252,
        3822.084751750576,
        3653.695838137879,
        3861.5089372938965,
        4282.300392422592,
        4281.369197543012,
        4419.30159137561,
        4614.435886134161,
        4621.0356157931965,
        4454.745966150658,
        4788.5020387782715,
        4532.650928551797,
        4700.009337123251,
        3344.0780016940553,
        4313.799468870973,
        3466.4998339249287,
        4341.3989772310015,
        3364.1576441645157,
        3994.327370892279,
        4078.008478954667,
        4337.442798949778,
        3912.9461888002697,
        3634.0087515234477,
        4680.845636505401,
        4088.684640648309,
        4861.185029397719,
        4739.872862316202,
        4767.821012182161,
        4811.174602108542,
        4300.305454194313,
        3745.384559047874,
        4251.2711362275295,
        4003.606974981725,
        4813.785052163061,
        4320.769867593888,
        3720.657386969775,
        3091.8553967522457,
        4635.502262980677,
        4478.790902158711,
        4791.827847033739,
        3761.018262494356,
        4584.32704885304,
        4668.853305859026,
        3794.3148522167467,
        4673.152027662378,
        3678.999517212156,
        4325.60028290702,
        4149.983011232223
    ],
    "job_list": [],
    "avg_wait_ticket_green_pass": [
        2.027771810831916,
        2.0208668833802887,
        2.1347723921919437,
        1.968715780793694,
        2.0602454790048172,
        2.134723220989493,
        1.9374502113387115,
        1.9495585213084798,
        2.0225873936206162,
        2.010027281350972,
        2.0248456088307063,
        2.0647133701408613,
        1.9873166235657067,
        2.075387247760784,
        1.9837117152958947,
        2.0168450394016086,
        2.022216747734356,
        2.03236331202714,
        1.994072867527059,
        2.08784226113224,
        1.9463041717401866,
        2.033641956509152,
        2.000939966385396,
        2.0134947527157405,
        2.075094180295103,
        2.06199463732764,
        2.0583062635194334,
        2.0426601413236467,
        2.0416521592660586,
        2.0941386132271314,
        2.0143360268357875,
        2.017263413828032,
        2.086822530126618,
        2.0316977141993955,
        2.0161234319454846,
        2.055143723835389,
        2.0256918837534967,
        2.031386438813197,
        2.0565848781834357,
        2.04036848645026,
        1.9944869052979906,
        2.0537165733279115,
        2.0641274035466775,
        2.1022843168342744,
        2.088347850642545,
        2.084103107547338,
        2.0949301326895093,
        2.054141876176276,
        2.0860498767930067,
        2.076960632977655,
        2.0635664680155523,
        1.9859305238980245,
        2.008223743076032,
        2.0094371541107794,
        2.02317372687234,
        1.978681771978186,
        2.0394530048736272,
        2.0828920322450815,
        2.0046653018682266,
        2.0397877740337296,
        1.9707407530522547,
        2.085141564913558,
        2.037144503308218,
        2.0099079547698833
    ],
    "avg_delay_arcades": [
        2.186852082910405,
        1.7807963204128463,
        2.8685512266694166,
        2.7181499255571855,
        2.6063632587118923,
        3.735806906497177,
        2.822980523176324,
        3.2761300035840004,
        2.5546048155135272,
        2.5114274592008448,
        2.7935303674031005,
        2.8091610766068498,
        2.187252927907846,
        2.661667606500406,
        3.2336239537655707,
        2.3956753358811893,
        3.1731898402874315,
        3.112561582038194,
        3.1221931949665302,
        3.111859390437632,
        2.7496382947439604,
        2.382739637217518,
        2.4319142763805046,
        2.2162416773557565,
        2.588398241228036,
        2.3144504743999694,
        2.159437203680995,
        2.4751780794975042,
        2.08394490672524,
        3.6426196503134065,
        2.2385023885501645,
        3.3051217490574345,
        2.5466492879784606,
        4.211687067188999,
        2.798294805179965,
        3.1752509346331816,
        3.1816918987610925,
        2.9065708559560406,
        3.723330948355041,
        2.060539150104887,
        2.791748366746335,
        2.0060901888705693,
        2.0767421138865996,
        2.2577676853515056,
        1.923173542018783,
        2.5311485394156326,
        3.960075336746716,
        2.421628566054874,
        3.0573648292676685,
        1.8093154365709203,
        2.916031242695156,
        3.0953861743985,
        4.257104326748857,
        2.7959368946412164,
        2.418169341784239,
        1.9719374565363488,
        3.6665409390776045,
        2.2591832657399147,
        2.062128533033777,
        4.018436866445661,
        2.0986565957236483,
        3.5542921838808863,
        3.1501107562178636,
        2.61997582720455
    ],
    "avg_delay_arcades_priority": [
        1.6946694041887596,
        1.522810977408376,
        1.1073095493871423,
        1.2049182355960297,
        2.075957813867804,
        1.4187790721213336,
        2.0837450923215117,
        1.780523268478585,
        0.8083041732203543,
        1.1633473539508508,
        1.8055136841364314,
        1.0530617126768824,
        1.5313511077000648,
        1.139844259672253,
        1.7904141521597767,
        1.4540611545751247,
        1.4812580703800962,
        2.4780813820266667,
        2.7255115350059858,
        1.5286473189826322,
        0.9319129008253645,
        1.8761730061801971,
        1.5756366831108422,
        1.4458125916216522,
        1.5202179578315866,
        1.6143078618567843,
        1.1405810629389659,
        1.0703065602581265,
        1.949214634266514,
        2.740474158195708,
        1.8992529023290659,
        2.4762644930637485,
        1.6998109233537328,
        1.953713761112514,
        1.8725219172088796,
        1.8700919416690196,
        1.4005060592115077,
        1.8368377921347874,
        1.4889830969422575,
        1.273400317832756,
        1.6567825028767056,
        1.1882093044081599,
        1.4179957132955026,
        1.537498575640055,
        1.4475379893509936,
        1.2928138444985962,
        1.299388933255575,
        1.648346260596379,
        1.3678934930455675,
        1.8697228479242134,
        1.7634579381627524,
        1.9477302299803865,
        1.680889181228893,
        1.0412274788706921,
        1.1302082811371514,
        0.8596452357761999,
        1.2182686507568827,
        1.679250962995944,
        1.4304463806601164,
        1.154502078091292,
        2.033501984733448,
        1.84859331548292,
        1.4080317366987658,
        1.852960124753459
    ],