{
    "seed": 841744376,
    "n_nodes": 2,
    "lambda": 0.02857142857142857,
    "b": 256,
    "k": 64,
    "income": [
        4429.9386758826795,
        4543.489425600401,
        4048.1690586839154,
        4733.025881608197,
        4563.024718140656,
        4555.502130372164,
        4453.10798980049,
        4820.099343359802,
        4499.414415627946,
        4542.759050188417,
        4595.029433694663,
        4519.233988419579,
        4506.124236170979,
        4536.953004381911,
        4810.993611125445,
        4575.935657421306,
        4567.321496612675,
        4670.6145653284775,
        4405.364740713485,
        4391.197052700336,
        4558.896221961497,
        4569.181525438607,
        4620.780923169263,
        4392.25848135133,
        4648.449720357205,
        4224.397835326347,
        4484.962220997462,
        4614.490737480528,
        4465.9126990089935,
        4770.724642826445,
        4164.10885134336,
        4818.83792997812,
        4630.0296817798135,
        4017.754310042001,
        4643.1775162362665,
        4347.028045187583,
        4427.508393653566,
        4783.579841506589,
        4352.12316362142,
        4511.133063231378,
        4552.041555437797,
        4477.381288882887,
        4503.1024755570825,
        4504.3675813692425,
        4549.148475304567,
        4744.864771031791,
        4307.115343873046,
        4765.923456658686,
        4586.110384771986,
        4718.093145655885,
        4347.898806225556,
        4591.285255862904,
        4599.458464860021,
        4297.470822510055,
        4445.940741488859,
        4618.751767494374,
        4507.865463495948,
        4529.630802473337,
        4337.562601128444,
        4400.930818736191,
        4489.162174377689,
        4489.91405482317,
        4298.241920279026,
        4517.119962828009
    ],
    "job_list": [],
    "avg_delay_ticket_green_pass": [
        0.04406489057395256,
        0.025218245080225188,
        0.01551242742227363,
        0.027877111779090465,
        0.042303050693590194,
        0.16882925986839994,
        0.08795381919027512,
        0.03330228567154273,
        0.14775693934667497,
        0.02126617075301948,
        0.09825617286730173,
        0.03188815233150981,
        0.03187427131998093,
        0.04814416119904204,
        0.0003425564100043559,
        0.029286247448637805,
        0.08648930026119518,
        0.004192464692285285,
        0.10064898212927742,
        0.0,
        0.028023180425113352,
        0.09683548711315804,
        0.10909122332288736,
        0.06487035749288385,
        0.015619485587145151,
        0.05525999222891187,
        0.03337639902062361,
        0.031162974540045303,
        0.0,
        0.0,
        0.019063776073793434,
        0.12649122772199917,
        0.063617988763194,
        0.05086242577340454,
        0.07775304604211222,
        0.10861389791083137,
        0.008042021188419313,
        0.0671139509047375,
        0.01013630707045894,
        0.18953964753141547,
        0.024984409341103055,
        0.03675480058971252,
        0.024780956860363055,
        0.03493433912307574,
        0.10118459330271715,
        0.1250787468692288,
        0.05165250669445938,
        0.040253682320147414,
        0.06715767106506973,
        0.030847948724534537,
        0.09909480607085344,
        0.05618307542889462,
        0.017324010543719244,
        0.009727997281689845,
        0.0,
        0.0711645685127439,
        0.14127872568872502,
        0.0,
        0.08559745227767697,
        0.010511640151423857,
        0.10455061262685128,
        0.014488504980803438,
        0.210987293505019,
        0.017983400279523006
    ],
    "avg_delay_arcades": [
        2.8996557983454934,
        1.3534347455545332,
        2.542984316468192,
        0.8855724018511484,
        1.4602655160193942,
        1.8890692540647511,
        2.103692671367332,
        0.9119574215781929,
        1.9771652030194828,
        1.5365110383675729,
        1.1488295444922048,
        1.1146700246245387,
        1.4740938552678564,
        1.6857406055372202,
        0.9253838191850927,
        1.1960628292762305,
        1.1866426970744823,
        1.734682487863202,
        1.8881821044786695,
        1.5321803346299383,
        1.30700606582077,
        1.3123473395464316,
        1.2796491835871189,
        1.2838091312227076,
        1.3142382161221895,
        2.2359049353879863,
        1.4639000059241896,
        1.1502027309434695,
        1.6293665414484777,
        1.0353574958631482,
        0.8571281081630593,
        0.7446794935883541,
        1.3748712141039157,
        1.7665005137742216,
        1.1369775522582306,
        2.100123798307189,
        0.7974353738939035,
        1.220983689935624,
        1.02213339653735,
        2.158209172833157,
        1.9397301789394528,
        1.242783191005712,
        0.6310594117009356,
        0.8547799686773209,
        2.0415539810148498,
        1.3340090490202645,
        0.9197631027841012,
        1.0145799385898147,
        1.8262762630666989,
        0.8389839910024117,
        1.505116828658543,
        1.2960676306036443,
        0.9393176678341624,
        1.758944596982598,
        1.436924140937299,
        2.0473773767279964,
        1.1845665260171812,
        2.20319589061633,
        2.00175022218351,
        0.729559188922763,
        1.5587484642609135,
        1.0851591651065737,
        1.6674793472373346,
        1.0992206320877798
    ],
    "avg_delay_arcades_priority": [
        1.5886213908288092,
        0.3318504729959062,
        2.1569584819854373,
        0.6000863998679047,
        0.7227621305484933,
        0.46950265061207,
        0.7522826102473315,
        1.072087714856164,
        0.0,
        0.6840331853477188,
        0.8107379924754899,
        0.6539632816264129,
        1.0655422928217027,
        1.261451766554698,
        0.9676899300296402,
        0.8229411278082939,
        1.4507201777068328,
        0.28544122169514596,
        1.7143063626671649,
        1.232107090776903,
        0.9125226910550392,
        0.7019636377764634,
        0.8812824734659832,
        0.9386053118130648,
        0.7840985394892651,
        1.222949859054649,
        0.8816663240170268,
        0.7717830366839431,
        0.8946895597245332,
        0.6527045484244616,
        0.7844019433369145,
        0.9379236753264224,
        1.126889348228387,
        1.040742710649655,
        0.6075399595295898,
        1.3298091232888967,
        1.2841494932702822,
        0.5011162918696719,
        1.3373086124256555,
        0.7408273297409209,
        0.5637436958116486,
        0.8387734441038597,
        1.1732665480601168,
        0.6133033503251756,
        0.7985908846928533,
        0.8377820871129076,
        1.0449295456288736,
        0.4281737300196069,
        0.7988844243915464,
        0.9865367706726564,
        0.8286669567175919,
        0.4442347269416931,
        0.7132114825050533,
        1.0515980253193231,
        0.4186597957173088,
        0.6947000771363651,
        1.260380722290971,
        1.383202012571829,
        0.33125005638379273,
        0.7429855234029759,
        0.8478988059700483,
        0.554285308498139,
        0.8386704300201451,
        1.3626355577463152
    ],