{
    "seed": 430131813,
    "n_nodes": 5,
    "lambda": 0.07142857142857142,
    "b": 256,
    "k": 64,
    "income": [
        4601.198848766066,
        4790.339687066744,
        4457.323651499762,
        4369.423132367678,
        4393.670810367462,
        4587.501677010483,
        4667.670700713802,
        4426.1998522392605,
        4784.154511891806,
        4733.309810438378,
        4787.3320053383,
        4559.933383770495,
        4539.511408737321,
        4887.450668919359,
        4675.413908969096,
        4219.609288803575,
        4456.482217451006,
        4365.436742635984,
        4463.384506159681,
        4752.240760205148,
        4224.7848204634065,
        4696.18514437867,
        4724.499965566757,
        4549.513766691102,
        4361.193615439756,
        4662.427138075744,
        4849.036446775564,
        4380.424847445554,
        4645.327821386674,
        4473.687174929542,
        4457.042747076537,
        4449.876712373838,
        4859.662556466634,
        4822.675590852325,
        4558.651620009119,
        4483.749385131383,
        4419.548131226311,
        4336.5786701613215,
        4572.047752302318,
        4660.767609185488,
        4510.26687099091,
        4460.603704048548,
        4499.617506623033,
        4569.9579016713515,
        4831.338222445949,
        4873.164195273615,
        4348.344162009873,
        4641.435998871262,
        4455.493836886803,
        4555.697486384237,
        4288.052916304574,
        4377.645636620541,
        4705.144470774188,
        4402.441305890173,
        4644.361683174365,
        4509.22651509392,
        4695.402267089577,
        4631.098541923004,
        4503.198981845731,
        4613.058262816291,
        4508.173051175402,
        4640.056726968487,
        4501.110092576916,
        4629.231320044912
    ],
    "job_list": [],
    "avg_delay_ticket_green_pass": [
        0.17674773430079277,
        0.20057059672706537,
        0.34829084101493046,
        0.2937623060135795,
        0.2325908374141881,
        0.4669240970771706,
        0.18987582733016167,
        0.2786740120103559,
        0.3139009435349139,
        0.3020811785207174,
        0.10269274700523613,
        0.2019579285681608,
        0.3059226969942228,
        0.3907973364374285,
        0.28706991438492446,
        0.2823409434604687,
        0.24566741845624268,
        0.4833336067233296,
        0.21214927347986198,
        0.28686475552257074,
        0.16780588973696667,
        0.29337605130901007,
        0.49731606512738386,
        0.35026885819125114,
        0.3212829715880313,
        0.257156244514318,
        0.2543646362720134,
        0.34110099543507894,
        0.30435703102582984,
        0.34878796852439936,
        0.35580392340723904,
        0.3454111288271581,
        0.3361690282365848,
        0.2135946266215213,
        0.2731693629665533,
        0.17424288797927892,
        0.2503566834222779,
        0.3183936097148387,
        0.1316743684717857,
        0.17691723542785356,
        0.17904635400519775,
        0.1607326967449373,
        0.5371839099802495,
        0.3734570029388393,
        0.12777612380921796,
        0.19417605984749609,
        0.427204357244132,
        0.31709737290530315,
        0.2394724557996683,
        0.42297652777259437,
        0.36123668472258924,
        0.3081181039980572,
        0.4156467298181412,
        0.4683178103925541,
        0.47873660682100216,
        0.2527716009403126,
        0.2895029590103885,
        0.5577631071197979,
        0.248227501739515,
        0.3686194017033719,
        0.24495045343937819,
        0.43641456819600805,
        0.09842219347522867,
        0.270159090378193
    ],
    "avg_delay_arcades": [
        0.7032340514529595,
        1.4984526958895807,
        2.3379560647103523,
        0.9980469433174161,
        1.454510109326171,
        2.762999151330924,
        1.5853376470698413,
        1.5425927071272032,
        1.5615435241167448,
        2.034820256229272,
        1.0564351411364723,
        1.7953619160181318,
        1.080239977870477,
        1.7166074482735367,
        1.5125038819534102,
        1.2626429588582584,
        1.3427296618001479,
        2.159129339361921,
        1.3995308670034998,
        1.204999059091763,
        1.7811543473852716,
        1.3993590771809559,
        1.2170394514723206,
        1.4030501282319174,
        1.2689742833011892,
        1.0299637770625407,
        0.6835865655746184,
        1.5929738212070101,
        1.020778392295163,
        1.812404592730262,
        0.9956553087502737,
        1.7686249969684797,
        1.1318782361538382,
        1.688168416004315,
        1.6749407911633951,
        1.2192209705899653,
        1.5101173553243925,
        1.5017022211574749,
        1.5745450661226703,
        0.9264088838406112,
        1.2457309570566086,
        0.9581212020886337,
        1.6669800159540358,
        1.0514960254864985,
        0.6819469405135313,
        1.3091140586251124,
        0.879685713843258,
        1.9381093909705887,
        1.4439917170286871,
        1.600725554330202,
        3.41130863490483,
        1.8275948438178502,
        1.2558538375406418,
        1.4839400813508294,
        2.3238170172146,
        2.2699970144217096,
        1.5580893869524677,
        1.5370910712588444,
        0.7080073568037192,
        1.327818198973888,
        0.8429684308164411,
        1.7751602731518805,
        2.025084914150442,
        1.529192637983987
    ],
    "avg_delay_arcades_priority": [
        0.9882030631325234,
        0.975489109599895,
        0.8481231104017158,
        1.7164280083063546,
        0.22515231980714723,
        0.49341485664426565,
        0.8934490934569167,
        0.5990608325504849,
        0.9850411442984738,
        0.59766896182541,
        0.9215179901201985,
        0.8861174365767219,
        0.6453164174099705,
        0.6089705909632619,
        0.14930215959345378,
        2.0209541428013056,
        1.2534974971560693,
        0.8640692407183103,
        1.0199527594251045,
        0.8350383559301232,
        1.777277498245176,
        0.9307205388252893,
        1.0819587198580876,
        0.782671491722142,
        0.5351113353483743,
        1.2774215450364679,
        0.2764517134996519,
        0.9842994307458562,
        0.6155867920544302,
        0.5153796958238887,
        1.119899075126503,
        0.6723012545005991,
        0.5752978492288994,
        0.24469633881631264,
        1.871224473141107,
        0.9551000496893497,
        1.2666206531443511,
        0.9709040420682051,
        1.495015694751462,
        0.6915748971091025,
        0.7923614187521204,
        1.025251255258317,
        0.5268555742852752,
        1.2751906141411613,
        0.8691920787102962,
        0.5297262211806972,
        0.9010168137293805,
        0.3613038297669275,
        0.9227431665071183,
        1.1923859077492671,
        1.1220805688280344,
        0.6147036470771697,
        1.0235407420205243,
        0.9175433715613026,
        0.8099118214235407,
        0.7616558322288399,
        0.60340118921298,
        0.3398508918363214,
        0.6289195377275578,
        1.082692253720524,
        0.26044572556651585,
        1.047937638856502,
        0.5350189855994864,
        0.6514638695857645
    ],