{
    "seed": 430131813,
    "n_nodes": 2,
    "lambda": 0.02857142857142857,
    "b": 256,
    "k": 64,
    "income": [
        4478.249557827805,
        4906.0802455960065,
        4525.53962975558,
        4534.879519088847,
        4317.016309827223,
        4654.62712505541,
        4716.62588402435,
        4442.852961566161,
        4768.184970519005,
        4701.433009567005,
        4763.284266391009,
        4658.620986904655,
        4578.6116125835015,
        4986.086588407656,
        4620.655504409739,
        4369.522945422045,
        4485.521536349549,
        4589.354652569885,
        4594.6980301590065,
        4699.721460272953,
        4249.29265872208,
        4578.878151878566,
        4737.286929609658,
        4554.5397878800795,
        4355.395031462832,
        4624.886242645798,
        4718.817042779716,
        4477.280907013941,
        4387.146062525149,
        4438.385622174487,
        4517.679959265,
        4414.495988875133,
        4745.4440678865385,
        4759.384894134555,
        4657.728405474049,
        4577.560129237196,
        4532.2437786940445,
        4257.0772035566815,
        4647.405939944496,
        4692.582722399579,
        4505.8267569860855,
        4368.72007812686,
        4447.962250955963,
        4558.390647181711,
        4861.3212921534605,
        4835.185810002109,
        4387.981392396745,
        4702.107573860593,
        4365.237593702658,
        4865.8553428312025,
        4378.421609801091,
        4309.0634232151415,
        4699.77656058447,
        4419.689594956985,
        4786.868168424626,
        4456.2720670421195,
        4665.814109930347,
        4430.971852373568,
        4555.593410290094,
        4444.638444200762,
        4377.190130214238,
        4468.259975254002,
        4628.224238888883,
        4607.9557376667035
    ],
    "job_list": [],
    "avg_delay_ticket_green_pass": [
        0.10920121815861705,
        0.013021534106140582,
        0.12836647056886769,
        0.03904738865899198,
        0.09095782254823256,
        0.044644091553428154,
        0.07223083299891186,
        0.09203030510363658,
        0.15351885214603908,
        0.012966848065008859,
        0.009228111459378852,
        0.06641059604913203,
        0.11202763984500941,
        0.03635405103619911,
        0.04164799646898774,
        0.017943441882137753,
        0.035886665093592396,
        0.0630278320335492,
        0.03337550763151696,
        0.028709610196983704,
        0.04610329143916959,
        0.028445859532753116,
        0.08930882256078933,
        0.07353284722316361,
        0.02458010358791167,
        0.06225623458630851,
        0.0621079304149909,
        0.046870447589026296,
        0.20143475703873498,
        0.06810236993874241,
        0.017991027377921943,
        0.04465300077933443,
        0.06456936512008021,
        0.06243955452616016,
        0.06728555126064152,
        0.011088784993810963,
        0.045095874669577665,
        0.037904435204663536,
        0.014123106324655839,
        0.13422122257448607,
        0.07412767796643598,
        0.00170775816992769,
        0.042793460744379785,
        0.11714380279124081,
        0.042758894430946055,
        0.034130382508252906,
        0.1276927563572689,
        0.07667780086332701,
        0.038643269134955784,
        0.03698439014922108,
        0.10671440334431827,
        0.03442226127305328,
        0.1646542711496577,
        0.014182536824148525,
        0.018485991787402182,
        0.0479339240423982,
        0.03679355513082305,
        0.05754266158751268,
        0.09172908465398809,
        0.06916156745262861,
        0.02086516818584405,
        0.06728739728454337,
        0.14725358163346894,
        0.0870625584315256
    ],
    "avg_delay_arcades": [
        1.0190447677612986,
        0.8114215638771334,
        1.7288690486769827,
        1.0082978169317025,
        1.6376889162307797,
        1.1945539091994026,
        1.2029487727215056,
        1.2067360143128947,
        1.364521287802575,
        1.5898663579276753,
        1.0335815983447614,
        1.3205369475075772,
        1.0325355651505133,
        0.931260895124943,
        1.322195768951346,
        1.1322277851441045,
        1.924577153608051,
        1.1452763997383193,
        1.2218342492325536,
        1.656542407432016,
        1.3782271146051233,
        1.3670751610304384,
        1.5035403870998163,
        0.7908042664051942,
        1.8429475158978919,
        2.240500578678729,
        1.1608859516576393,
        1.0925093206668715,
        2.528206901355567,
        1.4676980145840632,
        1.2173171006000905,
        1.3926884346109774,
        1.2780825337116302,
        0.9406203752392032,
        1.723160265534248,
        1.5325502490735217,
        1.2680567270518672,
        1.3657817350845938,
        1.5225605104279394,
        1.2239259815205679,
        1.4312094732958356,
        1.2668899578695898,
        2.053442174163611,
        1.6089551104316862,
        0.7716679955745944,
        1.1555766904825564,
        1.3296542190110037,
        1.1466183707988966,
        1.450476873823977,
        1.0370448963662662,
        1.8879631649948463,
        1.2231219716598396,
        2.0862867576344604,
        1.3464602351105608,
        1.5270244419200707,
        2.0499235917850456,
        1.2976344577067636,
        1.6649454757371878,
        1.6761944173307022,
        2.2708989246978253,
        1.1276300328247415,
        2.452675310614593,
        1.2633202282206428,
        1.1331966068738817
    ],
    "avg_delay_arcades_priority": [
        1.3483140993339324,
        0.6799218607815806,
        0.8560087849677276,
        0.28978596209407076,
        0.44064268124294037,
        0.7251264547950309,
        1.0108831984017832,
        1.1154349728101915,
        0.8163793497804543,
        1.3480336036644394,
        0.5742226236055528,
        0.9641744169469979,
        0.4234845217987069,
        0.31756410120793876,
        0.5964061331563749,
        1.2925107156285662,
        0.49604217019549823,
        0.7668367751654711,
        1.051782394626388,
        0.5776541931889733,
        1.2906550725182735,
        1.689609703856497,
        0.7867903310438408,
        0.7773757966381883,
        0.7338565037621434,
        0.32339819666476594,
        0.5986440871175243,
        1.1209758866457644,
        1.1337944988136033,
        0.8703349357287246,
        0.5892893266718602,
        0.5522764372180973,
        0.9652644973977609,
        1.288407433316796,
        1.2517713878129726,
        0.665804292231611,
        1.0273068016941724,
        0.9892191500386806,
        0.6950097818147214,
        1.050161778463897,
        1.2178758948221535,
        1.3756444322256531,
        0.7595868436832716,
        0.46861343144859846,
        1.0070683429129765,
        0.5827368972322868,
        0.6301625766761951,
        0.8737385447643141,
        1.245193582450641,
        0.6763181208086381,
        1.2490520738571427,
        1.6176470970762749,
        0.46024383309449196,
        0.6840134368386278,
        0.5756663634657161,
        0.8575969441721296,
        0.6726270636964391,
        0.46968063179123976,
        0.21915116075332935,
        0.8875271195320256,
        1.3825197142655963,
        1.5095670693937202,
        0.9652159870566105,
        0.8654058750703472
    ],