{
    "seed": 725267564,
    "n_nodes": 2,
    "lambda": 0.02857142857142857,
    "b": 256,
    "k": 64,
    "income": [
        4655.594477555943,
        4599.4672870293725,
        4353.400556099416,
        4419.790352686392,
        4230.250981079329,
        4444.0262589405265,
        4532.783315620001,
        4585.300822664332,
        4740.409629546955,
        4718.101289644058,
        4770.1425312690235,
        4542.979795814759,
        4776.590743153798,
        4737.653252541508,
        4997.375560150491,
        4666.567232036892,
        4834.036700002592,
        4575.537945214708,
        4578.593827228489,
        4396.8431055486635,
        4822.552634695153,
        4715.171610277957,
        4281.993434392933,
        4405.485650025072,
        4351.629225329025,
        4537.158791364505,
        4579.378656623983,
        4228.346284603397,
        4547.044631940821,
        4416.374722641065,
        4417.127928270715,
        4386.016888134458,
        4444.617467742733,
        4898.717965426586,
        4358.755247261354,
        4607.73536735911,
        4451.197789483991,
        4203.781030776079,
        4720.898485168298,
        4678.362167683705,
        4572.131298968632,
        4393.564801085863,
        4390.295101180372,
        4647.406595818929,
        4512.313199879492,
        4659.880085605878,
        4517.330077730743,
        4444.341540898462,
        4642.838796514899,
        4636.555828751187,
        4478.436765996895,
        4418.506302911563,
        4164.03534925352,
        4405.485647033638,
        4487.847579875775,
        4649.41933455276,
        4512.857135552675,
        4703.982708935073,
        4631.709242801031,
        4627.617928207588,
        4477.703819436085,
        4399.02766637929,
        4388.12211138643,
        4775.9293264807575
    ],
    "job_list": [],
    "avg_delay_ticket_green_pass": [
        0.04881391659761576,
        0.03602477718767141,
        0.04923099853149606,
        0.13109602082577812,
        0.11658714538034767,
        0.14510212124218538,
        0.05470126934420705,
        0.007203550200049196,
        0.08480830221077636,
        0.0376616886946444,
        0.04388869708375108,
        0.05105753997083341,
        0.05147860785174258,
        0.09486648545576142,
        0.0,
        0.06278866355624363,
        0.043668654646636676,
        0.016728417667646652,
        0.13130491134292885,
        0.08125297554227577,
        0.0,
        0.06975745386148775,
        0.012510159995535789,
        0.04427425545416118,
        0.0073495131183680595,
        0.15652184909747638,
        0.06444376871089237,
        0.05888587848354546,
        0.1362950836139403,
        0.2294567773429056,
        0.04898944186938666,
        0.034326023105567205,
        0.016927878501659367,
        0.044486072546875116,
        0.018235414653577774,
        0.03277080355900963,
        0.0,
        0.09346782001656513,
        0.04074283954826717,
        0.13494827799970666,
        0.1307840609202955,
        0.017548999717855472,
        0.17460813278937712,
        0.1608072709163818,
        0.0739743281821055,
        0.033816191589479176,
        0.06293229427142069,
        0.0977838341015599,
        0.06724720306108735,
        0.02227857692632824,
        0.12518466213674162,
        0.07296440798471954,
        0.05168188512532849,
        0.026979316274010418,
        0.06052576113764881,
        0.11904364760969123,
        0.07131199297728016,
        0.12611056059752154,
        0.0867915823400224,
        0.02805736483179172,
        0.07977779238309156,
        0.0754912975367851,
        0.012855797081202682,
        0.07100973136036447
    ],
    "avg_delay_arcades": [
        1.3818884270533873,
        0.6033091893283116,
        1.6240847657326338,
        1.823664725810583,
        2.4058490089299447,
        1.539320306693782,
        1.1675976645865676,
        1.488588965355493,
        0.980687348453255,
        1.0945295563275677,
        0.8482601998861428,
        0.8321840292662452,
        0.5421839078634002,
        1.3017744091282777,
        0.9354395047966664,
        1.1375688188219937,
        1.095250719256542,
        1.3227273563508222,
        1.1887832125941835,
        1.7560912499770442,
        0.6782575990595967,
        0.7951464938991488,
        1.9885755620948085,
        1.9158626589696754,
        2.2071604126666644,
        1.0582611576589904,
        1.4831314292861828,
        2.3470749860139124,
        1.7587205627783526,
        1.8597494315593073,
        1.4078786684401448,
        2.4631898858942005,
        1.0735539750665752,
        0.5504125749113384,
        1.0307410082537856,
        1.8042556393732758,
        2.2309976123705306,
        2.314124600343611,
        1.331483987949816,
        1.7286775961144238,
        0.9371016202197608,
        0.8145059445279935,
        2.3877645047890583,
        1.691922458353401,
        1.9106803623787754,
        1.435003193120178,
        1.7757409428988302,
        1.2922399523177401,
        1.0396296907025817,
        1.5163021180612222,
        1.1271403036397754,
        2.0858093562097277,
        1.8010800713485184,
        1.849319162682458,
        1.6189264759774273,
        0.9820006778137573,
        1.1918983364624804,
        2.3069318209145964,
        1.5319640424435845,
        0.9589527750298689,
        1.5837753454991226,
        1.252873041199122,
        1.9938092740785145,
        0.9735294824538543
    ],
    "avg_delay_arcades_priority": [
        0.3802729611613763,
        1.0814052512913608,
        0.5545061467930705,
        0.5171425880706524,
        1.3761814892629018,
        0.9363071709450357,
        0.5062097891172268,
        0.8778888690436434,
        0.5418026952154171,
        0.9146324865286256,
        0.28465480450641745,
        1.2967058019097224,
        0.41814163465434306,
        0.9219008110462958,
        1.1197825305740214,
        1.0182073722407212,
        0.6862801050383188,
        0.9601305211817002,
        1.5683852904139806,
        1.119469167170224,
        0.8722337422452552,
        0.5119171059124215,
        1.344140960139041,
        1.1005114434837895,
        1.2834603982651733,
        0.921041065256924,
        0.9452454420422446,
        0.812783234783262,
        1.1906358156323187,
        1.8946631142451225,
        2.050318095685898,
        0.38741007209347544,
        1.8587998052746775,
        0.6455367760830413,
        0.8862302693240691,
        1.0717293607203031,
        1.2255423429377819,
        1.077416640168319,
        1.1308621981239368,
        0.1661805011218901,
        1.233637957755512,
        0.9747468815845793,
        0.9483252578789777,
        0.6322233710246674,
        1.191738913139916,
        0.7885307697248745,
        0.47355096541503117,
        1.577029252886073,
        0.3183362627913978,
        0.6481952476050812,
        0.9200650200471738,
        1.58760140089811,
        0.839655203429266,
        0.8013437536788384,
        1.1842688196596791,
        0.7642800370966916,
        0.6745594225895681,
        0.8249848816913021,
        0.30752563182106624,
        0.37141278965397584,
        0.6783356557375888,
        1.3287514725232221,
        0.7897163079062011,
        1.0640302158425428
    ],