{
    "seed": 1757116804,
    "n_nodes": 5,
    "lambda": 0.07142857142857142,
    "b": 256,
    "k": 64,
    "income": [
        4514.311790319166,
        4480.771051720696,
        4555.40431041724,
        4570.954698312485,
        4521.362240503828,
        4585.629446904253,
        4606.422519802941,
        4592.002719637535,
        4449.107893491803,
        4703.399107873636,
        4630.764220872987,
        4693.379046833354,
        4767.540823956978,
        4439.106813714566,
        4329.925981817987,
        4738.976885181627,
        4801.951338266368,
        4810.640802169627,
        4667.54606326575,
        4609.567595484817,
        4790.256416122322,
        4718.814993939803,
        4853.880772061763,
        4489.626863929144,
        4497.14109258183,
        4715.846724299981,
        4553.9545115441,
        4483.766617938969,
        4654.695226249444,
        4595.644298765882,
        4376.9057821391125,
        4557.591336559794,
        4726.460870035689,
        4490.667762586541,
        4645.340708560894,
        4709.88599155668,
        4403.321963926143,
        4450.279128413483,
        4497.8027519735015,
        4659.34482155084,
        4498.502871556144,
        4690.243399286198,
        4497.391140367243,
        4658.250714690319,
        4885.4979267657145,
        4590.608024473904,
        4593.654118311911,
        4300.73467699288,
        4491.548475993136,
        4439.459430869617,
        4289.056936103665,
        4491.369747578349,
        4492.448853494582,
        4631.251107217868,
        4282.599597224042,
        4599.280921515397,
        4748.1863943628905,
        5029.371156469686,
        4832.220432469707,
        4584.9874919019985,
        4501.314697695493,
        4486.828229738655,
        4737.99456827106,
        4357.196914884921
    ],
    "job_list": [],
    "avg_delay_ticket_green_pass": [
        0.4611313274462986,
        0.3870133519498835,
        0.12318710007627762,
        0.502270768477579,
        0.35041297955056117,
        0.3148912090048119,
        0.22242120012920205,
        0.2899148854428039,
        0.3060942713145778,
        0.38536356246256503,
        0.3126129372768015,
        0.22252511667743202,
        0.169125795005372,
        0.2715389989058004,
        0.3960480960539336,
        0.18029122058965733,
        0.2263811489694355,
        0.14690745709925393,
        0.18628364407512973,
        0.19651496227002266,
        0.17405629039438572,
        0.5891853795320559,
        0.5691716265843881,
        0.34137338823778557,
        0.36089986303184235,
        0.12368599893488863,
        0.5016693785470352,
        0.28089313754063716,
        0.47885091879711994,
        0.31814628523799393,
        0.29449256962327514,
        0.20396232993405522,
        0.6284801017550005,
        0.207532497608429,
        0.36904809032066854,
        0.3285132693433886,
        0.2123534100030029,
        0.17466733392664063,
        0.09470228549482551,
        0.2790369358297626,
        0.531333722315731,
        0.1975683624668283,
        0.14062192204696425,
        0.14065040442553098,
        0.23205001676865125,
        0.13272169737630865,
        0.3294560934587196,
        0.2919766607493642,
        0.19735290316267187,
        0.2811962743895507,
        0.27602263650496434,
        0.1901347363816439,
        0.41175403416880135,
        0.30765759902367706,
        0.17838255874366657,
        0.2622916879037922,
        0.22823125850644058,
        0.4061289168833148,
        0.21242666912124453,
        0.3425033687270761,
        0.2991826687673835,
        0.08417609390732037,
        0.36007834082881274,
        0.2654157711586489
    ],
    "avg_delay_arcades": [
        1.1879623819115421,
        1.8624209297377436,
        1.2885099614743332,
        1.199266651012516,
        1.0961147564429254,
        1.7604805746558896,
        1.5868721556221768,
        0.8729376359094733,
        2.9806533956902017,
        0.9588795885762689,
        1.2666266427244024,
        0.9311384794836671,
        0.6856315518049285,
        2.4990713975014787,
        1.2229535625686687,
        1.6458647640074813,
        0.7399505166490351,
        0.7356700671279841,
        1.6467517541985432,
        1.2801442947402621,
        1.1941088162754903,
        1.5145492502234013,
        0.8750251453344445,
        1.394510838922674,
        2.086514844231246,
        0.8901626183546021,
        1.593841704151607,
        1.3276681676466828,
        0.8937469503225233,
        1.0147159270600405,
        1.5443726359609131,
        1.4350654043110125,
        1.1217941705796899,
        1.2760254050941604,
        1.3862844758130586,
        0.6516215519083609,
        1.0240906990519105,
        1.6581860922672835,
        0.9718522642629287,
        1.1831426881875458,
        1.8136074896782275,
        1.4026375662169805,
        1.1086775587596367,
        0.7704777989478162,
        0.4531948896687286,
        1.2181739325428818,
        1.29078449888711,
        1.8040028955195022,
        1.351177892207436,
        1.6721821670604236,
        1.3391106970172355,
        1.7767186053721058,
        1.6239787520982087,
        1.1780181878608382,
        0.9246497889929669,
        1.5767748030790725,
        1.2216500772820316,
        0.940163009222372,
        0.9267050643199728,
        1.2445826423734707,
        0.9893483593600516,
        1.3869634544832679,
        0.7872461031890514,
        0.9484761696645998
    ],
    "avg_delay_arcades_priority": [
        0.5880331349128051,
        0.5922392071214345,
        0.6080998451224773,
        0.6831611034491517,
        0.9096056179890404,
        0.36066364705534787,
        0.907868853069758,
        0.9558429237566337,
        0.6216826164879554,
        0.5226628544469447,
        1.2975580931447,
        0.6835605923482989,
        0.5609013248344336,
        0.7076482066843075,
        2.3262698016848637,
        0.6333499623451092,
        1.335158966770544,
        0.48984104059136124,
        1.1469279259140417,
        0.4943324363580951,
        0.7601076080326308,
        0.9057289734274999,
        1.201986718601447,
        0.5934504866297076,
        0.07495236835295699,
        0.12828251558046902,
        0.764217143257022,
        0.20162073399424116,
        0.6751486722353144,
        0.6530434485105798,
        0.2675135728670842,
        1.4772611729645788,
        0.9998983397190214,
        0.9623674525639462,
        0.4082098357986867,
        0.4549763721658421,
        1.7966857984429236,
        0.8323776038488642,
        0.06863749743887962,
        0.3941906642018044,
        0.7883238126974902,
        0.9659073663835475,
        0.22104284118397013,
        1.3327647194764947,
        1.5413730181190881,
        0.552381819367725,
        0.9666385682369292,
        1.098378252349494,
        0.5859232320475571,
        1.207241105948725,
        0.948415830107356,
        0.4461114374455585,
        0.5136837929132814,
        1.3516462226392105,
        1.362009081859524,
        0.6428540935195922,
        0.8569155897841702,
        0.4525434240056071,
        0.8275483400556564,
        1.2213468462599917,
        0.22344299676642376,
        0.7697315421401304,
        0.48897794486013313,
        2.018157687374938
    ],