{
    "seed": 1865511657,
    "n_nodes": 2,
    "lambda": 0.02857142857142857,
    "b": 256,
    "k": 64,
    "income": [
        4739.022741325662,
        4525.508573906338,
        4596.004765524585,
        4324.3703244677245,
        4506.46063089675,
        4704.129417164633,
        4562.4570330356855,
        4605.159203060683,
        4340.6289966735285,
        4303.099696513485,
        4591.640224178689,
        4356.462951003197,
        4496.223742631593,
        4520.841316155674,
        4685.085796508303,
        4587.082515290878,
        4915.821161524575,
        4619.61758177891,
        4536.813617930182,
        4362.670956465314,
        4337.193154040784,
        4521.329441686072,
        4593.892608874152,
        4632.582139816281,
        4091.0851745455207,
        4641.769315783622,
        4529.308194844034,
        4706.187008836834,
        4532.8160340044615,
        4787.849166885428,
        4581.899452895735,
        4534.923299885409,
        4619.797798780766,
        4534.809771352456,
        4762.348762042542,
        4654.23466572269,
        4526.670683208538,
        4560.432884520456,
        4923.907472839359,
        4624.761325304497,
        4325.670945717012,
        4519.679462794347,
        4489.042631823038,
        4556.672623815648,
        4166.201655251887,
        4718.92278794756,
        4732.513231499683,
        4454.628618192768,
        4573.615669011415,
        4522.7690273220705,
        4497.576973074998,
        4449.17532381134,
        4690.523995441619,
        4330.066021688044,
        4389.977801988102,
        4463.04757728115,
        4515.7972760562525,
        4375.5858018872705,
        4677.876850362063,
        4478.187505611822,
        4578.90914770327,
        4560.182846291557,
        4420.593939699596,
        4553.54846849414
    ],
    "job_list": [],
    "avg_delay_ticket_green_pass": [
        0.028466536666066133,
        0.242763741820811,
        0.04273229375162786,
        0.12466631472749934,
        0.07930060051901443,
        0.024059897849138194,
        0.054927070085950956,
        0.11063100468611363,
        0.05369262459514811,
        0.06203195421849847,
        0.020890822228434365,
        0.07553170616847638,
        0.02016849812127847,
        0.20908230973483707,
        0.044235587181497574,
        0.0027304599301423878,
        0.06722286202336762,
        0.014643281036002848,
        0.05001246058086436,
        0.15127514347507343,
        0.027322318699561032,
        0.057528077991130626,
        0.02206129910608531,
        0.04250401837888935,
        0.08108167175447245,
        0.013166980967038945,
        0.06086835895953498,
        0.15857358271924704,
        0.12909423610108206,
        0.07771154094885928,
        0.11467856670525613,
        0.06306071216468104,
        0.05049392235536209,
        0.025747915174091054,
        0.2775288501621357,
        0.03613500247570477,
        0.08508108775771245,
        0.023468474051634106,
        0.0757371351684894,
        0.10068586242401548,
        0.07080553588590706,
        0.05597443985733519,
        0.047976790310067664,
        0.03661675529490987,
        0.06164652956161468,
        0.08253825102091751,
        0.05086068909705235,
        0.025942315703418227,
        0.03346988919370457,
        0.14583642281882087,
        0.06802420328562106,
        0.015352070806425457,
        0.07201719899104406,
        0.04354228925629042,
        0.1131603596159257,
        0.04628096798218654,
        0.15463231082115855,
        0.025969454337985465,
        0.0697407678148445,
        0.055587132858768616,
        0.04878025853405774,
        0.015865627008939294,
        0.013691682234118745,
        0.023462923265575177
    ],
    "avg_delay_arcades": [
        1.0807127401523047,
        0.7490649147308148,
        1.1137092355428635,
        1.5658671730886982,
        2.0439249846078003,
        1.1948420374946886,
        1.5691631086470947,
        1.1019026784654227,
        1.5285274620362341,
        2.5505051205594027,
        1.0321080466773234,
        1.8119455379114708,
        1.124444558966268,
        0.6699112579791225,
        0.4568529524301452,
        1.5617237479143187,
        1.3812787738845096,
        2.270335278632591,
        1.2067635836988377,
        1.118051322410816,
        0.7670919160361482,
        0.9883107246965401,
        1.179171271532886,
        1.3638733330747357,
        1.4364689790171523,
        1.6853699220651919,
        1.1335450177746242,
        1.7475463704379237,
        1.9170429860356435,
        1.1689768270627248,
        1.660094895214791,
        1.6538681359557574,
        0.7708625174668049,
        1.368941926115832,
        1.2953113287963403,
        0.9869083145668625,
        1.5554578193516677,
        1.714241396941526,
        0.5581219748428354,
        1.5218894326428587,
        2.2898787341513964,
        1.9397858811026258,
        1.5359648807744568,
        1.3223680286942314,
        1.6706334154481288,
        1.0426275841578092,
        0.5937800850857029,
        1.0269531105506893,
        1.2535403980315103,
        1.8335167033991349,
        1.3217914119301197,
        1.0942074616328172,
        1.1862482154510803,
        1.3263556391808937,
        1.7038708003349565,
        2.2543701491943455,
        1.4510159849056865,
        2.245539950887232,
        1.0092673753441141,
        1.1520865587968465,
        1.557053816260775,
        1.949420136072598,
        0.8129342280018736,
        1.9752564516959983
    ],
    "avg_delay_arcades_priority": [
        0.42507764058655995,
        1.1786872546100233,
        1.1615037488766964,
        1.3453918951727175,
        0.8067454158512342,
        1.212292808600385,
        0.5751652060339723,
        0.9674584502957462,
        0.8220185585305047,
        0.7623803378064494,
        0.5160881319848664,
        1.1172144216134545,
        1.738637673279961,
        1.0864826638486091,
        0.6642627398325831,
        1.153606992347482,
        0.9053348713019818,
        1.138955317885914,
        0.305419293540533,
        0.9551273088663761,
        0.5224916693964696,
        1.2090376270075867,
        1.3622611484752578,
        0.3527264665055293,
        1.6951908306832844,
        0.5132654582550853,
        0.985875933733122,
        0.8911571767744981,
        0.6913705559872457,
        1.1570997265782352,
        0.6246380987103908,
        0.5527990283291997,
        1.565364329497811,
        0.5254658829223252,
        0.5243970872797542,
        0.9207027855207455,
        0.1364684603592247,
        0.6650532383722922,
        0.18575789873484871,
        1.1900031581761583,
        0.7999643777838097,
        0.8946004568393298,
        1.051608871975391,
        1.050172842819808,
        0.9993674449749494,
        0.5455897913994984,
        0.751761045323032,
        0.6566962808426368,
        0.9346389983878358,
        1.403715189140712,
        0.510887124533387,
        0.2202828970935355,
        1.083275694048304,
        0.5952736192235447,
        1.125302570379196,
        0.7421906602808223,
        1.2811115015113803,
        0.9129790021716232,
        0.5107023718110959,
        1.5458861932480001,
        0.5789481191267807,
        0.42833415792528357,
        0.644859854987747,
        0.3378328782492149
    ],