{
    "seed": 539458255,
    "n_nodes": 19,
    "lambda": 0.022222222222222223,
    "b": 512,
    "k": 64,
    "income": [
        4112.443467696019,
        4186.867548787373,
        3828.833029007233,
        4020.9700726820665,
        3954.1267924686167,
        3898.8347644632904,
        4132.633554468654,
        3910.6556384131427,
        3843.338187689348,
        4202.242617693109,
        3999.3993547751033,
        4040.350742531367,
        3889.6423234891176,
        3905.718041187265,
        3995.124867277237,
        3923.6803010537847,
        4158.8913974749485,
        4052.5409231917033,
        4076.43346777222,
        3920.255767486225,
        3957.3169071678703,
        4116.936680309843,
        3952.0292359196283,
        4150.431368347953,
        4066.654557425696,
        3998.621997117741,
        3977.3622343761485,
        4076.3933586279772,
        4005.181968592009,
        3867.5173782257984,
        3998.158061229444,
        4006.5882843376326,
        4088.1703415000543,
        4059.0302891393585,
        4050.4413970663527,
        4207.0063411692345,
        4147.546803976148,
        3936.6986624878937,
        3863.2933273372028,
        4041.483033842748,
        4147.45606194514,
        4092.2086265506077,
        4081.2598623786243,
        3918.0888397951994,
        4032.4936768556527,
        3951.193190918461,
        3927.8560712891735,
        3898.6136035148397,
        4179.0953610240385,
        4068.346438680687,
        3937.639567116587,
        4221.145453290241,
        3994.360448555988,
        3878.4356771480516,
        4080.4875798814405,
        4138.813985169933,
        4037.420235437345,
        4027.4113635392882,
        4086.779517393691,
        4107.954741798746,
        3994.146058566013,
        4093.17684148042,
        4062.74090045824,
        3990.514700161998
    ],
    "job_list": [],
    "avg_wait_ticket_green_pass": [
        2.024424919335658,
        2.02022374786182,
        2.0910807865270193,
        1.9858066842921047,
        2.0577417148407013,
        2.060699126572762,
        1.996911710183887,
        1.986254423512573,
        1.9745816472688813,
        2.045820041847519,
        1.9827460671173565,
        2.079895029963952,
        1.9873116014284469,
        2.0255108148800596,
        1.988385027793362,
        2.0568748004278556,
        1.9803180118231956,
        2.0542348900833365,
        2.017530748723861,
        2.0640792786808646,
        1.9206959468243772,
        2.0610664993474583,
        2.0210842186679354,
        2.0107165191003533,
        2.0126210241069495,
        2.083209304925776,
        2.0187031087245195,
        2.0257314027135775,
        2.0230043177038084,
        2.037441334007832,
        1.9931659779114375,
        2.0107386270648404,
        2.079503939198089,
        2.0481267338829467,
        2.0305559180186328,
        2.1002527502510264,
        2.013999268653433,
        2.013350628136616,
        2.0014124845212096,
        2.053268368536655,
        1.9920345942800244,
        2.08222357276917,
        2.0376274767631273,
        2.1358867038381284,
        2.002583630588599,
        2.116578259599289,
        1.9913501616810787,
        1.9681397661783913,
        2.1368478509367455,
        2.0532120475974662,
        2.0475491374852135,
        1.9508450324104163,
        2.0863203363211564,
        1.9842677794034487,
        2.002792289854793,
        1.9669455594288323,
        2.001425758985269,
        2.0507529064585284,
        2.0009222069614325,
        2.0632385390932146,
        1.9563179885667257,
        2.1670880381033317,
        2.011699451443743,
        2.054349282349981
    ],
    "avg_delay_arcades": [
        0.10080755483571632,
        0.07913247652737469,
        0.13138539194075735,
        0.12175676939834812,
        0.05275471695791685,
        0.1258700964507094,
        0.10660176402781273,
        0.11433464995166262,
        0.147288272531554,
        0.0009412978548074567,
        0.14320478955251106,
        0.008468092051301258,
        0.098463884195277,
        0.06050767285868472,
        0.10034531823532639,
        0.07962601924143535,
        0.04590275463639595,
        0.03651386726516903,
        0.03581539852246183,
        0.07053485538671989,
        0.0710102081853976,
        0.08900723902664547,
        0.07230098993413783,
        0.09537561167443276,
        0.037415599594409966,
        0.01178625467516958,
        0.14362200802868066,
        0.1339113541441019,
        0.13420232469394305,
        0.07342412966004618,
        0.0891225133802051,
        0.14196309371180443,
        0.11581878122329693,
        0.08475661828429659,
        0.06936526629827444,
        0.011998769005619893,
        0.10626002313907541,
        0.0933648045901271,
        0.01120908720907619,
        0.027199379257488616,
        0.13060749692224652,
        0.043711436663886015,
        0.0798107287644515,
        0.09621560461641195,
        0.17110436727421452,
        0.0933390419181193,
        0.10037626282679324,
        0.1509281522156123,
        0.10154368430023891,
        0.06349628249895317,
        0.06249194080922817,
        0.12759635389928733,
        0.0,
        0.06448135205477153,
        0.023036563540454358,
        0.05944547294115242,
        0.043467962610017195,
        0.0746380574003302,
        0.020351966740890293,
        0.06294095819093855,
        0.05335407951486186,
        0.08769005944379585,
        0.053889076616311614,
        0.09296191617891211
    ],
    "avg_delay_arcades_priority": [
        0.13736264706073453,
        0.0339324645288766,
        0.1214100358621516,
        0.21168084126752412,
        0.0,
        0.1605431381772151,
        0.02465908146818708,
        0.004641859359670165,
        0.13519124124766058,
        0.0943257986252839,
        0.01740954562662417,
        0.14775205710075648,
        0.06785177628568248,
        0.18212290793179328,
        0.05095727085905172,
        0.15003128981809938,
        0.05648054272243284,
        0.09104885837594025,
        0.0,
        0.03403351210535651,
        0.15472149212473443,
        0.06807435541750716,
        0.11166412662288008,
        0.023334599616555124,
        0.02384147005787457,
        0.14952055102959758,
        0.049030880013522474,
        0.12484283540302571,
        0.12723668544633182,
        0.06532925840949069,
        0.00694509737245665,
        0.0,
        0.019058851031954156,
        0.12226702499731677,
        0.11890689796729614,
        0.0895414946849393,
        0.06474462295998497,
        0.0,
        0.14826535193847998,
        0.08397081276733499,
        0.0,
        0.051815346571835175,
        0.04527336537768913,
        0.07721095254053485,
        0.1511443959155402,
        0.045690263956144214,
        0.0410619972411332,
        0.02689357927415688,
        0.01801819503891776,
        0.0,
        0.11497389936569573,
        0.0,
        0.10124872569321541,
        0.02091333503026123,
        0.22178781760625124,
        0.03422112538471099,
        0.06563436604407526,
        0.1713205859638963,
        0.10692969044045497,
        0.08281979854102568,
        0.0,
        0.0,
        0.08635328383850784,
        0.10475394274703317
    ],